ISO-10303-21;
HEADER;
FILE_DESCRIPTION(('KiCad electronic assembly'),'2;1');
FILE_NAME('LDR_Night_Lamp.step','2026-07-26T19:42:53',('Pcbnew'),(
    'Kicad'),'Open CASCADE STEP processor 7.6','KiCad to STEP converter'
  ,'Unknown');
FILE_SCHEMA(('AUTOMOTIVE_DESIGN { 1 0 10303 214 1 1 1 1 }'));
ENDSEC;
DATA;
#1 = APPLICATION_PROTOCOL_DEFINITION('international standard',
  'automotive_design',2000,#2);
#2 = APPLICATION_CONTEXT(
  'core data for automotive mechanical design processes');
#3 = SHAPE_DEFINITION_REPRESENTATION(#4,#10);
#4 = PRODUCT_DEFINITION_SHAPE('','',#5);
#5 = PRODUCT_DEFINITION('design','',#6,#9);
#6 = PRODUCT_DEFINITION_FORMATION('','',#7);
#7 = PRODUCT('LDR_Night_Lamp 1','LDR_Night_Lamp 1','',(#8));
#8 = PRODUCT_CONTEXT('',#2,'mechanical');
#9 = PRODUCT_DEFINITION_CONTEXT('part definition',#2,'design');
#10 = SHAPE_REPRESENTATION('',(#11,#15,#19,#23,#27,#31,#35,#39),#43);
#11 = AXIS2_PLACEMENT_3D('',#12,#13,#14);
#12 = CARTESIAN_POINT('',(0.,0.,0.));
#13 = DIRECTION('',(0.,0.,1.));
#14 = DIRECTION('',(1.,0.,-0.));
#15 = AXIS2_PLACEMENT_3D('',#16,#17,#18);
#16 = CARTESIAN_POINT('',(175.46,-96.1,1.595));
#17 = DIRECTION('',(0.,0.,1.));
#18 = DIRECTION('',(1.,0.,0.));
#19 = AXIS2_PLACEMENT_3D('',#20,#21,#22);
#20 = CARTESIAN_POINT('',(142.74,-76.88,1.595));
#21 = DIRECTION('',(1.224646799147E-16,1.,1.110223024625E-16));
#22 = DIRECTION('',(-1.,1.224646799147E-16,0.));
#23 = AXIS2_PLACEMENT_3D('',#24,#25,#26);
#24 = CARTESIAN_POINT('',(173.96,-77.22,1.595));
#25 = DIRECTION('',(0.,-0.,1.));
#26 = DIRECTION('',(1.110223024625E-16,1.,0.));
#27 = AXIS2_PLACEMENT_3D('',#28,#29,#30);
#28 = CARTESIAN_POINT('',(175.96,-83.6,1.595));
#29 = DIRECTION('',(0.,0.,1.));
#30 = DIRECTION('',(1.,0.,0.));
#31 = AXIS2_PLACEMENT_3D('',#32,#33,#34);
#32 = CARTESIAN_POINT('',(175.96,-90.6,1.595));
#33 = DIRECTION('',(0.,0.,1.));
#34 = DIRECTION('',(1.,0.,0.));
#35 = AXIS2_PLACEMENT_3D('',#36,#37,#38);
#36 = CARTESIAN_POINT('',(178.01,-77.22,1.595));
#37 = DIRECTION('',(0.,-0.,1.));
#38 = DIRECTION('',(1.110223024625E-16,1.,0.));
#39 = AXIS2_PLACEMENT_3D('',#40,#41,#42);
#40 = CARTESIAN_POINT('',(0.,0.,0.));
#41 = DIRECTION('',(0.,0.,1.));
#42 = DIRECTION('',(1.,0.,-0.));
#43 = ( GEOMETRIC_REPRESENTATION_CONTEXT(3) 
GLOBAL_UNCERTAINTY_ASSIGNED_CONTEXT((#47)) GLOBAL_UNIT_ASSIGNED_CONTEXT(
(#44,#45,#46)) REPRESENTATION_CONTEXT('Context #1',
  '3D Context with UNIT and UNCERTAINTY') );
#44 = ( LENGTH_UNIT() NAMED_UNIT(*) SI_UNIT(.MILLI.,.METRE.) );
#45 = ( NAMED_UNIT(*) PLANE_ANGLE_UNIT() SI_UNIT($,.RADIAN.) );
#46 = ( NAMED_UNIT(*) SI_UNIT($,.STERADIAN.) SOLID_ANGLE_UNIT() );
#47 = UNCERTAINTY_MEASURE_WITH_UNIT(LENGTH_MEASURE(1.E-07),#44,
  'distance_accuracy_value','confusion accuracy');
#48 = PRODUCT_RELATED_PRODUCT_CATEGORY('part',$,(#7));
#49 = SHAPE_DEFINITION_REPRESENTATION(#50,#56);
#50 = PRODUCT_DEFINITION_SHAPE('','',#51);
#51 = PRODUCT_DEFINITION('design','',#52,#55);
#52 = PRODUCT_DEFINITION_FORMATION('','',#53);
#53 = PRODUCT('R_LDR_5.1x4.3mm_P3.4mm_Vertical',
  'R_LDR_5.1x4.3mm_P3.4mm_Vertical','',(#54));
#54 = PRODUCT_CONTEXT('',#2,'mechanical');
#55 = PRODUCT_DEFINITION_CONTEXT('part definition',#2,'design');
#56 = SHAPE_REPRESENTATION('',(#11,#57,#391),#1729);
#57 = MANIFOLD_SOLID_BREP('',#58);
#58 = CLOSED_SHELL('',(#59,#101,#132,#163,#203,#243,#255,#280,#305,#330,
    #355,#364,#373,#382));
#59 = ADVANCED_FACE('',(#60),#96,.T.);
#60 = FACE_BOUND('',#61,.T.);
#61 = EDGE_LOOP('',(#62,#72,#81,#89));
#62 = ORIENTED_EDGE('',*,*,#63,.T.);
#63 = EDGE_CURVE('',#64,#66,#68,.T.);
#64 = VERTEX_POINT('',#65);
#65 = CARTESIAN_POINT('',(0.32886907992,2.15,3.9));
#66 = VERTEX_POINT('',#67);
#67 = CARTESIAN_POINT('',(0.32886907992,2.15,2.4));
#68 = LINE('',#69,#70);
#69 = CARTESIAN_POINT('',(0.32886907992,2.15,3.9));
#70 = VECTOR('',#71,1.);
#71 = DIRECTION('',(-0.,-0.,-1.));
#72 = ORIENTED_EDGE('',*,*,#73,.T.);
#73 = EDGE_CURVE('',#66,#74,#76,.T.);
#74 = VERTEX_POINT('',#75);
#75 = CARTESIAN_POINT('',(0.32886907992,-2.15,2.4));
#76 = CIRCLE('',#77,2.55);
#77 = AXIS2_PLACEMENT_3D('',#78,#79,#80);
#78 = CARTESIAN_POINT('',(1.7,0.,2.4));
#79 = DIRECTION('',(0.,0.,1.));
#80 = DIRECTION('',(1.,0.,-0.));
#81 = ORIENTED_EDGE('',*,*,#82,.F.);
#82 = EDGE_CURVE('',#83,#74,#85,.T.);
#83 = VERTEX_POINT('',#84);
#84 = CARTESIAN_POINT('',(0.32886907992,-2.15,3.9));
#85 = LINE('',#86,#87);
#86 = CARTESIAN_POINT('',(0.32886907992,-2.15,3.9));
#87 = VECTOR('',#88,1.);
#88 = DIRECTION('',(-0.,-0.,-1.));
#89 = ORIENTED_EDGE('',*,*,#90,.F.);
#90 = EDGE_CURVE('',#64,#83,#91,.T.);
#91 = CIRCLE('',#92,2.55);
#92 = AXIS2_PLACEMENT_3D('',#93,#94,#95);
#93 = CARTESIAN_POINT('',(1.7,0.,3.9));
#94 = DIRECTION('',(0.,0.,1.));
#95 = DIRECTION('',(1.,0.,-0.));
#96 = CYLINDRICAL_SURFACE('',#97,2.55);
#97 = AXIS2_PLACEMENT_3D('',#98,#99,#100);
#98 = CARTESIAN_POINT('',(1.7,0.,3.9));
#99 = DIRECTION('',(0.,0.,1.));
#100 = DIRECTION('',(1.,0.,-0.));
#101 = ADVANCED_FACE('',(#102),#127,.F.);
#102 = FACE_BOUND('',#103,.F.);
#103 = EDGE_LOOP('',(#104,#105,#113,#121));
#104 = ORIENTED_EDGE('',*,*,#63,.T.);
#105 = ORIENTED_EDGE('',*,*,#106,.T.);
#106 = EDGE_CURVE('',#66,#107,#109,.T.);
#107 = VERTEX_POINT('',#108);
#108 = CARTESIAN_POINT('',(3.07113092008,2.15,2.4));
#109 = LINE('',#110,#111);
#110 = CARTESIAN_POINT('',(0.32886907992,2.15,2.4));
#111 = VECTOR('',#112,1.);
#112 = DIRECTION('',(1.,0.,0.));
#113 = ORIENTED_EDGE('',*,*,#114,.F.);
#114 = EDGE_CURVE('',#115,#107,#117,.T.);
#115 = VERTEX_POINT('',#116);
#116 = CARTESIAN_POINT('',(3.07113092008,2.15,3.9));
#117 = LINE('',#118,#119);
#118 = CARTESIAN_POINT('',(3.07113092008,2.15,3.9));
#119 = VECTOR('',#120,1.);
#120 = DIRECTION('',(-0.,-0.,-1.));
#121 = ORIENTED_EDGE('',*,*,#122,.F.);
#122 = EDGE_CURVE('',#64,#115,#123,.T.);
#123 = LINE('',#124,#125);
#124 = CARTESIAN_POINT('',(0.32886907992,2.15,3.9));
#125 = VECTOR('',#126,1.);
#126 = DIRECTION('',(1.,0.,0.));
#127 = PLANE('',#128);
#128 = AXIS2_PLACEMENT_3D('',#129,#130,#131);
#129 = CARTESIAN_POINT('',(0.32886907992,2.15,3.9));
#130 = DIRECTION('',(0.,-1.,0.));
#131 = DIRECTION('',(1.,0.,0.));
#132 = ADVANCED_FACE('',(#133),#158,.T.);
#133 = FACE_BOUND('',#134,.T.);
#134 = EDGE_LOOP('',(#135,#136,#144,#152));
#135 = ORIENTED_EDGE('',*,*,#82,.T.);
#136 = ORIENTED_EDGE('',*,*,#137,.T.);
#137 = EDGE_CURVE('',#74,#138,#140,.T.);
#138 = VERTEX_POINT('',#139);
#139 = CARTESIAN_POINT('',(3.07113092008,-2.15,2.4));
#140 = LINE('',#141,#142);
#141 = CARTESIAN_POINT('',(0.32886907992,-2.15,2.4));
#142 = VECTOR('',#143,1.);
#143 = DIRECTION('',(1.,0.,0.));
#144 = ORIENTED_EDGE('',*,*,#145,.F.);
#145 = EDGE_CURVE('',#146,#138,#148,.T.);
#146 = VERTEX_POINT('',#147);
#147 = CARTESIAN_POINT('',(3.07113092008,-2.15,3.9));
#148 = LINE('',#149,#150);
#149 = CARTESIAN_POINT('',(3.07113092008,-2.15,3.9));
#150 = VECTOR('',#151,1.);
#151 = DIRECTION('',(-0.,-0.,-1.));
#152 = ORIENTED_EDGE('',*,*,#153,.F.);
#153 = EDGE_CURVE('',#83,#146,#154,.T.);
#154 = LINE('',#155,#156);
#155 = CARTESIAN_POINT('',(0.32886907992,-2.15,3.9));
#156 = VECTOR('',#157,1.);
#157 = DIRECTION('',(1.,0.,0.));
#158 = PLANE('',#159);
#159 = AXIS2_PLACEMENT_3D('',#160,#161,#162);
#160 = CARTESIAN_POINT('',(0.32886907992,-2.15,3.9));
#161 = DIRECTION('',(0.,-1.,0.));
#162 = DIRECTION('',(1.,0.,0.));
#163 = ADVANCED_FACE('',(#164,#176,#187),#198,.F.);
#164 = FACE_BOUND('',#165,.F.);
#165 = EDGE_LOOP('',(#166,#167,#168,#175));
#166 = ORIENTED_EDGE('',*,*,#90,.F.);
#167 = ORIENTED_EDGE('',*,*,#122,.T.);
#168 = ORIENTED_EDGE('',*,*,#169,.F.);
#169 = EDGE_CURVE('',#146,#115,#170,.T.);
#170 = CIRCLE('',#171,2.55);
#171 = AXIS2_PLACEMENT_3D('',#172,#173,#174);
#172 = CARTESIAN_POINT('',(1.7,0.,3.9));
#173 = DIRECTION('',(0.,0.,1.));
#174 = DIRECTION('',(1.,0.,-0.));
#175 = ORIENTED_EDGE('',*,*,#153,.F.);
#176 = FACE_BOUND('',#177,.F.);
#177 = EDGE_LOOP('',(#178));
#178 = ORIENTED_EDGE('',*,*,#179,.F.);
#179 = EDGE_CURVE('',#180,#180,#182,.T.);
#180 = VERTEX_POINT('',#181);
#181 = CARTESIAN_POINT('',(3.65,0.,3.9));
#182 = CIRCLE('',#183,0.25);
#183 = AXIS2_PLACEMENT_3D('',#184,#185,#186);
#184 = CARTESIAN_POINT('',(3.4,0.,3.9));
#185 = DIRECTION('',(0.,0.,-1.));
#186 = DIRECTION('',(1.,0.,0.));
#187 = FACE_BOUND('',#188,.F.);
#188 = EDGE_LOOP('',(#189));
#189 = ORIENTED_EDGE('',*,*,#190,.F.);
#190 = EDGE_CURVE('',#191,#191,#193,.T.);
#191 = VERTEX_POINT('',#192);
#192 = CARTESIAN_POINT('',(0.25,0.,3.9));
#193 = CIRCLE('',#194,0.25);
#194 = AXIS2_PLACEMENT_3D('',#195,#196,#197);
#195 = CARTESIAN_POINT('',(0.,0.,3.9));
#196 = DIRECTION('',(0.,0.,-1.));
#197 = DIRECTION('',(1.,0.,0.));
#198 = PLANE('',#199);
#199 = AXIS2_PLACEMENT_3D('',#200,#201,#202);
#200 = CARTESIAN_POINT('',(0.32886907992,2.15,3.9));
#201 = DIRECTION('',(0.,0.,-1.));
#202 = DIRECTION('',(-1.,0.,0.));
#203 = ADVANCED_FACE('',(#204,#216,#227),#238,.T.);
#204 = FACE_BOUND('',#205,.T.);
#205 = EDGE_LOOP('',(#206,#207,#208,#215));
#206 = ORIENTED_EDGE('',*,*,#73,.F.);
#207 = ORIENTED_EDGE('',*,*,#106,.T.);
#208 = ORIENTED_EDGE('',*,*,#209,.F.);
#209 = EDGE_CURVE('',#138,#107,#210,.T.);
#210 = CIRCLE('',#211,2.55);
#211 = AXIS2_PLACEMENT_3D('',#212,#213,#214);
#212 = CARTESIAN_POINT('',(1.7,0.,2.4));
#213 = DIRECTION('',(0.,0.,1.));
#214 = DIRECTION('',(1.,0.,-0.));
#215 = ORIENTED_EDGE('',*,*,#137,.F.);
#216 = FACE_BOUND('',#217,.T.);
#217 = EDGE_LOOP('',(#218));
#218 = ORIENTED_EDGE('',*,*,#219,.F.);
#219 = EDGE_CURVE('',#220,#220,#222,.T.);
#220 = VERTEX_POINT('',#221);
#221 = CARTESIAN_POINT('',(3.65,0.,2.4));
#222 = CIRCLE('',#223,0.25);
#223 = AXIS2_PLACEMENT_3D('',#224,#225,#226);
#224 = CARTESIAN_POINT('',(3.4,0.,2.4));
#225 = DIRECTION('',(0.,0.,-1.));
#226 = DIRECTION('',(1.,0.,0.));
#227 = FACE_BOUND('',#228,.T.);
#228 = EDGE_LOOP('',(#229));
#229 = ORIENTED_EDGE('',*,*,#230,.F.);
#230 = EDGE_CURVE('',#231,#231,#233,.T.);
#231 = VERTEX_POINT('',#232);
#232 = CARTESIAN_POINT('',(0.25,0.,2.4));
#233 = CIRCLE('',#234,0.25);
#234 = AXIS2_PLACEMENT_3D('',#235,#236,#237);
#235 = CARTESIAN_POINT('',(0.,0.,2.4));
#236 = DIRECTION('',(0.,0.,-1.));
#237 = DIRECTION('',(1.,0.,0.));
#238 = PLANE('',#239);
#239 = AXIS2_PLACEMENT_3D('',#240,#241,#242);
#240 = CARTESIAN_POINT('',(0.32886907992,2.15,2.4));
#241 = DIRECTION('',(0.,0.,-1.));
#242 = DIRECTION('',(-1.,0.,0.));
#243 = ADVANCED_FACE('',(#244),#250,.T.);
#244 = FACE_BOUND('',#245,.T.);
#245 = EDGE_LOOP('',(#246,#247,#248,#249));
#246 = ORIENTED_EDGE('',*,*,#145,.T.);
#247 = ORIENTED_EDGE('',*,*,#209,.T.);
#248 = ORIENTED_EDGE('',*,*,#114,.F.);
#249 = ORIENTED_EDGE('',*,*,#169,.F.);
#250 = CYLINDRICAL_SURFACE('',#251,2.55);
#251 = AXIS2_PLACEMENT_3D('',#252,#253,#254);
#252 = CARTESIAN_POINT('',(1.7,0.,3.9));
#253 = DIRECTION('',(0.,0.,1.));
#254 = DIRECTION('',(1.,0.,-0.));
#255 = ADVANCED_FACE('',(#256),#275,.T.);
#256 = FACE_BOUND('',#257,.T.);
#257 = EDGE_LOOP('',(#258,#266,#273,#274));
#258 = ORIENTED_EDGE('',*,*,#259,.T.);
#259 = EDGE_CURVE('',#180,#260,#262,.T.);
#260 = VERTEX_POINT('',#261);
#261 = CARTESIAN_POINT('',(3.65,0.,4.));
#262 = LINE('',#263,#264);
#263 = CARTESIAN_POINT('',(3.65,0.,-3.));
#264 = VECTOR('',#265,1.);
#265 = DIRECTION('',(0.,0.,1.));
#266 = ORIENTED_EDGE('',*,*,#267,.F.);
#267 = EDGE_CURVE('',#260,#260,#268,.T.);
#268 = CIRCLE('',#269,0.25);
#269 = AXIS2_PLACEMENT_3D('',#270,#271,#272);
#270 = CARTESIAN_POINT('',(3.4,0.,4.));
#271 = DIRECTION('',(0.,0.,1.));
#272 = DIRECTION('',(1.,0.,-0.));
#273 = ORIENTED_EDGE('',*,*,#259,.F.);
#274 = ORIENTED_EDGE('',*,*,#179,.F.);
#275 = CYLINDRICAL_SURFACE('',#276,0.25);
#276 = AXIS2_PLACEMENT_3D('',#277,#278,#279);
#277 = CARTESIAN_POINT('',(3.4,0.,-3.));
#278 = DIRECTION('',(-0.,-0.,-1.));
#279 = DIRECTION('',(1.,0.,0.));
#280 = ADVANCED_FACE('',(#281),#300,.T.);
#281 = FACE_BOUND('',#282,.T.);
#282 = EDGE_LOOP('',(#283,#291,#298,#299));
#283 = ORIENTED_EDGE('',*,*,#284,.T.);
#284 = EDGE_CURVE('',#191,#285,#287,.T.);
#285 = VERTEX_POINT('',#286);
#286 = CARTESIAN_POINT('',(0.25,0.,4.));
#287 = LINE('',#288,#289);
#288 = CARTESIAN_POINT('',(0.25,0.,-3.));
#289 = VECTOR('',#290,1.);
#290 = DIRECTION('',(0.,0.,1.));
#291 = ORIENTED_EDGE('',*,*,#292,.F.);
#292 = EDGE_CURVE('',#285,#285,#293,.T.);
#293 = CIRCLE('',#294,0.25);
#294 = AXIS2_PLACEMENT_3D('',#295,#296,#297);
#295 = CARTESIAN_POINT('',(0.,0.,4.));
#296 = DIRECTION('',(0.,0.,1.));
#297 = DIRECTION('',(1.,0.,-0.));
#298 = ORIENTED_EDGE('',*,*,#284,.F.);
#299 = ORIENTED_EDGE('',*,*,#190,.F.);
#300 = CYLINDRICAL_SURFACE('',#301,0.25);
#301 = AXIS2_PLACEMENT_3D('',#302,#303,#304);
#302 = CARTESIAN_POINT('',(0.,0.,-3.));
#303 = DIRECTION('',(-0.,-0.,-1.));
#304 = DIRECTION('',(1.,0.,0.));
#305 = ADVANCED_FACE('',(#306),#325,.T.);
#306 = FACE_BOUND('',#307,.T.);
#307 = EDGE_LOOP('',(#308,#316,#317,#318));
#308 = ORIENTED_EDGE('',*,*,#309,.T.);
#309 = EDGE_CURVE('',#310,#220,#312,.T.);
#310 = VERTEX_POINT('',#311);
#311 = CARTESIAN_POINT('',(3.65,0.,-3.));
#312 = LINE('',#313,#314);
#313 = CARTESIAN_POINT('',(3.65,0.,-3.));
#314 = VECTOR('',#315,1.);
#315 = DIRECTION('',(0.,0.,1.));
#316 = ORIENTED_EDGE('',*,*,#219,.T.);
#317 = ORIENTED_EDGE('',*,*,#309,.F.);
#318 = ORIENTED_EDGE('',*,*,#319,.T.);
#319 = EDGE_CURVE('',#310,#310,#320,.T.);
#320 = CIRCLE('',#321,0.25);
#321 = AXIS2_PLACEMENT_3D('',#322,#323,#324);
#322 = CARTESIAN_POINT('',(3.4,0.,-3.));
#323 = DIRECTION('',(0.,0.,1.));
#324 = DIRECTION('',(1.,0.,-0.));
#325 = CYLINDRICAL_SURFACE('',#326,0.25);
#326 = AXIS2_PLACEMENT_3D('',#327,#328,#329);
#327 = CARTESIAN_POINT('',(3.4,0.,-3.));
#328 = DIRECTION('',(-0.,-0.,-1.));
#329 = DIRECTION('',(1.,0.,0.));
#330 = ADVANCED_FACE('',(#331),#350,.T.);
#331 = FACE_BOUND('',#332,.T.);
#332 = EDGE_LOOP('',(#333,#341,#342,#343));
#333 = ORIENTED_EDGE('',*,*,#334,.T.);
#334 = EDGE_CURVE('',#335,#231,#337,.T.);
#335 = VERTEX_POINT('',#336);
#336 = CARTESIAN_POINT('',(0.25,0.,-3.));
#337 = LINE('',#338,#339);
#338 = CARTESIAN_POINT('',(0.25,0.,-3.));
#339 = VECTOR('',#340,1.);
#340 = DIRECTION('',(0.,0.,1.));
#341 = ORIENTED_EDGE('',*,*,#230,.T.);
#342 = ORIENTED_EDGE('',*,*,#334,.F.);
#343 = ORIENTED_EDGE('',*,*,#344,.T.);
#344 = EDGE_CURVE('',#335,#335,#345,.T.);
#345 = CIRCLE('',#346,0.25);
#346 = AXIS2_PLACEMENT_3D('',#347,#348,#349);
#347 = CARTESIAN_POINT('',(0.,0.,-3.));
#348 = DIRECTION('',(0.,0.,1.));
#349 = DIRECTION('',(1.,0.,-0.));
#350 = CYLINDRICAL_SURFACE('',#351,0.25);
#351 = AXIS2_PLACEMENT_3D('',#352,#353,#354);
#352 = CARTESIAN_POINT('',(0.,0.,-3.));
#353 = DIRECTION('',(-0.,-0.,-1.));
#354 = DIRECTION('',(1.,0.,0.));
#355 = ADVANCED_FACE('',(#356),#359,.F.);
#356 = FACE_BOUND('',#357,.T.);
#357 = EDGE_LOOP('',(#358));
#358 = ORIENTED_EDGE('',*,*,#267,.T.);
#359 = PLANE('',#360);
#360 = AXIS2_PLACEMENT_3D('',#361,#362,#363);
#361 = CARTESIAN_POINT('',(3.65,0.,4.));
#362 = DIRECTION('',(0.,0.,-1.));
#363 = DIRECTION('',(-1.,0.,0.));
#364 = ADVANCED_FACE('',(#365),#368,.F.);
#365 = FACE_BOUND('',#366,.T.);
#366 = EDGE_LOOP('',(#367));
#367 = ORIENTED_EDGE('',*,*,#292,.T.);
#368 = PLANE('',#369);
#369 = AXIS2_PLACEMENT_3D('',#370,#371,#372);
#370 = CARTESIAN_POINT('',(0.25,0.,4.));
#371 = DIRECTION('',(0.,0.,-1.));
#372 = DIRECTION('',(-1.,0.,0.));
#373 = ADVANCED_FACE('',(#374),#377,.T.);
#374 = FACE_BOUND('',#375,.F.);
#375 = EDGE_LOOP('',(#376));
#376 = ORIENTED_EDGE('',*,*,#319,.T.);
#377 = PLANE('',#378);
#378 = AXIS2_PLACEMENT_3D('',#379,#380,#381);
#379 = CARTESIAN_POINT('',(3.65,0.,-3.));
#380 = DIRECTION('',(0.,0.,-1.));
#381 = DIRECTION('',(-1.,0.,0.));
#382 = ADVANCED_FACE('',(#383),#386,.T.);
#383 = FACE_BOUND('',#384,.F.);
#384 = EDGE_LOOP('',(#385));
#385 = ORIENTED_EDGE('',*,*,#344,.T.);
#386 = PLANE('',#387);
#387 = AXIS2_PLACEMENT_3D('',#388,#389,#390);
#388 = CARTESIAN_POINT('',(0.25,0.,-3.));
#389 = DIRECTION('',(0.,0.,-1.));
#390 = DIRECTION('',(-1.,0.,0.));
#391 = MANIFOLD_SOLID_BREP('',#392);
#392 = CLOSED_SHELL('',(#393,#433,#464,#495,#526,#557,#588,#619,#650,
    #681,#712,#743,#774,#805,#836,#867,#898,#929,#960,#991,#1022,#1053,
    #1084,#1115,#1146,#1177,#1208,#1239,#1270,#1301,#1332,#1363,#1394,
    #1425,#1456,#1487,#1518,#1549,#1580,#1611,#1633,#1681));
#393 = ADVANCED_FACE('',(#394),#428,.F.);
#394 = FACE_BOUND('',#395,.F.);
#395 = EDGE_LOOP('',(#396,#406,#414,#422));
#396 = ORIENTED_EDGE('',*,*,#397,.T.);
#397 = EDGE_CURVE('',#398,#400,#402,.T.);
#398 = VERTEX_POINT('',#399);
#399 = CARTESIAN_POINT('',(2.89,1.835,3.95));
#400 = VERTEX_POINT('',#401);
#401 = CARTESIAN_POINT('',(2.89,1.835,4.));
#402 = LINE('',#403,#404);
#403 = CARTESIAN_POINT('',(2.89,1.835,3.95));
#404 = VECTOR('',#405,1.);
#405 = DIRECTION('',(0.,0.,1.));
#406 = ORIENTED_EDGE('',*,*,#407,.T.);
#407 = EDGE_CURVE('',#400,#408,#410,.T.);
#408 = VERTEX_POINT('',#409);
#409 = CARTESIAN_POINT('',(2.89,1.935,4.));
#410 = LINE('',#411,#412);
#411 = CARTESIAN_POINT('',(2.89,1.835,4.));
#412 = VECTOR('',#413,1.);
#413 = DIRECTION('',(0.,1.,0.));
#414 = ORIENTED_EDGE('',*,*,#415,.F.);
#415 = EDGE_CURVE('',#416,#408,#418,.T.);
#416 = VERTEX_POINT('',#417);
#417 = CARTESIAN_POINT('',(2.89,1.935,3.95));
#418 = LINE('',#419,#420);
#419 = CARTESIAN_POINT('',(2.89,1.935,3.95));
#420 = VECTOR('',#421,1.);
#421 = DIRECTION('',(0.,0.,1.));
#422 = ORIENTED_EDGE('',*,*,#423,.F.);
#423 = EDGE_CURVE('',#398,#416,#424,.T.);
#424 = LINE('',#425,#426);
#425 = CARTESIAN_POINT('',(2.89,1.835,3.95));
#426 = VECTOR('',#427,1.);
#427 = DIRECTION('',(0.,1.,0.));
#428 = PLANE('',#429);
#429 = AXIS2_PLACEMENT_3D('',#430,#431,#432);
#430 = CARTESIAN_POINT('',(2.89,1.835,3.95));
#431 = DIRECTION('',(-1.,0.,0.));
#432 = DIRECTION('',(0.,1.,0.));
#433 = ADVANCED_FACE('',(#434),#459,.F.);
#434 = FACE_BOUND('',#435,.F.);
#435 = EDGE_LOOP('',(#436,#437,#445,#453));
#436 = ORIENTED_EDGE('',*,*,#415,.T.);
#437 = ORIENTED_EDGE('',*,*,#438,.T.);
#438 = EDGE_CURVE('',#408,#439,#441,.T.);
#439 = VERTEX_POINT('',#440);
#440 = CARTESIAN_POINT('',(0.425,1.935,4.));
#441 = LINE('',#442,#443);
#442 = CARTESIAN_POINT('',(2.89,1.935,4.));
#443 = VECTOR('',#444,1.);
#444 = DIRECTION('',(-1.,0.,0.));
#445 = ORIENTED_EDGE('',*,*,#446,.F.);
#446 = EDGE_CURVE('',#447,#439,#449,.T.);
#447 = VERTEX_POINT('',#448);
#448 = CARTESIAN_POINT('',(0.425,1.935,3.95));
#449 = LINE('',#450,#451);
#450 = CARTESIAN_POINT('',(0.425,1.935,3.95));
#451 = VECTOR('',#452,1.);
#452 = DIRECTION('',(0.,0.,1.));
#453 = ORIENTED_EDGE('',*,*,#454,.F.);
#454 = EDGE_CURVE('',#416,#447,#455,.T.);
#455 = LINE('',#456,#457);
#456 = CARTESIAN_POINT('',(2.89,1.935,3.95));
#457 = VECTOR('',#458,1.);
#458 = DIRECTION('',(-1.,0.,0.));
#459 = PLANE('',#460);
#460 = AXIS2_PLACEMENT_3D('',#461,#462,#463);
#461 = CARTESIAN_POINT('',(2.89,1.935,3.95));
#462 = DIRECTION('',(0.,-1.,0.));
#463 = DIRECTION('',(-1.,0.,0.));
#464 = ADVANCED_FACE('',(#465),#490,.F.);
#465 = FACE_BOUND('',#466,.F.);
#466 = EDGE_LOOP('',(#467,#468,#476,#484));
#467 = ORIENTED_EDGE('',*,*,#446,.T.);
#468 = ORIENTED_EDGE('',*,*,#469,.T.);
#469 = EDGE_CURVE('',#439,#470,#472,.T.);
#470 = VERTEX_POINT('',#471);
#471 = CARTESIAN_POINT('',(0.425,1.835,4.));
#472 = LINE('',#473,#474);
#473 = CARTESIAN_POINT('',(0.425,1.935,4.));
#474 = VECTOR('',#475,1.);
#475 = DIRECTION('',(0.,-1.,0.));
#476 = ORIENTED_EDGE('',*,*,#477,.F.);
#477 = EDGE_CURVE('',#478,#470,#480,.T.);
#478 = VERTEX_POINT('',#479);
#479 = CARTESIAN_POINT('',(0.425,1.835,3.95));
#480 = LINE('',#481,#482);
#481 = CARTESIAN_POINT('',(0.425,1.835,3.95));
#482 = VECTOR('',#483,1.);
#483 = DIRECTION('',(0.,0.,1.));
#484 = ORIENTED_EDGE('',*,*,#485,.F.);
#485 = EDGE_CURVE('',#447,#478,#486,.T.);
#486 = LINE('',#487,#488);
#487 = CARTESIAN_POINT('',(0.425,1.935,3.95));
#488 = VECTOR('',#489,1.);
#489 = DIRECTION('',(0.,-1.,0.));
#490 = PLANE('',#491);
#491 = AXIS2_PLACEMENT_3D('',#492,#493,#494);
#492 = CARTESIAN_POINT('',(0.425,1.935,3.95));
#493 = DIRECTION('',(1.,0.,0.));
#494 = DIRECTION('',(0.,-1.,0.));
#495 = ADVANCED_FACE('',(#496),#521,.F.);
#496 = FACE_BOUND('',#497,.F.);
#497 = EDGE_LOOP('',(#498,#499,#507,#515));
#498 = ORIENTED_EDGE('',*,*,#477,.T.);
#499 = ORIENTED_EDGE('',*,*,#500,.T.);
#500 = EDGE_CURVE('',#470,#501,#503,.T.);
#501 = VERTEX_POINT('',#502);
#502 = CARTESIAN_POINT('',(2.79,1.835,4.));
#503 = LINE('',#504,#505);
#504 = CARTESIAN_POINT('',(0.425,1.835,4.));
#505 = VECTOR('',#506,1.);
#506 = DIRECTION('',(1.,0.,0.));
#507 = ORIENTED_EDGE('',*,*,#508,.F.);
#508 = EDGE_CURVE('',#509,#501,#511,.T.);
#509 = VERTEX_POINT('',#510);
#510 = CARTESIAN_POINT('',(2.79,1.835,3.95));
#511 = LINE('',#512,#513);
#512 = CARTESIAN_POINT('',(2.79,1.835,3.95));
#513 = VECTOR('',#514,1.);
#514 = DIRECTION('',(0.,0.,1.));
#515 = ORIENTED_EDGE('',*,*,#516,.F.);
#516 = EDGE_CURVE('',#478,#509,#517,.T.);
#517 = LINE('',#518,#519);
#518 = CARTESIAN_POINT('',(0.425,1.835,3.95));
#519 = VECTOR('',#520,1.);
#520 = DIRECTION('',(1.,0.,0.));
#521 = PLANE('',#522);
#522 = AXIS2_PLACEMENT_3D('',#523,#524,#525);
#523 = CARTESIAN_POINT('',(0.425,1.835,3.95));
#524 = DIRECTION('',(0.,1.,0.));
#525 = DIRECTION('',(1.,0.,0.));
#526 = ADVANCED_FACE('',(#527),#552,.T.);
#527 = FACE_BOUND('',#528,.T.);
#528 = EDGE_LOOP('',(#529,#539,#545,#546));
#529 = ORIENTED_EDGE('',*,*,#530,.T.);
#530 = EDGE_CURVE('',#531,#533,#535,.T.);
#531 = VERTEX_POINT('',#532);
#532 = CARTESIAN_POINT('',(2.79,1.306666666667,3.95));
#533 = VERTEX_POINT('',#534);
#534 = CARTESIAN_POINT('',(2.79,1.306666666667,4.));
#535 = LINE('',#536,#537);
#536 = CARTESIAN_POINT('',(2.79,1.306666666667,3.95));
#537 = VECTOR('',#538,1.);
#538 = DIRECTION('',(0.,0.,1.));
#539 = ORIENTED_EDGE('',*,*,#540,.T.);
#540 = EDGE_CURVE('',#533,#501,#541,.T.);
#541 = LINE('',#542,#543);
#542 = CARTESIAN_POINT('',(2.79,1.306666666667,4.));
#543 = VECTOR('',#544,1.);
#544 = DIRECTION('',(0.,1.,0.));
#545 = ORIENTED_EDGE('',*,*,#508,.F.);
#546 = ORIENTED_EDGE('',*,*,#547,.F.);
#547 = EDGE_CURVE('',#531,#509,#548,.T.);
#548 = LINE('',#549,#550);
#549 = CARTESIAN_POINT('',(2.79,1.306666666667,3.95));
#550 = VECTOR('',#551,1.);
#551 = DIRECTION('',(0.,1.,0.));
#552 = PLANE('',#553);
#553 = AXIS2_PLACEMENT_3D('',#554,#555,#556);
#554 = CARTESIAN_POINT('',(2.79,1.306666666667,3.95));
#555 = DIRECTION('',(-1.,0.,0.));
#556 = DIRECTION('',(0.,1.,0.));
#557 = ADVANCED_FACE('',(#558),#583,.F.);
#558 = FACE_BOUND('',#559,.F.);
#559 = EDGE_LOOP('',(#560,#561,#569,#577));
#560 = ORIENTED_EDGE('',*,*,#530,.T.);
#561 = ORIENTED_EDGE('',*,*,#562,.T.);
#562 = EDGE_CURVE('',#533,#563,#565,.T.);
#563 = VERTEX_POINT('',#564);
#564 = CARTESIAN_POINT('',(0.991666666667,1.306666666667,4.));
#565 = LINE('',#566,#567);
#566 = CARTESIAN_POINT('',(2.79,1.306666666667,4.));
#567 = VECTOR('',#568,1.);
#568 = DIRECTION('',(-1.,0.,0.));
#569 = ORIENTED_EDGE('',*,*,#570,.F.);
#570 = EDGE_CURVE('',#571,#563,#573,.T.);
#571 = VERTEX_POINT('',#572);
#572 = CARTESIAN_POINT('',(0.991666666667,1.306666666667,3.95));
#573 = LINE('',#574,#575);
#574 = CARTESIAN_POINT('',(0.991666666667,1.306666666667,3.95));
#575 = VECTOR('',#576,1.);
#576 = DIRECTION('',(0.,0.,1.));
#577 = ORIENTED_EDGE('',*,*,#578,.F.);
#578 = EDGE_CURVE('',#531,#571,#579,.T.);
#579 = LINE('',#580,#581);
#580 = CARTESIAN_POINT('',(2.79,1.306666666667,3.95));
#581 = VECTOR('',#582,1.);
#582 = DIRECTION('',(-1.,0.,0.));
#583 = PLANE('',#584);
#584 = AXIS2_PLACEMENT_3D('',#585,#586,#587);
#585 = CARTESIAN_POINT('',(2.79,1.306666666667,3.95));
#586 = DIRECTION('',(0.,-1.,0.));
#587 = DIRECTION('',(-1.,0.,0.));
#588 = ADVANCED_FACE('',(#589),#614,.F.);
#589 = FACE_BOUND('',#590,.F.);
#590 = EDGE_LOOP('',(#591,#592,#600,#608));
#591 = ORIENTED_EDGE('',*,*,#570,.T.);
#592 = ORIENTED_EDGE('',*,*,#593,.T.);
#593 = EDGE_CURVE('',#563,#594,#596,.T.);
#594 = VERTEX_POINT('',#595);
#595 = CARTESIAN_POINT('',(0.991666666667,1.206666666667,4.));
#596 = LINE('',#597,#598);
#597 = CARTESIAN_POINT('',(0.991666666667,1.306666666667,4.));
#598 = VECTOR('',#599,1.);
#599 = DIRECTION('',(0.,-1.,0.));
#600 = ORIENTED_EDGE('',*,*,#601,.F.);
#601 = EDGE_CURVE('',#602,#594,#604,.T.);
#602 = VERTEX_POINT('',#603);
#603 = CARTESIAN_POINT('',(0.991666666667,1.206666666667,3.95));
#604 = LINE('',#605,#606);
#605 = CARTESIAN_POINT('',(0.991666666667,1.206666666667,3.95));
#606 = VECTOR('',#607,1.);
#607 = DIRECTION('',(0.,0.,1.));
#608 = ORIENTED_EDGE('',*,*,#609,.F.);
#609 = EDGE_CURVE('',#571,#602,#610,.T.);
#610 = LINE('',#611,#612);
#611 = CARTESIAN_POINT('',(0.991666666667,1.306666666667,3.95));
#612 = VECTOR('',#613,1.);
#613 = DIRECTION('',(0.,-1.,0.));
#614 = PLANE('',#615);
#615 = AXIS2_PLACEMENT_3D('',#616,#617,#618);
#616 = CARTESIAN_POINT('',(0.991666666667,1.306666666667,3.95));
#617 = DIRECTION('',(1.,0.,0.));
#618 = DIRECTION('',(0.,-1.,0.));
#619 = ADVANCED_FACE('',(#620),#645,.F.);
#620 = FACE_BOUND('',#621,.F.);
#621 = EDGE_LOOP('',(#622,#623,#631,#639));
#622 = ORIENTED_EDGE('',*,*,#601,.T.);
#623 = ORIENTED_EDGE('',*,*,#624,.T.);
#624 = EDGE_CURVE('',#594,#625,#627,.T.);
#625 = VERTEX_POINT('',#626);
#626 = CARTESIAN_POINT('',(0.991666666667,0.578333333333,4.));
#627 = LINE('',#628,#629);
#628 = CARTESIAN_POINT('',(0.991666666667,1.206666666667,4.));
#629 = VECTOR('',#630,1.);
#630 = DIRECTION('',(0.,-1.,0.));
#631 = ORIENTED_EDGE('',*,*,#632,.F.);
#632 = EDGE_CURVE('',#633,#625,#635,.T.);
#633 = VERTEX_POINT('',#634);
#634 = CARTESIAN_POINT('',(0.991666666667,0.578333333333,3.95));
#635 = LINE('',#636,#637);
#636 = CARTESIAN_POINT('',(0.991666666667,0.578333333333,3.95));
#637 = VECTOR('',#638,1.);
#638 = DIRECTION('',(0.,0.,1.));
#639 = ORIENTED_EDGE('',*,*,#640,.F.);
#640 = EDGE_CURVE('',#602,#633,#641,.T.);
#641 = LINE('',#642,#643);
#642 = CARTESIAN_POINT('',(0.991666666667,1.206666666667,3.95));
#643 = VECTOR('',#644,1.);
#644 = DIRECTION('',(0.,-1.,0.));
#645 = PLANE('',#646);
#646 = AXIS2_PLACEMENT_3D('',#647,#648,#649);
#647 = CARTESIAN_POINT('',(0.991666666667,1.206666666667,3.95));
#648 = DIRECTION('',(1.,0.,0.));
#649 = DIRECTION('',(0.,-1.,0.));
#650 = ADVANCED_FACE('',(#651),#676,.F.);
#651 = FACE_BOUND('',#652,.F.);
#652 = EDGE_LOOP('',(#653,#654,#662,#670));
#653 = ORIENTED_EDGE('',*,*,#632,.T.);
#654 = ORIENTED_EDGE('',*,*,#655,.T.);
#655 = EDGE_CURVE('',#625,#656,#658,.T.);
#656 = VERTEX_POINT('',#657);
#657 = CARTESIAN_POINT('',(1.091666666667,0.578333333333,4.));
#658 = LINE('',#659,#660);
#659 = CARTESIAN_POINT('',(0.991666666667,0.578333333333,4.));
#660 = VECTOR('',#661,1.);
#661 = DIRECTION('',(1.,0.,0.));
#662 = ORIENTED_EDGE('',*,*,#663,.F.);
#663 = EDGE_CURVE('',#664,#656,#666,.T.);
#664 = VERTEX_POINT('',#665);
#665 = CARTESIAN_POINT('',(1.091666666667,0.578333333333,3.95));
#666 = LINE('',#667,#668);
#667 = CARTESIAN_POINT('',(1.091666666667,0.578333333333,3.95));
#668 = VECTOR('',#669,1.);
#669 = DIRECTION('',(0.,0.,1.));
#670 = ORIENTED_EDGE('',*,*,#671,.F.);
#671 = EDGE_CURVE('',#633,#664,#672,.T.);
#672 = LINE('',#673,#674);
#673 = CARTESIAN_POINT('',(0.991666666667,0.578333333333,3.95));
#674 = VECTOR('',#675,1.);
#675 = DIRECTION('',(1.,0.,0.));
#676 = PLANE('',#677);
#677 = AXIS2_PLACEMENT_3D('',#678,#679,#680);
#678 = CARTESIAN_POINT('',(0.991666666667,0.578333333333,3.95));
#679 = DIRECTION('',(0.,1.,0.));
#680 = DIRECTION('',(1.,0.,0.));
#681 = ADVANCED_FACE('',(#682),#707,.T.);
#682 = FACE_BOUND('',#683,.T.);
#683 = EDGE_LOOP('',(#684,#694,#700,#701));
#684 = ORIENTED_EDGE('',*,*,#685,.T.);
#685 = EDGE_CURVE('',#686,#688,#690,.T.);
#686 = VERTEX_POINT('',#687);
#687 = CARTESIAN_POINT('',(2.308333333333,0.578333333333,3.95));
#688 = VERTEX_POINT('',#689);
#689 = CARTESIAN_POINT('',(2.308333333333,0.578333333333,4.));
#690 = LINE('',#691,#692);
#691 = CARTESIAN_POINT('',(2.308333333333,0.578333333333,3.95));
#692 = VECTOR('',#693,1.);
#693 = DIRECTION('',(0.,0.,1.));
#694 = ORIENTED_EDGE('',*,*,#695,.T.);
#695 = EDGE_CURVE('',#688,#656,#696,.T.);
#696 = LINE('',#697,#698);
#697 = CARTESIAN_POINT('',(2.308333333333,0.578333333333,4.));
#698 = VECTOR('',#699,1.);
#699 = DIRECTION('',(-1.,0.,0.));
#700 = ORIENTED_EDGE('',*,*,#663,.F.);
#701 = ORIENTED_EDGE('',*,*,#702,.F.);
#702 = EDGE_CURVE('',#686,#664,#703,.T.);
#703 = LINE('',#704,#705);
#704 = CARTESIAN_POINT('',(2.308333333333,0.578333333333,3.95));
#705 = VECTOR('',#706,1.);
#706 = DIRECTION('',(-1.,0.,0.));
#707 = PLANE('',#708);
#708 = AXIS2_PLACEMENT_3D('',#709,#710,#711);
#709 = CARTESIAN_POINT('',(2.308333333333,0.578333333333,3.95));
#710 = DIRECTION('',(0.,-1.,0.));
#711 = DIRECTION('',(-1.,0.,0.));
#712 = ADVANCED_FACE('',(#713),#738,.F.);
#713 = FACE_BOUND('',#714,.F.);
#714 = EDGE_LOOP('',(#715,#716,#724,#732));
#715 = ORIENTED_EDGE('',*,*,#685,.T.);
#716 = ORIENTED_EDGE('',*,*,#717,.T.);
#717 = EDGE_CURVE('',#688,#718,#720,.T.);
#718 = VERTEX_POINT('',#719);
#719 = CARTESIAN_POINT('',(2.308333333333,5.E-02,4.));
#720 = LINE('',#721,#722);
#721 = CARTESIAN_POINT('',(2.308333333333,0.578333333333,4.));
#722 = VECTOR('',#723,1.);
#723 = DIRECTION('',(0.,-1.,0.));
#724 = ORIENTED_EDGE('',*,*,#725,.F.);
#725 = EDGE_CURVE('',#726,#718,#728,.T.);
#726 = VERTEX_POINT('',#727);
#727 = CARTESIAN_POINT('',(2.308333333333,5.E-02,3.95));
#728 = LINE('',#729,#730);
#729 = CARTESIAN_POINT('',(2.308333333333,5.E-02,3.95));
#730 = VECTOR('',#731,1.);
#731 = DIRECTION('',(0.,0.,1.));
#732 = ORIENTED_EDGE('',*,*,#733,.F.);
#733 = EDGE_CURVE('',#686,#726,#734,.T.);
#734 = LINE('',#735,#736);
#735 = CARTESIAN_POINT('',(2.308333333333,0.578333333333,3.95));
#736 = VECTOR('',#737,1.);
#737 = DIRECTION('',(0.,-1.,0.));
#738 = PLANE('',#739);
#739 = AXIS2_PLACEMENT_3D('',#740,#741,#742);
#740 = CARTESIAN_POINT('',(2.308333333333,0.578333333333,3.95));
#741 = DIRECTION('',(1.,0.,0.));
#742 = DIRECTION('',(0.,-1.,0.));
#743 = ADVANCED_FACE('',(#744),#769,.F.);
#744 = FACE_BOUND('',#745,.F.);
#745 = EDGE_LOOP('',(#746,#747,#755,#763));
#746 = ORIENTED_EDGE('',*,*,#725,.T.);
#747 = ORIENTED_EDGE('',*,*,#748,.T.);
#748 = EDGE_CURVE('',#718,#749,#751,.T.);
#749 = VERTEX_POINT('',#750);
#750 = CARTESIAN_POINT('',(0.991666666667,5.E-02,4.));
#751 = LINE('',#752,#753);
#752 = CARTESIAN_POINT('',(2.308333333333,5.E-02,4.));
#753 = VECTOR('',#754,1.);
#754 = DIRECTION('',(-1.,0.,0.));
#755 = ORIENTED_EDGE('',*,*,#756,.F.);
#756 = EDGE_CURVE('',#757,#749,#759,.T.);
#757 = VERTEX_POINT('',#758);
#758 = CARTESIAN_POINT('',(0.991666666667,5.E-02,3.95));
#759 = LINE('',#760,#761);
#760 = CARTESIAN_POINT('',(0.991666666667,5.E-02,3.95));
#761 = VECTOR('',#762,1.);
#762 = DIRECTION('',(0.,0.,1.));
#763 = ORIENTED_EDGE('',*,*,#764,.F.);
#764 = EDGE_CURVE('',#726,#757,#765,.T.);
#765 = LINE('',#766,#767);
#766 = CARTESIAN_POINT('',(2.308333333333,5.E-02,3.95));
#767 = VECTOR('',#768,1.);
#768 = DIRECTION('',(-1.,0.,0.));
#769 = PLANE('',#770);
#770 = AXIS2_PLACEMENT_3D('',#771,#772,#773);
#771 = CARTESIAN_POINT('',(2.308333333333,5.E-02,3.95));
#772 = DIRECTION('',(0.,-1.,0.));
#773 = DIRECTION('',(-1.,0.,0.));
#774 = ADVANCED_FACE('',(#775),#800,.F.);
#775 = FACE_BOUND('',#776,.F.);
#776 = EDGE_LOOP('',(#777,#778,#786,#794));
#777 = ORIENTED_EDGE('',*,*,#756,.T.);
#778 = ORIENTED_EDGE('',*,*,#779,.T.);
#779 = EDGE_CURVE('',#749,#780,#782,.T.);
#780 = VERTEX_POINT('',#781);
#781 = CARTESIAN_POINT('',(0.991666666667,-5.E-02,4.));
#782 = LINE('',#783,#784);
#783 = CARTESIAN_POINT('',(0.991666666667,5.E-02,4.));
#784 = VECTOR('',#785,1.);
#785 = DIRECTION('',(0.,-1.,0.));
#786 = ORIENTED_EDGE('',*,*,#787,.F.);
#787 = EDGE_CURVE('',#788,#780,#790,.T.);
#788 = VERTEX_POINT('',#789);
#789 = CARTESIAN_POINT('',(0.991666666667,-5.E-02,3.95));
#790 = LINE('',#791,#792);
#791 = CARTESIAN_POINT('',(0.991666666667,-5.E-02,3.95));
#792 = VECTOR('',#793,1.);
#793 = DIRECTION('',(0.,0.,1.));
#794 = ORIENTED_EDGE('',*,*,#795,.F.);
#795 = EDGE_CURVE('',#757,#788,#796,.T.);
#796 = LINE('',#797,#798);
#797 = CARTESIAN_POINT('',(0.991666666667,5.E-02,3.95));
#798 = VECTOR('',#799,1.);
#799 = DIRECTION('',(0.,-1.,0.));
#800 = PLANE('',#801);
#801 = AXIS2_PLACEMENT_3D('',#802,#803,#804);
#802 = CARTESIAN_POINT('',(0.991666666667,5.E-02,3.95));
#803 = DIRECTION('',(1.,0.,0.));
#804 = DIRECTION('',(0.,-1.,0.));
#805 = ADVANCED_FACE('',(#806),#831,.F.);
#806 = FACE_BOUND('',#807,.F.);
#807 = EDGE_LOOP('',(#808,#809,#817,#825));
#808 = ORIENTED_EDGE('',*,*,#787,.T.);
#809 = ORIENTED_EDGE('',*,*,#810,.T.);
#810 = EDGE_CURVE('',#780,#811,#813,.T.);
#811 = VERTEX_POINT('',#812);
#812 = CARTESIAN_POINT('',(0.991666666667,-0.678333333333,4.));
#813 = LINE('',#814,#815);
#814 = CARTESIAN_POINT('',(0.991666666667,-5.E-02,4.));
#815 = VECTOR('',#816,1.);
#816 = DIRECTION('',(0.,-1.,0.));
#817 = ORIENTED_EDGE('',*,*,#818,.F.);
#818 = EDGE_CURVE('',#819,#811,#821,.T.);
#819 = VERTEX_POINT('',#820);
#820 = CARTESIAN_POINT('',(0.991666666667,-0.678333333333,3.95));
#821 = LINE('',#822,#823);
#822 = CARTESIAN_POINT('',(0.991666666667,-0.678333333333,3.95));
#823 = VECTOR('',#824,1.);
#824 = DIRECTION('',(0.,0.,1.));
#825 = ORIENTED_EDGE('',*,*,#826,.F.);
#826 = EDGE_CURVE('',#788,#819,#827,.T.);
#827 = LINE('',#828,#829);
#828 = CARTESIAN_POINT('',(0.991666666667,-5.E-02,3.95));
#829 = VECTOR('',#830,1.);
#830 = DIRECTION('',(0.,-1.,0.));
#831 = PLANE('',#832);
#832 = AXIS2_PLACEMENT_3D('',#833,#834,#835);
#833 = CARTESIAN_POINT('',(0.991666666667,-5.E-02,3.95));
#834 = DIRECTION('',(1.,0.,0.));
#835 = DIRECTION('',(0.,-1.,0.));
#836 = ADVANCED_FACE('',(#837),#862,.F.);
#837 = FACE_BOUND('',#838,.F.);
#838 = EDGE_LOOP('',(#839,#840,#848,#856));
#839 = ORIENTED_EDGE('',*,*,#818,.T.);
#840 = ORIENTED_EDGE('',*,*,#841,.T.);
#841 = EDGE_CURVE('',#811,#842,#844,.T.);
#842 = VERTEX_POINT('',#843);
#843 = CARTESIAN_POINT('',(1.091666666667,-0.678333333333,4.));
#844 = LINE('',#845,#846);
#845 = CARTESIAN_POINT('',(0.991666666667,-0.678333333333,4.));
#846 = VECTOR('',#847,1.);
#847 = DIRECTION('',(1.,0.,0.));
#848 = ORIENTED_EDGE('',*,*,#849,.F.);
#849 = EDGE_CURVE('',#850,#842,#852,.T.);
#850 = VERTEX_POINT('',#851);
#851 = CARTESIAN_POINT('',(1.091666666667,-0.678333333333,3.95));
#852 = LINE('',#853,#854);
#853 = CARTESIAN_POINT('',(1.091666666667,-0.678333333333,3.95));
#854 = VECTOR('',#855,1.);
#855 = DIRECTION('',(0.,0.,1.));
#856 = ORIENTED_EDGE('',*,*,#857,.F.);
#857 = EDGE_CURVE('',#819,#850,#858,.T.);
#858 = LINE('',#859,#860);
#859 = CARTESIAN_POINT('',(0.991666666667,-0.678333333333,3.95));
#860 = VECTOR('',#861,1.);
#861 = DIRECTION('',(1.,0.,0.));
#862 = PLANE('',#863);
#863 = AXIS2_PLACEMENT_3D('',#864,#865,#866);
#864 = CARTESIAN_POINT('',(0.991666666667,-0.678333333333,3.95));
#865 = DIRECTION('',(0.,1.,0.));
#866 = DIRECTION('',(1.,0.,0.));
#867 = ADVANCED_FACE('',(#868),#893,.T.);
#868 = FACE_BOUND('',#869,.T.);
#869 = EDGE_LOOP('',(#870,#880,#886,#887));
#870 = ORIENTED_EDGE('',*,*,#871,.T.);
#871 = EDGE_CURVE('',#872,#874,#876,.T.);
#872 = VERTEX_POINT('',#873);
#873 = CARTESIAN_POINT('',(2.308333333333,-0.678333333333,3.95));
#874 = VERTEX_POINT('',#875);
#875 = CARTESIAN_POINT('',(2.308333333333,-0.678333333333,4.));
#876 = LINE('',#877,#878);
#877 = CARTESIAN_POINT('',(2.308333333333,-0.678333333333,3.95));
#878 = VECTOR('',#879,1.);
#879 = DIRECTION('',(0.,0.,1.));
#880 = ORIENTED_EDGE('',*,*,#881,.T.);
#881 = EDGE_CURVE('',#874,#842,#882,.T.);
#882 = LINE('',#883,#884);
#883 = CARTESIAN_POINT('',(2.308333333333,-0.678333333333,4.));
#884 = VECTOR('',#885,1.);
#885 = DIRECTION('',(-1.,0.,0.));
#886 = ORIENTED_EDGE('',*,*,#849,.F.);
#887 = ORIENTED_EDGE('',*,*,#888,.F.);
#888 = EDGE_CURVE('',#872,#850,#889,.T.);
#889 = LINE('',#890,#891);
#890 = CARTESIAN_POINT('',(2.308333333333,-0.678333333333,3.95));
#891 = VECTOR('',#892,1.);
#892 = DIRECTION('',(-1.,0.,0.));
#893 = PLANE('',#894);
#894 = AXIS2_PLACEMENT_3D('',#895,#896,#897);
#895 = CARTESIAN_POINT('',(2.308333333333,-0.678333333333,3.95));
#896 = DIRECTION('',(0.,-1.,0.));
#897 = DIRECTION('',(-1.,0.,0.));
#898 = ADVANCED_FACE('',(#899),#924,.T.);
#899 = FACE_BOUND('',#900,.T.);
#900 = EDGE_LOOP('',(#901,#911,#917,#918));
#901 = ORIENTED_EDGE('',*,*,#902,.T.);
#902 = EDGE_CURVE('',#903,#905,#907,.T.);
#903 = VERTEX_POINT('',#904);
#904 = CARTESIAN_POINT('',(2.308333333333,-1.206666666667,3.95));
#905 = VERTEX_POINT('',#906);
#906 = CARTESIAN_POINT('',(2.308333333333,-1.206666666667,4.));
#907 = LINE('',#908,#909);
#908 = CARTESIAN_POINT('',(2.308333333333,-1.206666666667,3.95));
#909 = VECTOR('',#910,1.);
#910 = DIRECTION('',(0.,0.,1.));
#911 = ORIENTED_EDGE('',*,*,#912,.T.);
#912 = EDGE_CURVE('',#905,#874,#913,.T.);
#913 = LINE('',#914,#915);
#914 = CARTESIAN_POINT('',(2.308333333333,-1.206666666667,4.));
#915 = VECTOR('',#916,1.);
#916 = DIRECTION('',(0.,1.,0.));
#917 = ORIENTED_EDGE('',*,*,#871,.F.);
#918 = ORIENTED_EDGE('',*,*,#919,.F.);
#919 = EDGE_CURVE('',#903,#872,#920,.T.);
#920 = LINE('',#921,#922);
#921 = CARTESIAN_POINT('',(2.308333333333,-1.206666666667,3.95));
#922 = VECTOR('',#923,1.);
#923 = DIRECTION('',(0.,1.,0.));
#924 = PLANE('',#925);
#925 = AXIS2_PLACEMENT_3D('',#926,#927,#928);
#926 = CARTESIAN_POINT('',(2.308333333333,-1.206666666667,3.95));
#927 = DIRECTION('',(-1.,0.,0.));
#928 = DIRECTION('',(0.,1.,0.));
#929 = ADVANCED_FACE('',(#930),#955,.F.);
#930 = FACE_BOUND('',#931,.F.);
#931 = EDGE_LOOP('',(#932,#933,#941,#949));
#932 = ORIENTED_EDGE('',*,*,#902,.T.);
#933 = ORIENTED_EDGE('',*,*,#934,.T.);
#934 = EDGE_CURVE('',#905,#935,#937,.T.);
#935 = VERTEX_POINT('',#936);
#936 = CARTESIAN_POINT('',(0.51,-1.206666666667,4.));
#937 = LINE('',#938,#939);
#938 = CARTESIAN_POINT('',(2.308333333333,-1.206666666667,4.));
#939 = VECTOR('',#940,1.);
#940 = DIRECTION('',(-1.,0.,0.));
#941 = ORIENTED_EDGE('',*,*,#942,.F.);
#942 = EDGE_CURVE('',#943,#935,#945,.T.);
#943 = VERTEX_POINT('',#944);
#944 = CARTESIAN_POINT('',(0.51,-1.206666666667,3.95));
#945 = LINE('',#946,#947);
#946 = CARTESIAN_POINT('',(0.51,-1.206666666667,3.95));
#947 = VECTOR('',#948,1.);
#948 = DIRECTION('',(0.,0.,1.));
#949 = ORIENTED_EDGE('',*,*,#950,.F.);
#950 = EDGE_CURVE('',#903,#943,#951,.T.);
#951 = LINE('',#952,#953);
#952 = CARTESIAN_POINT('',(2.308333333333,-1.206666666667,3.95));
#953 = VECTOR('',#954,1.);
#954 = DIRECTION('',(-1.,0.,0.));
#955 = PLANE('',#956);
#956 = AXIS2_PLACEMENT_3D('',#957,#958,#959);
#957 = CARTESIAN_POINT('',(2.308333333333,-1.206666666667,3.95));
#958 = DIRECTION('',(0.,-1.,0.));
#959 = DIRECTION('',(-1.,0.,0.));
#960 = ADVANCED_FACE('',(#961),#986,.F.);
#961 = FACE_BOUND('',#962,.F.);
#962 = EDGE_LOOP('',(#963,#964,#972,#980));
#963 = ORIENTED_EDGE('',*,*,#942,.T.);
#964 = ORIENTED_EDGE('',*,*,#965,.T.);
#965 = EDGE_CURVE('',#935,#966,#968,.T.);
#966 = VERTEX_POINT('',#967);
#967 = CARTESIAN_POINT('',(0.51,-1.306666666667,4.));
#968 = LINE('',#969,#970);
#969 = CARTESIAN_POINT('',(0.51,-1.206666666667,4.));
#970 = VECTOR('',#971,1.);
#971 = DIRECTION('',(0.,-1.,0.));
#972 = ORIENTED_EDGE('',*,*,#973,.F.);
#973 = EDGE_CURVE('',#974,#966,#976,.T.);
#974 = VERTEX_POINT('',#975);
#975 = CARTESIAN_POINT('',(0.51,-1.306666666667,3.95));
#976 = LINE('',#977,#978);
#977 = CARTESIAN_POINT('',(0.51,-1.306666666667,3.95));
#978 = VECTOR('',#979,1.);
#979 = DIRECTION('',(0.,0.,1.));
#980 = ORIENTED_EDGE('',*,*,#981,.F.);
#981 = EDGE_CURVE('',#943,#974,#982,.T.);
#982 = LINE('',#983,#984);
#983 = CARTESIAN_POINT('',(0.51,-1.206666666667,3.95));
#984 = VECTOR('',#985,1.);
#985 = DIRECTION('',(0.,-1.,0.));
#986 = PLANE('',#987);
#987 = AXIS2_PLACEMENT_3D('',#988,#989,#990);
#988 = CARTESIAN_POINT('',(0.51,-1.206666666667,3.95));
#989 = DIRECTION('',(1.,0.,0.));
#990 = DIRECTION('',(0.,-1.,0.));
#991 = ADVANCED_FACE('',(#992),#1017,.F.);
#992 = FACE_BOUND('',#993,.F.);
#993 = EDGE_LOOP('',(#994,#995,#1003,#1011));
#994 = ORIENTED_EDGE('',*,*,#973,.T.);
#995 = ORIENTED_EDGE('',*,*,#996,.T.);
#996 = EDGE_CURVE('',#966,#997,#999,.T.);
#997 = VERTEX_POINT('',#998);
#998 = CARTESIAN_POINT('',(0.51,-1.935,4.));
#999 = LINE('',#1000,#1001);
#1000 = CARTESIAN_POINT('',(0.51,-1.306666666667,4.));
#1001 = VECTOR('',#1002,1.);
#1002 = DIRECTION('',(0.,-1.,0.));
#1003 = ORIENTED_EDGE('',*,*,#1004,.F.);
#1004 = EDGE_CURVE('',#1005,#997,#1007,.T.);
#1005 = VERTEX_POINT('',#1006);
#1006 = CARTESIAN_POINT('',(0.51,-1.935,3.95));
#1007 = LINE('',#1008,#1009);
#1008 = CARTESIAN_POINT('',(0.51,-1.935,3.95));
#1009 = VECTOR('',#1010,1.);
#1010 = DIRECTION('',(0.,0.,1.));
#1011 = ORIENTED_EDGE('',*,*,#1012,.F.);
#1012 = EDGE_CURVE('',#974,#1005,#1013,.T.);
#1013 = LINE('',#1014,#1015);
#1014 = CARTESIAN_POINT('',(0.51,-1.306666666667,3.95));
#1015 = VECTOR('',#1016,1.);
#1016 = DIRECTION('',(0.,-1.,0.));
#1017 = PLANE('',#1018);
#1018 = AXIS2_PLACEMENT_3D('',#1019,#1020,#1021);
#1019 = CARTESIAN_POINT('',(0.51,-1.306666666667,3.95));
#1020 = DIRECTION('',(1.,0.,0.));
#1021 = DIRECTION('',(0.,-1.,0.));
#1022 = ADVANCED_FACE('',(#1023),#1048,.F.);
#1023 = FACE_BOUND('',#1024,.F.);
#1024 = EDGE_LOOP('',(#1025,#1026,#1034,#1042));
#1025 = ORIENTED_EDGE('',*,*,#1004,.T.);
#1026 = ORIENTED_EDGE('',*,*,#1027,.T.);
#1027 = EDGE_CURVE('',#997,#1028,#1030,.T.);
#1028 = VERTEX_POINT('',#1029);
#1029 = CARTESIAN_POINT('',(0.61,-1.935,4.));
#1030 = LINE('',#1031,#1032);
#1031 = CARTESIAN_POINT('',(0.51,-1.935,4.));
#1032 = VECTOR('',#1033,1.);
#1033 = DIRECTION('',(1.,0.,0.));
#1034 = ORIENTED_EDGE('',*,*,#1035,.F.);
#1035 = EDGE_CURVE('',#1036,#1028,#1038,.T.);
#1036 = VERTEX_POINT('',#1037);
#1037 = CARTESIAN_POINT('',(0.61,-1.935,3.95));
#1038 = LINE('',#1039,#1040);
#1039 = CARTESIAN_POINT('',(0.61,-1.935,3.95));
#1040 = VECTOR('',#1041,1.);
#1041 = DIRECTION('',(0.,0.,1.));
#1042 = ORIENTED_EDGE('',*,*,#1043,.F.);
#1043 = EDGE_CURVE('',#1005,#1036,#1044,.T.);
#1044 = LINE('',#1045,#1046);
#1045 = CARTESIAN_POINT('',(0.51,-1.935,3.95));
#1046 = VECTOR('',#1047,1.);
#1047 = DIRECTION('',(1.,0.,0.));
#1048 = PLANE('',#1049);
#1049 = AXIS2_PLACEMENT_3D('',#1050,#1051,#1052);
#1050 = CARTESIAN_POINT('',(0.51,-1.935,3.95));
#1051 = DIRECTION('',(0.,1.,0.));
#1052 = DIRECTION('',(1.,0.,0.));
#1053 = ADVANCED_FACE('',(#1054),#1079,.T.);
#1054 = FACE_BOUND('',#1055,.T.);
#1055 = EDGE_LOOP('',(#1056,#1066,#1072,#1073));
#1056 = ORIENTED_EDGE('',*,*,#1057,.T.);
#1057 = EDGE_CURVE('',#1058,#1060,#1062,.T.);
#1058 = VERTEX_POINT('',#1059);
#1059 = CARTESIAN_POINT('',(2.975,-1.935,3.95));
#1060 = VERTEX_POINT('',#1061);
#1061 = CARTESIAN_POINT('',(2.975,-1.935,4.));
#1062 = LINE('',#1063,#1064);
#1063 = CARTESIAN_POINT('',(2.975,-1.935,3.95));
#1064 = VECTOR('',#1065,1.);
#1065 = DIRECTION('',(0.,0.,1.));
#1066 = ORIENTED_EDGE('',*,*,#1067,.T.);
#1067 = EDGE_CURVE('',#1060,#1028,#1068,.T.);
#1068 = LINE('',#1069,#1070);
#1069 = CARTESIAN_POINT('',(2.975,-1.935,4.));
#1070 = VECTOR('',#1071,1.);
#1071 = DIRECTION('',(-1.,0.,0.));
#1072 = ORIENTED_EDGE('',*,*,#1035,.F.);
#1073 = ORIENTED_EDGE('',*,*,#1074,.F.);
#1074 = EDGE_CURVE('',#1058,#1036,#1075,.T.);
#1075 = LINE('',#1076,#1077);
#1076 = CARTESIAN_POINT('',(2.975,-1.935,3.95));
#1077 = VECTOR('',#1078,1.);
#1078 = DIRECTION('',(-1.,0.,0.));
#1079 = PLANE('',#1080);
#1080 = AXIS2_PLACEMENT_3D('',#1081,#1082,#1083);
#1081 = CARTESIAN_POINT('',(2.975,-1.935,3.95));
#1082 = DIRECTION('',(0.,-1.,0.));
#1083 = DIRECTION('',(-1.,0.,0.));
#1084 = ADVANCED_FACE('',(#1085),#1110,.T.);
#1085 = FACE_BOUND('',#1086,.T.);
#1086 = EDGE_LOOP('',(#1087,#1097,#1103,#1104));
#1087 = ORIENTED_EDGE('',*,*,#1088,.T.);
#1088 = EDGE_CURVE('',#1089,#1091,#1093,.T.);
#1089 = VERTEX_POINT('',#1090);
#1090 = CARTESIAN_POINT('',(2.975,-1.835,3.95));
#1091 = VERTEX_POINT('',#1092);
#1092 = CARTESIAN_POINT('',(2.975,-1.835,4.));
#1093 = LINE('',#1094,#1095);
#1094 = CARTESIAN_POINT('',(2.975,-1.835,3.95));
#1095 = VECTOR('',#1096,1.);
#1096 = DIRECTION('',(0.,0.,1.));
#1097 = ORIENTED_EDGE('',*,*,#1098,.T.);
#1098 = EDGE_CURVE('',#1091,#1060,#1099,.T.);
#1099 = LINE('',#1100,#1101);
#1100 = CARTESIAN_POINT('',(2.975,-1.835,4.));
#1101 = VECTOR('',#1102,1.);
#1102 = DIRECTION('',(0.,-1.,0.));
#1103 = ORIENTED_EDGE('',*,*,#1057,.F.);
#1104 = ORIENTED_EDGE('',*,*,#1105,.F.);
#1105 = EDGE_CURVE('',#1089,#1058,#1106,.T.);
#1106 = LINE('',#1107,#1108);
#1107 = CARTESIAN_POINT('',(2.975,-1.835,3.95));
#1108 = VECTOR('',#1109,1.);
#1109 = DIRECTION('',(0.,-1.,0.));
#1110 = PLANE('',#1111);
#1111 = AXIS2_PLACEMENT_3D('',#1112,#1113,#1114);
#1112 = CARTESIAN_POINT('',(2.975,-1.835,3.95));
#1113 = DIRECTION('',(1.,0.,0.));
#1114 = DIRECTION('',(0.,-1.,0.));
#1115 = ADVANCED_FACE('',(#1116),#1141,.T.);
#1116 = FACE_BOUND('',#1117,.T.);
#1117 = EDGE_LOOP('',(#1118,#1128,#1134,#1135));
#1118 = ORIENTED_EDGE('',*,*,#1119,.T.);
#1119 = EDGE_CURVE('',#1120,#1122,#1124,.T.);
#1120 = VERTEX_POINT('',#1121);
#1121 = CARTESIAN_POINT('',(0.61,-1.835,3.95));
#1122 = VERTEX_POINT('',#1123);
#1123 = CARTESIAN_POINT('',(0.61,-1.835,4.));
#1124 = LINE('',#1125,#1126);
#1125 = CARTESIAN_POINT('',(0.61,-1.835,3.95));
#1126 = VECTOR('',#1127,1.);
#1127 = DIRECTION('',(0.,0.,1.));
#1128 = ORIENTED_EDGE('',*,*,#1129,.T.);
#1129 = EDGE_CURVE('',#1122,#1091,#1130,.T.);
#1130 = LINE('',#1131,#1132);
#1131 = CARTESIAN_POINT('',(0.61,-1.835,4.));
#1132 = VECTOR('',#1133,1.);
#1133 = DIRECTION('',(1.,0.,0.));
#1134 = ORIENTED_EDGE('',*,*,#1088,.F.);
#1135 = ORIENTED_EDGE('',*,*,#1136,.F.);
#1136 = EDGE_CURVE('',#1120,#1089,#1137,.T.);
#1137 = LINE('',#1138,#1139);
#1138 = CARTESIAN_POINT('',(0.61,-1.835,3.95));
#1139 = VECTOR('',#1140,1.);
#1140 = DIRECTION('',(1.,0.,0.));
#1141 = PLANE('',#1142);
#1142 = AXIS2_PLACEMENT_3D('',#1143,#1144,#1145);
#1143 = CARTESIAN_POINT('',(0.61,-1.835,3.95));
#1144 = DIRECTION('',(0.,1.,0.));
#1145 = DIRECTION('',(1.,0.,0.));
#1146 = ADVANCED_FACE('',(#1147),#1172,.F.);
#1147 = FACE_BOUND('',#1148,.F.);
#1148 = EDGE_LOOP('',(#1149,#1150,#1158,#1166));
#1149 = ORIENTED_EDGE('',*,*,#1119,.T.);
#1150 = ORIENTED_EDGE('',*,*,#1151,.T.);
#1151 = EDGE_CURVE('',#1122,#1152,#1154,.T.);
#1152 = VERTEX_POINT('',#1153);
#1153 = CARTESIAN_POINT('',(0.61,-1.306666666667,4.));
#1154 = LINE('',#1155,#1156);
#1155 = CARTESIAN_POINT('',(0.61,-1.835,4.));
#1156 = VECTOR('',#1157,1.);
#1157 = DIRECTION('',(0.,1.,0.));
#1158 = ORIENTED_EDGE('',*,*,#1159,.F.);
#1159 = EDGE_CURVE('',#1160,#1152,#1162,.T.);
#1160 = VERTEX_POINT('',#1161);
#1161 = CARTESIAN_POINT('',(0.61,-1.306666666667,3.95));
#1162 = LINE('',#1163,#1164);
#1163 = CARTESIAN_POINT('',(0.61,-1.306666666667,3.95));
#1164 = VECTOR('',#1165,1.);
#1165 = DIRECTION('',(0.,0.,1.));
#1166 = ORIENTED_EDGE('',*,*,#1167,.F.);
#1167 = EDGE_CURVE('',#1120,#1160,#1168,.T.);
#1168 = LINE('',#1169,#1170);
#1169 = CARTESIAN_POINT('',(0.61,-1.835,3.95));
#1170 = VECTOR('',#1171,1.);
#1171 = DIRECTION('',(0.,1.,0.));
#1172 = PLANE('',#1173);
#1173 = AXIS2_PLACEMENT_3D('',#1174,#1175,#1176);
#1174 = CARTESIAN_POINT('',(0.61,-1.835,3.95));
#1175 = DIRECTION('',(-1.,0.,0.));
#1176 = DIRECTION('',(0.,1.,0.));
#1177 = ADVANCED_FACE('',(#1178),#1203,.F.);
#1178 = FACE_BOUND('',#1179,.F.);
#1179 = EDGE_LOOP('',(#1180,#1181,#1189,#1197));
#1180 = ORIENTED_EDGE('',*,*,#1159,.T.);
#1181 = ORIENTED_EDGE('',*,*,#1182,.T.);
#1182 = EDGE_CURVE('',#1152,#1183,#1185,.T.);
#1183 = VERTEX_POINT('',#1184);
#1184 = CARTESIAN_POINT('',(2.308333333333,-1.306666666667,4.));
#1185 = LINE('',#1186,#1187);
#1186 = CARTESIAN_POINT('',(0.61,-1.306666666667,4.));
#1187 = VECTOR('',#1188,1.);
#1188 = DIRECTION('',(1.,0.,0.));
#1189 = ORIENTED_EDGE('',*,*,#1190,.F.);
#1190 = EDGE_CURVE('',#1191,#1183,#1193,.T.);
#1191 = VERTEX_POINT('',#1192);
#1192 = CARTESIAN_POINT('',(2.308333333333,-1.306666666667,3.95));
#1193 = LINE('',#1194,#1195);
#1194 = CARTESIAN_POINT('',(2.308333333333,-1.306666666667,3.95));
#1195 = VECTOR('',#1196,1.);
#1196 = DIRECTION('',(0.,0.,1.));
#1197 = ORIENTED_EDGE('',*,*,#1198,.F.);
#1198 = EDGE_CURVE('',#1160,#1191,#1199,.T.);
#1199 = LINE('',#1200,#1201);
#1200 = CARTESIAN_POINT('',(0.61,-1.306666666667,3.95));
#1201 = VECTOR('',#1202,1.);
#1202 = DIRECTION('',(1.,0.,0.));
#1203 = PLANE('',#1204);
#1204 = AXIS2_PLACEMENT_3D('',#1205,#1206,#1207);
#1205 = CARTESIAN_POINT('',(0.61,-1.306666666667,3.95));
#1206 = DIRECTION('',(0.,1.,0.));
#1207 = DIRECTION('',(1.,0.,0.));
#1208 = ADVANCED_FACE('',(#1209),#1234,.T.);
#1209 = FACE_BOUND('',#1210,.T.);
#1210 = EDGE_LOOP('',(#1211,#1221,#1227,#1228));
#1211 = ORIENTED_EDGE('',*,*,#1212,.T.);
#1212 = EDGE_CURVE('',#1213,#1215,#1217,.T.);
#1213 = VERTEX_POINT('',#1214);
#1214 = CARTESIAN_POINT('',(2.408333333333,-1.306666666667,3.95));
#1215 = VERTEX_POINT('',#1216);
#1216 = CARTESIAN_POINT('',(2.408333333333,-1.306666666667,4.));
#1217 = LINE('',#1218,#1219);
#1218 = CARTESIAN_POINT('',(2.408333333333,-1.306666666667,3.95));
#1219 = VECTOR('',#1220,1.);
#1220 = DIRECTION('',(0.,0.,1.));
#1221 = ORIENTED_EDGE('',*,*,#1222,.T.);
#1222 = EDGE_CURVE('',#1215,#1183,#1223,.T.);
#1223 = LINE('',#1224,#1225);
#1224 = CARTESIAN_POINT('',(2.408333333333,-1.306666666667,4.));
#1225 = VECTOR('',#1226,1.);
#1226 = DIRECTION('',(-1.,0.,0.));
#1227 = ORIENTED_EDGE('',*,*,#1190,.F.);
#1228 = ORIENTED_EDGE('',*,*,#1229,.F.);
#1229 = EDGE_CURVE('',#1213,#1191,#1230,.T.);
#1230 = LINE('',#1231,#1232);
#1231 = CARTESIAN_POINT('',(2.408333333333,-1.306666666667,3.95));
#1232 = VECTOR('',#1233,1.);
#1233 = DIRECTION('',(-1.,0.,0.));
#1234 = PLANE('',#1235);
#1235 = AXIS2_PLACEMENT_3D('',#1236,#1237,#1238);
#1236 = CARTESIAN_POINT('',(2.408333333333,-1.306666666667,3.95));
#1237 = DIRECTION('',(0.,-1.,0.));
#1238 = DIRECTION('',(-1.,0.,0.));
#1239 = ADVANCED_FACE('',(#1240),#1265,.T.);
#1240 = FACE_BOUND('',#1241,.T.);
#1241 = EDGE_LOOP('',(#1242,#1252,#1258,#1259));
#1242 = ORIENTED_EDGE('',*,*,#1243,.T.);
#1243 = EDGE_CURVE('',#1244,#1246,#1248,.T.);
#1244 = VERTEX_POINT('',#1245);
#1245 = CARTESIAN_POINT('',(2.408333333333,-0.678333333333,3.95));
#1246 = VERTEX_POINT('',#1247);
#1247 = CARTESIAN_POINT('',(2.408333333333,-0.678333333333,4.));
#1248 = LINE('',#1249,#1250);
#1249 = CARTESIAN_POINT('',(2.408333333333,-0.678333333333,3.95));
#1250 = VECTOR('',#1251,1.);
#1251 = DIRECTION('',(0.,0.,1.));
#1252 = ORIENTED_EDGE('',*,*,#1253,.T.);
#1253 = EDGE_CURVE('',#1246,#1215,#1254,.T.);
#1254 = LINE('',#1255,#1256);
#1255 = CARTESIAN_POINT('',(2.408333333333,-0.678333333333,4.));
#1256 = VECTOR('',#1257,1.);
#1257 = DIRECTION('',(0.,-1.,0.));
#1258 = ORIENTED_EDGE('',*,*,#1212,.F.);
#1259 = ORIENTED_EDGE('',*,*,#1260,.F.);
#1260 = EDGE_CURVE('',#1244,#1213,#1261,.T.);
#1261 = LINE('',#1262,#1263);
#1262 = CARTESIAN_POINT('',(2.408333333333,-0.678333333333,3.95));
#1263 = VECTOR('',#1264,1.);
#1264 = DIRECTION('',(0.,-1.,0.));
#1265 = PLANE('',#1266);
#1266 = AXIS2_PLACEMENT_3D('',#1267,#1268,#1269);
#1267 = CARTESIAN_POINT('',(2.408333333333,-0.678333333333,3.95));
#1268 = DIRECTION('',(1.,0.,0.));
#1269 = DIRECTION('',(0.,-1.,0.));
#1270 = ADVANCED_FACE('',(#1271),#1296,.T.);
#1271 = FACE_BOUND('',#1272,.T.);
#1272 = EDGE_LOOP('',(#1273,#1283,#1289,#1290));
#1273 = ORIENTED_EDGE('',*,*,#1274,.T.);
#1274 = EDGE_CURVE('',#1275,#1277,#1279,.T.);
#1275 = VERTEX_POINT('',#1276);
#1276 = CARTESIAN_POINT('',(2.408333333333,-0.578333333333,3.95));
#1277 = VERTEX_POINT('',#1278);
#1278 = CARTESIAN_POINT('',(2.408333333333,-0.578333333333,4.));
#1279 = LINE('',#1280,#1281);
#1280 = CARTESIAN_POINT('',(2.408333333333,-0.578333333333,3.95));
#1281 = VECTOR('',#1282,1.);
#1282 = DIRECTION('',(0.,0.,1.));
#1283 = ORIENTED_EDGE('',*,*,#1284,.T.);
#1284 = EDGE_CURVE('',#1277,#1246,#1285,.T.);
#1285 = LINE('',#1286,#1287);
#1286 = CARTESIAN_POINT('',(2.408333333333,-0.578333333333,4.));
#1287 = VECTOR('',#1288,1.);
#1288 = DIRECTION('',(0.,-1.,0.));
#1289 = ORIENTED_EDGE('',*,*,#1243,.F.);
#1290 = ORIENTED_EDGE('',*,*,#1291,.F.);
#1291 = EDGE_CURVE('',#1275,#1244,#1292,.T.);
#1292 = LINE('',#1293,#1294);
#1293 = CARTESIAN_POINT('',(2.408333333333,-0.578333333333,3.95));
#1294 = VECTOR('',#1295,1.);
#1295 = DIRECTION('',(0.,-1.,0.));
#1296 = PLANE('',#1297);
#1297 = AXIS2_PLACEMENT_3D('',#1298,#1299,#1300);
#1298 = CARTESIAN_POINT('',(2.408333333333,-0.578333333333,3.95));
#1299 = DIRECTION('',(1.,0.,0.));
#1300 = DIRECTION('',(0.,-1.,0.));
#1301 = ADVANCED_FACE('',(#1302),#1327,.T.);
#1302 = FACE_BOUND('',#1303,.T.);
#1303 = EDGE_LOOP('',(#1304,#1314,#1320,#1321));
#1304 = ORIENTED_EDGE('',*,*,#1305,.T.);
#1305 = EDGE_CURVE('',#1306,#1308,#1310,.T.);
#1306 = VERTEX_POINT('',#1307);
#1307 = CARTESIAN_POINT('',(1.091666666667,-0.578333333333,3.95));
#1308 = VERTEX_POINT('',#1309);
#1309 = CARTESIAN_POINT('',(1.091666666667,-0.578333333333,4.));
#1310 = LINE('',#1311,#1312);
#1311 = CARTESIAN_POINT('',(1.091666666667,-0.578333333333,3.95));
#1312 = VECTOR('',#1313,1.);
#1313 = DIRECTION('',(0.,0.,1.));
#1314 = ORIENTED_EDGE('',*,*,#1315,.T.);
#1315 = EDGE_CURVE('',#1308,#1277,#1316,.T.);
#1316 = LINE('',#1317,#1318);
#1317 = CARTESIAN_POINT('',(1.091666666667,-0.578333333333,4.));
#1318 = VECTOR('',#1319,1.);
#1319 = DIRECTION('',(1.,0.,0.));
#1320 = ORIENTED_EDGE('',*,*,#1274,.F.);
#1321 = ORIENTED_EDGE('',*,*,#1322,.F.);
#1322 = EDGE_CURVE('',#1306,#1275,#1323,.T.);
#1323 = LINE('',#1324,#1325);
#1324 = CARTESIAN_POINT('',(1.091666666667,-0.578333333333,3.95));
#1325 = VECTOR('',#1326,1.);
#1326 = DIRECTION('',(1.,0.,0.));
#1327 = PLANE('',#1328);
#1328 = AXIS2_PLACEMENT_3D('',#1329,#1330,#1331);
#1329 = CARTESIAN_POINT('',(1.091666666667,-0.578333333333,3.95));
#1330 = DIRECTION('',(0.,1.,0.));
#1331 = DIRECTION('',(1.,0.,0.));
#1332 = ADVANCED_FACE('',(#1333),#1358,.F.);
#1333 = FACE_BOUND('',#1334,.F.);
#1334 = EDGE_LOOP('',(#1335,#1336,#1344,#1352));
#1335 = ORIENTED_EDGE('',*,*,#1305,.T.);
#1336 = ORIENTED_EDGE('',*,*,#1337,.T.);
#1337 = EDGE_CURVE('',#1308,#1338,#1340,.T.);
#1338 = VERTEX_POINT('',#1339);
#1339 = CARTESIAN_POINT('',(1.091666666667,-5.E-02,4.));
#1340 = LINE('',#1341,#1342);
#1341 = CARTESIAN_POINT('',(1.091666666667,-0.578333333333,4.));
#1342 = VECTOR('',#1343,1.);
#1343 = DIRECTION('',(0.,1.,0.));
#1344 = ORIENTED_EDGE('',*,*,#1345,.F.);
#1345 = EDGE_CURVE('',#1346,#1338,#1348,.T.);
#1346 = VERTEX_POINT('',#1347);
#1347 = CARTESIAN_POINT('',(1.091666666667,-5.E-02,3.95));
#1348 = LINE('',#1349,#1350);
#1349 = CARTESIAN_POINT('',(1.091666666667,-5.E-02,3.95));
#1350 = VECTOR('',#1351,1.);
#1351 = DIRECTION('',(0.,0.,1.));
#1352 = ORIENTED_EDGE('',*,*,#1353,.F.);
#1353 = EDGE_CURVE('',#1306,#1346,#1354,.T.);
#1354 = LINE('',#1355,#1356);
#1355 = CARTESIAN_POINT('',(1.091666666667,-0.578333333333,3.95));
#1356 = VECTOR('',#1357,1.);
#1357 = DIRECTION('',(0.,1.,0.));
#1358 = PLANE('',#1359);
#1359 = AXIS2_PLACEMENT_3D('',#1360,#1361,#1362);
#1360 = CARTESIAN_POINT('',(1.091666666667,-0.578333333333,3.95));
#1361 = DIRECTION('',(-1.,0.,0.));
#1362 = DIRECTION('',(0.,1.,0.));
#1363 = ADVANCED_FACE('',(#1364),#1389,.F.);
#1364 = FACE_BOUND('',#1365,.F.);
#1365 = EDGE_LOOP('',(#1366,#1367,#1375,#1383));
#1366 = ORIENTED_EDGE('',*,*,#1345,.T.);
#1367 = ORIENTED_EDGE('',*,*,#1368,.T.);
#1368 = EDGE_CURVE('',#1338,#1369,#1371,.T.);
#1369 = VERTEX_POINT('',#1370);
#1370 = CARTESIAN_POINT('',(2.308333333333,-5.E-02,4.));
#1371 = LINE('',#1372,#1373);
#1372 = CARTESIAN_POINT('',(1.091666666667,-5.E-02,4.));
#1373 = VECTOR('',#1374,1.);
#1374 = DIRECTION('',(1.,0.,0.));
#1375 = ORIENTED_EDGE('',*,*,#1376,.F.);
#1376 = EDGE_CURVE('',#1377,#1369,#1379,.T.);
#1377 = VERTEX_POINT('',#1378);
#1378 = CARTESIAN_POINT('',(2.308333333333,-5.E-02,3.95));
#1379 = LINE('',#1380,#1381);
#1380 = CARTESIAN_POINT('',(2.308333333333,-5.E-02,3.95));
#1381 = VECTOR('',#1382,1.);
#1382 = DIRECTION('',(0.,0.,1.));
#1383 = ORIENTED_EDGE('',*,*,#1384,.F.);
#1384 = EDGE_CURVE('',#1346,#1377,#1385,.T.);
#1385 = LINE('',#1386,#1387);
#1386 = CARTESIAN_POINT('',(1.091666666667,-5.E-02,3.95));
#1387 = VECTOR('',#1388,1.);
#1388 = DIRECTION('',(1.,0.,0.));
#1389 = PLANE('',#1390);
#1390 = AXIS2_PLACEMENT_3D('',#1391,#1392,#1393);
#1391 = CARTESIAN_POINT('',(1.091666666667,-5.E-02,3.95));
#1392 = DIRECTION('',(0.,1.,0.));
#1393 = DIRECTION('',(1.,0.,0.));
#1394 = ADVANCED_FACE('',(#1395),#1420,.T.);
#1395 = FACE_BOUND('',#1396,.T.);
#1396 = EDGE_LOOP('',(#1397,#1407,#1413,#1414));
#1397 = ORIENTED_EDGE('',*,*,#1398,.T.);
#1398 = EDGE_CURVE('',#1399,#1401,#1403,.T.);
#1399 = VERTEX_POINT('',#1400);
#1400 = CARTESIAN_POINT('',(2.408333333333,-5.E-02,3.95));
#1401 = VERTEX_POINT('',#1402);
#1402 = CARTESIAN_POINT('',(2.408333333333,-5.E-02,4.));
#1403 = LINE('',#1404,#1405);
#1404 = CARTESIAN_POINT('',(2.408333333333,-5.E-02,3.95));
#1405 = VECTOR('',#1406,1.);
#1406 = DIRECTION('',(0.,0.,1.));
#1407 = ORIENTED_EDGE('',*,*,#1408,.T.);
#1408 = EDGE_CURVE('',#1401,#1369,#1409,.T.);
#1409 = LINE('',#1410,#1411);
#1410 = CARTESIAN_POINT('',(2.408333333333,-5.E-02,4.));
#1411 = VECTOR('',#1412,1.);
#1412 = DIRECTION('',(-1.,0.,0.));
#1413 = ORIENTED_EDGE('',*,*,#1376,.F.);
#1414 = ORIENTED_EDGE('',*,*,#1415,.F.);
#1415 = EDGE_CURVE('',#1399,#1377,#1416,.T.);
#1416 = LINE('',#1417,#1418);
#1417 = CARTESIAN_POINT('',(2.408333333333,-5.E-02,3.95));
#1418 = VECTOR('',#1419,1.);
#1419 = DIRECTION('',(-1.,0.,0.));
#1420 = PLANE('',#1421);
#1421 = AXIS2_PLACEMENT_3D('',#1422,#1423,#1424);
#1422 = CARTESIAN_POINT('',(2.408333333333,-5.E-02,3.95));
#1423 = DIRECTION('',(0.,-1.,0.));
#1424 = DIRECTION('',(-1.,0.,0.));
#1425 = ADVANCED_FACE('',(#1426),#1451,.T.);
#1426 = FACE_BOUND('',#1427,.T.);
#1427 = EDGE_LOOP('',(#1428,#1438,#1444,#1445));
#1428 = ORIENTED_EDGE('',*,*,#1429,.T.);
#1429 = EDGE_CURVE('',#1430,#1432,#1434,.T.);
#1430 = VERTEX_POINT('',#1431);
#1431 = CARTESIAN_POINT('',(2.408333333333,0.578333333333,3.95));
#1432 = VERTEX_POINT('',#1433);
#1433 = CARTESIAN_POINT('',(2.408333333333,0.578333333333,4.));
#1434 = LINE('',#1435,#1436);
#1435 = CARTESIAN_POINT('',(2.408333333333,0.578333333333,3.95));
#1436 = VECTOR('',#1437,1.);
#1437 = DIRECTION('',(0.,0.,1.));
#1438 = ORIENTED_EDGE('',*,*,#1439,.T.);
#1439 = EDGE_CURVE('',#1432,#1401,#1440,.T.);
#1440 = LINE('',#1441,#1442);
#1441 = CARTESIAN_POINT('',(2.408333333333,0.578333333333,4.));
#1442 = VECTOR('',#1443,1.);
#1443 = DIRECTION('',(0.,-1.,0.));
#1444 = ORIENTED_EDGE('',*,*,#1398,.F.);
#1445 = ORIENTED_EDGE('',*,*,#1446,.F.);
#1446 = EDGE_CURVE('',#1430,#1399,#1447,.T.);
#1447 = LINE('',#1448,#1449);
#1448 = CARTESIAN_POINT('',(2.408333333333,0.578333333333,3.95));
#1449 = VECTOR('',#1450,1.);
#1450 = DIRECTION('',(0.,-1.,0.));
#1451 = PLANE('',#1452);
#1452 = AXIS2_PLACEMENT_3D('',#1453,#1454,#1455);
#1453 = CARTESIAN_POINT('',(2.408333333333,0.578333333333,3.95));
#1454 = DIRECTION('',(1.,0.,0.));
#1455 = DIRECTION('',(0.,-1.,0.));
#1456 = ADVANCED_FACE('',(#1457),#1482,.T.);
#1457 = FACE_BOUND('',#1458,.T.);
#1458 = EDGE_LOOP('',(#1459,#1469,#1475,#1476));
#1459 = ORIENTED_EDGE('',*,*,#1460,.T.);
#1460 = EDGE_CURVE('',#1461,#1463,#1465,.T.);
#1461 = VERTEX_POINT('',#1462);
#1462 = CARTESIAN_POINT('',(2.408333333333,0.678333333333,3.95));
#1463 = VERTEX_POINT('',#1464);
#1464 = CARTESIAN_POINT('',(2.408333333333,0.678333333333,4.));
#1465 = LINE('',#1466,#1467);
#1466 = CARTESIAN_POINT('',(2.408333333333,0.678333333333,3.95));
#1467 = VECTOR('',#1468,1.);
#1468 = DIRECTION('',(0.,0.,1.));
#1469 = ORIENTED_EDGE('',*,*,#1470,.T.);
#1470 = EDGE_CURVE('',#1463,#1432,#1471,.T.);
#1471 = LINE('',#1472,#1473);
#1472 = CARTESIAN_POINT('',(2.408333333333,0.678333333333,4.));
#1473 = VECTOR('',#1474,1.);
#1474 = DIRECTION('',(0.,-1.,0.));
#1475 = ORIENTED_EDGE('',*,*,#1429,.F.);
#1476 = ORIENTED_EDGE('',*,*,#1477,.F.);
#1477 = EDGE_CURVE('',#1461,#1430,#1478,.T.);
#1478 = LINE('',#1479,#1480);
#1479 = CARTESIAN_POINT('',(2.408333333333,0.678333333333,3.95));
#1480 = VECTOR('',#1481,1.);
#1481 = DIRECTION('',(0.,-1.,0.));
#1482 = PLANE('',#1483);
#1483 = AXIS2_PLACEMENT_3D('',#1484,#1485,#1486);
#1484 = CARTESIAN_POINT('',(2.408333333333,0.678333333333,3.95));
#1485 = DIRECTION('',(1.,0.,0.));
#1486 = DIRECTION('',(0.,-1.,0.));
#1487 = ADVANCED_FACE('',(#1488),#1513,.T.);
#1488 = FACE_BOUND('',#1489,.T.);
#1489 = EDGE_LOOP('',(#1490,#1500,#1506,#1507));
#1490 = ORIENTED_EDGE('',*,*,#1491,.T.);
#1491 = EDGE_CURVE('',#1492,#1494,#1496,.T.);
#1492 = VERTEX_POINT('',#1493);
#1493 = CARTESIAN_POINT('',(1.091666666667,0.678333333333,3.95));
#1494 = VERTEX_POINT('',#1495);
#1495 = CARTESIAN_POINT('',(1.091666666667,0.678333333333,4.));
#1496 = LINE('',#1497,#1498);
#1497 = CARTESIAN_POINT('',(1.091666666667,0.678333333333,3.95));
#1498 = VECTOR('',#1499,1.);
#1499 = DIRECTION('',(0.,0.,1.));
#1500 = ORIENTED_EDGE('',*,*,#1501,.T.);
#1501 = EDGE_CURVE('',#1494,#1463,#1502,.T.);
#1502 = LINE('',#1503,#1504);
#1503 = CARTESIAN_POINT('',(1.091666666667,0.678333333333,4.));
#1504 = VECTOR('',#1505,1.);
#1505 = DIRECTION('',(1.,0.,0.));
#1506 = ORIENTED_EDGE('',*,*,#1460,.F.);
#1507 = ORIENTED_EDGE('',*,*,#1508,.F.);
#1508 = EDGE_CURVE('',#1492,#1461,#1509,.T.);
#1509 = LINE('',#1510,#1511);
#1510 = CARTESIAN_POINT('',(1.091666666667,0.678333333333,3.95));
#1511 = VECTOR('',#1512,1.);
#1512 = DIRECTION('',(1.,0.,0.));
#1513 = PLANE('',#1514);
#1514 = AXIS2_PLACEMENT_3D('',#1515,#1516,#1517);
#1515 = CARTESIAN_POINT('',(1.091666666667,0.678333333333,3.95));
#1516 = DIRECTION('',(0.,1.,0.));
#1517 = DIRECTION('',(1.,0.,0.));
#1518 = ADVANCED_FACE('',(#1519),#1544,.F.);
#1519 = FACE_BOUND('',#1520,.F.);
#1520 = EDGE_LOOP('',(#1521,#1522,#1530,#1538));
#1521 = ORIENTED_EDGE('',*,*,#1491,.T.);
#1522 = ORIENTED_EDGE('',*,*,#1523,.T.);
#1523 = EDGE_CURVE('',#1494,#1524,#1526,.T.);
#1524 = VERTEX_POINT('',#1525);
#1525 = CARTESIAN_POINT('',(1.091666666667,1.206666666667,4.));
#1526 = LINE('',#1527,#1528);
#1527 = CARTESIAN_POINT('',(1.091666666667,0.678333333333,4.));
#1528 = VECTOR('',#1529,1.);
#1529 = DIRECTION('',(0.,1.,0.));
#1530 = ORIENTED_EDGE('',*,*,#1531,.F.);
#1531 = EDGE_CURVE('',#1532,#1524,#1534,.T.);
#1532 = VERTEX_POINT('',#1533);
#1533 = CARTESIAN_POINT('',(1.091666666667,1.206666666667,3.95));
#1534 = LINE('',#1535,#1536);
#1535 = CARTESIAN_POINT('',(1.091666666667,1.206666666667,3.95));
#1536 = VECTOR('',#1537,1.);
#1537 = DIRECTION('',(0.,0.,1.));
#1538 = ORIENTED_EDGE('',*,*,#1539,.F.);
#1539 = EDGE_CURVE('',#1492,#1532,#1540,.T.);
#1540 = LINE('',#1541,#1542);
#1541 = CARTESIAN_POINT('',(1.091666666667,0.678333333333,3.95));
#1542 = VECTOR('',#1543,1.);
#1543 = DIRECTION('',(0.,1.,0.));
#1544 = PLANE('',#1545);
#1545 = AXIS2_PLACEMENT_3D('',#1546,#1547,#1548);
#1546 = CARTESIAN_POINT('',(1.091666666667,0.678333333333,3.95));
#1547 = DIRECTION('',(-1.,0.,0.));
#1548 = DIRECTION('',(0.,1.,0.));
#1549 = ADVANCED_FACE('',(#1550),#1575,.F.);
#1550 = FACE_BOUND('',#1551,.F.);
#1551 = EDGE_LOOP('',(#1552,#1553,#1561,#1569));
#1552 = ORIENTED_EDGE('',*,*,#1531,.T.);
#1553 = ORIENTED_EDGE('',*,*,#1554,.T.);
#1554 = EDGE_CURVE('',#1524,#1555,#1557,.T.);
#1555 = VERTEX_POINT('',#1556);
#1556 = CARTESIAN_POINT('',(2.79,1.206666666667,4.));
#1557 = LINE('',#1558,#1559);
#1558 = CARTESIAN_POINT('',(1.091666666667,1.206666666667,4.));
#1559 = VECTOR('',#1560,1.);
#1560 = DIRECTION('',(1.,0.,0.));
#1561 = ORIENTED_EDGE('',*,*,#1562,.F.);
#1562 = EDGE_CURVE('',#1563,#1555,#1565,.T.);
#1563 = VERTEX_POINT('',#1564);
#1564 = CARTESIAN_POINT('',(2.79,1.206666666667,3.95));
#1565 = LINE('',#1566,#1567);
#1566 = CARTESIAN_POINT('',(2.79,1.206666666667,3.95));
#1567 = VECTOR('',#1568,1.);
#1568 = DIRECTION('',(0.,0.,1.));
#1569 = ORIENTED_EDGE('',*,*,#1570,.F.);
#1570 = EDGE_CURVE('',#1532,#1563,#1571,.T.);
#1571 = LINE('',#1572,#1573);
#1572 = CARTESIAN_POINT('',(1.091666666667,1.206666666667,3.95));
#1573 = VECTOR('',#1574,1.);
#1574 = DIRECTION('',(1.,0.,0.));
#1575 = PLANE('',#1576);
#1576 = AXIS2_PLACEMENT_3D('',#1577,#1578,#1579);
#1577 = CARTESIAN_POINT('',(1.091666666667,1.206666666667,3.95));
#1578 = DIRECTION('',(0.,1.,0.));
#1579 = DIRECTION('',(1.,0.,0.));
#1580 = ADVANCED_FACE('',(#1581),#1606,.T.);
#1581 = FACE_BOUND('',#1582,.T.);
#1582 = EDGE_LOOP('',(#1583,#1593,#1599,#1600));
#1583 = ORIENTED_EDGE('',*,*,#1584,.T.);
#1584 = EDGE_CURVE('',#1585,#1587,#1589,.T.);
#1585 = VERTEX_POINT('',#1586);
#1586 = CARTESIAN_POINT('',(2.89,1.206666666667,3.95));
#1587 = VERTEX_POINT('',#1588);
#1588 = CARTESIAN_POINT('',(2.89,1.206666666667,4.));
#1589 = LINE('',#1590,#1591);
#1590 = CARTESIAN_POINT('',(2.89,1.206666666667,3.95));
#1591 = VECTOR('',#1592,1.);
#1592 = DIRECTION('',(0.,0.,1.));
#1593 = ORIENTED_EDGE('',*,*,#1594,.T.);
#1594 = EDGE_CURVE('',#1587,#1555,#1595,.T.);
#1595 = LINE('',#1596,#1597);
#1596 = CARTESIAN_POINT('',(2.89,1.206666666667,4.));
#1597 = VECTOR('',#1598,1.);
#1598 = DIRECTION('',(-1.,0.,0.));
#1599 = ORIENTED_EDGE('',*,*,#1562,.F.);
#1600 = ORIENTED_EDGE('',*,*,#1601,.F.);
#1601 = EDGE_CURVE('',#1585,#1563,#1602,.T.);
#1602 = LINE('',#1603,#1604);
#1603 = CARTESIAN_POINT('',(2.89,1.206666666667,3.95));
#1604 = VECTOR('',#1605,1.);
#1605 = DIRECTION('',(-1.,0.,0.));
#1606 = PLANE('',#1607);
#1607 = AXIS2_PLACEMENT_3D('',#1608,#1609,#1610);
#1608 = CARTESIAN_POINT('',(2.89,1.206666666667,3.95));
#1609 = DIRECTION('',(0.,-1.,0.));
#1610 = DIRECTION('',(-1.,0.,0.));
#1611 = ADVANCED_FACE('',(#1612),#1628,.T.);
#1612 = FACE_BOUND('',#1613,.T.);
#1613 = EDGE_LOOP('',(#1614,#1615,#1621,#1622));
#1614 = ORIENTED_EDGE('',*,*,#397,.T.);
#1615 = ORIENTED_EDGE('',*,*,#1616,.T.);
#1616 = EDGE_CURVE('',#400,#1587,#1617,.T.);
#1617 = LINE('',#1618,#1619);
#1618 = CARTESIAN_POINT('',(2.89,1.835,4.));
#1619 = VECTOR('',#1620,1.);
#1620 = DIRECTION('',(0.,-1.,0.));
#1621 = ORIENTED_EDGE('',*,*,#1584,.F.);
#1622 = ORIENTED_EDGE('',*,*,#1623,.F.);
#1623 = EDGE_CURVE('',#398,#1585,#1624,.T.);
#1624 = LINE('',#1625,#1626);
#1625 = CARTESIAN_POINT('',(2.89,1.835,3.95));
#1626 = VECTOR('',#1627,1.);
#1627 = DIRECTION('',(0.,-1.,0.));
#1628 = PLANE('',#1629);
#1629 = AXIS2_PLACEMENT_3D('',#1630,#1631,#1632);
#1630 = CARTESIAN_POINT('',(2.89,1.835,3.95));
#1631 = DIRECTION('',(1.,0.,0.));
#1632 = DIRECTION('',(0.,-1.,0.));
#1633 = ADVANCED_FACE('',(#1634),#1676,.T.);
#1634 = FACE_BOUND('',#1635,.F.);
#1635 = EDGE_LOOP('',(#1636,#1637,#1638,#1639,#1640,#1641,#1642,#1643,
    #1644,#1645,#1646,#1647,#1648,#1649,#1650,#1651,#1652,#1653,#1654,
    #1655,#1656,#1657,#1658,#1659,#1660,#1661,#1662,#1663,#1664,#1665,
    #1666,#1667,#1668,#1669,#1670,#1671,#1672,#1673,#1674,#1675));
#1636 = ORIENTED_EDGE('',*,*,#423,.T.);
#1637 = ORIENTED_EDGE('',*,*,#454,.T.);
#1638 = ORIENTED_EDGE('',*,*,#485,.T.);
#1639 = ORIENTED_EDGE('',*,*,#516,.T.);
#1640 = ORIENTED_EDGE('',*,*,#547,.F.);
#1641 = ORIENTED_EDGE('',*,*,#578,.T.);
#1642 = ORIENTED_EDGE('',*,*,#609,.T.);
#1643 = ORIENTED_EDGE('',*,*,#640,.T.);
#1644 = ORIENTED_EDGE('',*,*,#671,.T.);
#1645 = ORIENTED_EDGE('',*,*,#702,.F.);
#1646 = ORIENTED_EDGE('',*,*,#733,.T.);
#1647 = ORIENTED_EDGE('',*,*,#764,.T.);
#1648 = ORIENTED_EDGE('',*,*,#795,.T.);
#1649 = ORIENTED_EDGE('',*,*,#826,.T.);
#1650 = ORIENTED_EDGE('',*,*,#857,.T.);
#1651 = ORIENTED_EDGE('',*,*,#888,.F.);
#1652 = ORIENTED_EDGE('',*,*,#919,.F.);
#1653 = ORIENTED_EDGE('',*,*,#950,.T.);
#1654 = ORIENTED_EDGE('',*,*,#981,.T.);
#1655 = ORIENTED_EDGE('',*,*,#1012,.T.);
#1656 = ORIENTED_EDGE('',*,*,#1043,.T.);
#1657 = ORIENTED_EDGE('',*,*,#1074,.F.);
#1658 = ORIENTED_EDGE('',*,*,#1105,.F.);
#1659 = ORIENTED_EDGE('',*,*,#1136,.F.);
#1660 = ORIENTED_EDGE('',*,*,#1167,.T.);
#1661 = ORIENTED_EDGE('',*,*,#1198,.T.);
#1662 = ORIENTED_EDGE('',*,*,#1229,.F.);
#1663 = ORIENTED_EDGE('',*,*,#1260,.F.);
#1664 = ORIENTED_EDGE('',*,*,#1291,.F.);
#1665 = ORIENTED_EDGE('',*,*,#1322,.F.);
#1666 = ORIENTED_EDGE('',*,*,#1353,.T.);
#1667 = ORIENTED_EDGE('',*,*,#1384,.T.);
#1668 = ORIENTED_EDGE('',*,*,#1415,.F.);
#1669 = ORIENTED_EDGE('',*,*,#1446,.F.);
#1670 = ORIENTED_EDGE('',*,*,#1477,.F.);
#1671 = ORIENTED_EDGE('',*,*,#1508,.F.);
#1672 = ORIENTED_EDGE('',*,*,#1539,.T.);
#1673 = ORIENTED_EDGE('',*,*,#1570,.T.);
#1674 = ORIENTED_EDGE('',*,*,#1601,.F.);
#1675 = ORIENTED_EDGE('',*,*,#1623,.F.);
#1676 = PLANE('',#1677);
#1677 = AXIS2_PLACEMENT_3D('',#1678,#1679,#1680);
#1678 = CARTESIAN_POINT('',(2.89,1.835,3.95));
#1679 = DIRECTION('',(0.,0.,-1.));
#1680 = DIRECTION('',(-1.,0.,0.));
#1681 = ADVANCED_FACE('',(#1682),#1724,.F.);
#1682 = FACE_BOUND('',#1683,.T.);
#1683 = EDGE_LOOP('',(#1684,#1685,#1686,#1687,#1688,#1689,#1690,#1691,
    #1692,#1693,#1694,#1695,#1696,#1697,#1698,#1699,#1700,#1701,#1702,
    #1703,#1704,#1705,#1706,#1707,#1708,#1709,#1710,#1711,#1712,#1713,
    #1714,#1715,#1716,#1717,#1718,#1719,#1720,#1721,#1722,#1723));
#1684 = ORIENTED_EDGE('',*,*,#407,.T.);
#1685 = ORIENTED_EDGE('',*,*,#438,.T.);
#1686 = ORIENTED_EDGE('',*,*,#469,.T.);
#1687 = ORIENTED_EDGE('',*,*,#500,.T.);
#1688 = ORIENTED_EDGE('',*,*,#540,.F.);
#1689 = ORIENTED_EDGE('',*,*,#562,.T.);
#1690 = ORIENTED_EDGE('',*,*,#593,.T.);
#1691 = ORIENTED_EDGE('',*,*,#624,.T.);
#1692 = ORIENTED_EDGE('',*,*,#655,.T.);
#1693 = ORIENTED_EDGE('',*,*,#695,.F.);
#1694 = ORIENTED_EDGE('',*,*,#717,.T.);
#1695 = ORIENTED_EDGE('',*,*,#748,.T.);
#1696 = ORIENTED_EDGE('',*,*,#779,.T.);
#1697 = ORIENTED_EDGE('',*,*,#810,.T.);
#1698 = ORIENTED_EDGE('',*,*,#841,.T.);
#1699 = ORIENTED_EDGE('',*,*,#881,.F.);
#1700 = ORIENTED_EDGE('',*,*,#912,.F.);
#1701 = ORIENTED_EDGE('',*,*,#934,.T.);
#1702 = ORIENTED_EDGE('',*,*,#965,.T.);
#1703 = ORIENTED_EDGE('',*,*,#996,.T.);
#1704 = ORIENTED_EDGE('',*,*,#1027,.T.);
#1705 = ORIENTED_EDGE('',*,*,#1067,.F.);
#1706 = ORIENTED_EDGE('',*,*,#1098,.F.);
#1707 = ORIENTED_EDGE('',*,*,#1129,.F.);
#1708 = ORIENTED_EDGE('',*,*,#1151,.T.);
#1709 = ORIENTED_EDGE('',*,*,#1182,.T.);
#1710 = ORIENTED_EDGE('',*,*,#1222,.F.);
#1711 = ORIENTED_EDGE('',*,*,#1253,.F.);
#1712 = ORIENTED_EDGE('',*,*,#1284,.F.);
#1713 = ORIENTED_EDGE('',*,*,#1315,.F.);
#1714 = ORIENTED_EDGE('',*,*,#1337,.T.);
#1715 = ORIENTED_EDGE('',*,*,#1368,.T.);
#1716 = ORIENTED_EDGE('',*,*,#1408,.F.);
#1717 = ORIENTED_EDGE('',*,*,#1439,.F.);
#1718 = ORIENTED_EDGE('',*,*,#1470,.F.);
#1719 = ORIENTED_EDGE('',*,*,#1501,.F.);
#1720 = ORIENTED_EDGE('',*,*,#1523,.T.);
#1721 = ORIENTED_EDGE('',*,*,#1554,.T.);
#1722 = ORIENTED_EDGE('',*,*,#1594,.F.);
#1723 = ORIENTED_EDGE('',*,*,#1616,.F.);
#1724 = PLANE('',#1725);
#1725 = AXIS2_PLACEMENT_3D('',#1726,#1727,#1728);
#1726 = CARTESIAN_POINT('',(2.89,1.835,4.));
#1727 = DIRECTION('',(0.,0.,-1.));
#1728 = DIRECTION('',(-1.,0.,0.));
#1729 = ( GEOMETRIC_REPRESENTATION_CONTEXT(3) 
GLOBAL_UNCERTAINTY_ASSIGNED_CONTEXT((#1733)) 
GLOBAL_UNIT_ASSIGNED_CONTEXT((#1730,#1731,#1732)) REPRESENTATION_CONTEXT
('Context #1','3D Context with UNIT and UNCERTAINTY') );
#1730 = ( LENGTH_UNIT() NAMED_UNIT(*) SI_UNIT(.MILLI.,.METRE.) );
#1731 = ( NAMED_UNIT(*) PLANE_ANGLE_UNIT() SI_UNIT($,.RADIAN.) );
#1732 = ( NAMED_UNIT(*) SI_UNIT($,.STERADIAN.) SOLID_ANGLE_UNIT() );
#1733 = UNCERTAINTY_MEASURE_WITH_UNIT(LENGTH_MEASURE(1.E-07),#1730,
  'distance_accuracy_value','confusion accuracy');
#1734 = CONTEXT_DEPENDENT_SHAPE_REPRESENTATION(#1735,#1737);
#1735 = ( REPRESENTATION_RELATIONSHIP('','',#56,#10) 
REPRESENTATION_RELATIONSHIP_WITH_TRANSFORMATION(#1736) 
SHAPE_REPRESENTATION_RELATIONSHIP() );
#1736 = ITEM_DEFINED_TRANSFORMATION('','',#11,#15);
#1737 = PRODUCT_DEFINITION_SHAPE('Placement','Placement of an item',
  #1738);
#1738 = NEXT_ASSEMBLY_USAGE_OCCURRENCE('1','R2','',#5,#51,$);
#1739 = PRODUCT_RELATED_PRODUCT_CATEGORY('part',$,(#53));
#1740 = SHAPE_DEFINITION_REPRESENTATION(#1741,#1747);
#1741 = PRODUCT_DEFINITION_SHAPE('','',#1742);
#1742 = PRODUCT_DEFINITION('design','',#1743,#1746);
#1743 = PRODUCT_DEFINITION_FORMATION('','',#1744);
#1744 = PRODUCT('BA9VPC--3DModel-STEP-269445',
  'BA9VPC--3DModel-STEP-269445','',(#1745));
#1745 = PRODUCT_CONTEXT('',#2,'mechanical');
#1746 = PRODUCT_DEFINITION_CONTEXT('part definition',#2,'design');
#1747 = SHAPE_REPRESENTATION('',(#11,#1748,#6116,#6882),#7648);
#1748 = MANIFOLD_SOLID_BREP('',#1749);
#1749 = CLOSED_SHELL('',(#1750,#1792,#1834,#1876,#1918,#1960,#2002,#2044
    ,#2086,#2128,#2170,#2212,#2254,#2296,#2368,#2408,#2448,#2588,#2633,
    #2710,#2755,#2869,#2900,#2931,#2962,#2993,#3343,#3445,#3469,#3493,
    #3517,#3537,#3557,#3652,#3676,#3700,#3724,#3748,#3772,#3860,#3969,
    #3989,#4031,#4048,#4070,#4094,#4129,#4151,#4182,#4207,#4231,#4319,
    #4350,#4381,#4405,#4429,#4453,#4477,#4501,#4518,#4542,#4566,#4590,
    #4614,#4638,#4671,#4711,#4736,#4760,#4785,#4809,#4833,#4857,#4875,
    #4919,#4943,#4985,#5002,#5024,#5036,#5048,#5060,#5072,#5084,#5096,
    #5114,#5132,#5146,#5163,#5180,#5238,#5262,#5280,#5294,#5334,#5365,
    #5389,#5413,#5430,#5446,#5458,#5470,#5482,#5500,#5514,#5532,#5546,
    #5564,#5578,#5590,#5614,#5631,#5643,#5667,#5684,#5696,#5727,#5767,
    #5779,#5801,#5813,#5844,#5884,#5896,#5918,#5930,#5942,#5954,#5971,
    #5988,#6000,#6017,#6034,#6046,#6063,#6080,#6092,#6104));
#1750 = ADVANCED_FACE('',(#1751),#1787,.F.);
#1751 = FACE_BOUND('',#1752,.F.);
#1752 = EDGE_LOOP('',(#1753,#1763,#1772,#1780));
#1753 = ORIENTED_EDGE('',*,*,#1754,.T.);
#1754 = EDGE_CURVE('',#1755,#1757,#1759,.T.);
#1755 = VERTEX_POINT('',#1756);
#1756 = CARTESIAN_POINT('',(-0.2667,2.921,13.5001));
#1757 = VERTEX_POINT('',#1758);
#1758 = CARTESIAN_POINT('',(-0.2667,3.937,13.5001));
#1759 = LINE('',#1760,#1761);
#1760 = CARTESIAN_POINT('',(-0.2667,2.921,13.5001));
#1761 = VECTOR('',#1762,1.);
#1762 = DIRECTION('',(-0.,1.,-0.));
#1763 = ORIENTED_EDGE('',*,*,#1764,.F.);
#1764 = EDGE_CURVE('',#1765,#1757,#1767,.T.);
#1765 = VERTEX_POINT('',#1766);
#1766 = CARTESIAN_POINT('',(-0.2667,3.937,8.9281));
#1767 = CIRCLE('',#1768,2.286);
#1768 = AXIS2_PLACEMENT_3D('',#1769,#1770,#1771);
#1769 = CARTESIAN_POINT('',(-0.2667,3.937,11.2141));
#1770 = DIRECTION('',(0.,1.,-0.));
#1771 = DIRECTION('',(0.,0.,1.));
#1772 = ORIENTED_EDGE('',*,*,#1773,.F.);
#1773 = EDGE_CURVE('',#1774,#1765,#1776,.T.);
#1774 = VERTEX_POINT('',#1775);
#1775 = CARTESIAN_POINT('',(-0.2667,2.921,8.9281));
#1776 = LINE('',#1777,#1778);
#1777 = CARTESIAN_POINT('',(-0.2667,2.921,8.9281));
#1778 = VECTOR('',#1779,1.);
#1779 = DIRECTION('',(-0.,1.,-0.));
#1780 = ORIENTED_EDGE('',*,*,#1781,.T.);
#1781 = EDGE_CURVE('',#1774,#1755,#1782,.T.);
#1782 = CIRCLE('',#1783,2.286);
#1783 = AXIS2_PLACEMENT_3D('',#1784,#1785,#1786);
#1784 = CARTESIAN_POINT('',(-0.2667,2.921,11.2141));
#1785 = DIRECTION('',(0.,1.,-0.));
#1786 = DIRECTION('',(0.,0.,1.));
#1787 = CYLINDRICAL_SURFACE('',#1788,2.286);
#1788 = AXIS2_PLACEMENT_3D('',#1789,#1790,#1791);
#1789 = CARTESIAN_POINT('',(-0.2667,2.921,11.2141));
#1790 = DIRECTION('',(-0.,1.,-0.));
#1791 = DIRECTION('',(0.,0.,1.));
#1792 = ADVANCED_FACE('',(#1793),#1829,.F.);
#1793 = FACE_BOUND('',#1794,.F.);
#1794 = EDGE_LOOP('',(#1795,#1805,#1814,#1822));
#1795 = ORIENTED_EDGE('',*,*,#1796,.T.);
#1796 = EDGE_CURVE('',#1797,#1799,#1801,.T.);
#1797 = VERTEX_POINT('',#1798);
#1798 = CARTESIAN_POINT('',(-13.7541,2.921,-8.8519));
#1799 = VERTEX_POINT('',#1800);
#1800 = CARTESIAN_POINT('',(-13.7541,3.937,-8.8519));
#1801 = LINE('',#1802,#1803);
#1802 = CARTESIAN_POINT('',(-13.7541,2.921,-8.8519));
#1803 = VECTOR('',#1804,1.);
#1804 = DIRECTION('',(-0.,1.,-0.));
#1805 = ORIENTED_EDGE('',*,*,#1806,.F.);
#1806 = EDGE_CURVE('',#1807,#1799,#1809,.T.);
#1807 = VERTEX_POINT('',#1808);
#1808 = CARTESIAN_POINT('',(-13.7541,3.937,-13.4239));
#1809 = CIRCLE('',#1810,2.286);
#1810 = AXIS2_PLACEMENT_3D('',#1811,#1812,#1813);
#1811 = CARTESIAN_POINT('',(-13.7541,3.937,-11.1379));
#1812 = DIRECTION('',(0.,1.,-0.));
#1813 = DIRECTION('',(0.,0.,1.));
#1814 = ORIENTED_EDGE('',*,*,#1815,.F.);
#1815 = EDGE_CURVE('',#1816,#1807,#1818,.T.);
#1816 = VERTEX_POINT('',#1817);
#1817 = CARTESIAN_POINT('',(-13.7541,2.921,-13.4239));
#1818 = LINE('',#1819,#1820);
#1819 = CARTESIAN_POINT('',(-13.7541,2.921,-13.4239));
#1820 = VECTOR('',#1821,1.);
#1821 = DIRECTION('',(-0.,1.,-0.));
#1822 = ORIENTED_EDGE('',*,*,#1823,.T.);
#1823 = EDGE_CURVE('',#1816,#1797,#1824,.T.);
#1824 = CIRCLE('',#1825,2.286);
#1825 = AXIS2_PLACEMENT_3D('',#1826,#1827,#1828);
#1826 = CARTESIAN_POINT('',(-13.7541,2.921,-11.1379));
#1827 = DIRECTION('',(0.,1.,-0.));
#1828 = DIRECTION('',(0.,0.,1.));
#1829 = CYLINDRICAL_SURFACE('',#1830,2.286);
#1830 = AXIS2_PLACEMENT_3D('',#1831,#1832,#1833);
#1831 = CARTESIAN_POINT('',(-13.7541,2.921,-11.1379));
#1832 = DIRECTION('',(-0.,1.,-0.));
#1833 = DIRECTION('',(0.,0.,1.));
#1834 = ADVANCED_FACE('',(#1835),#1871,.F.);
#1835 = FACE_BOUND('',#1836,.F.);
#1836 = EDGE_LOOP('',(#1837,#1847,#1856,#1864));
#1837 = ORIENTED_EDGE('',*,*,#1838,.T.);
#1838 = EDGE_CURVE('',#1839,#1841,#1843,.T.);
#1839 = VERTEX_POINT('',#1840);
#1840 = CARTESIAN_POINT('',(13.2207,2.921,-8.8519));
#1841 = VERTEX_POINT('',#1842);
#1842 = CARTESIAN_POINT('',(13.2207,3.937,-8.8519));
#1843 = LINE('',#1844,#1845);
#1844 = CARTESIAN_POINT('',(13.2207,2.921,-8.8519));
#1845 = VECTOR('',#1846,1.);
#1846 = DIRECTION('',(-0.,1.,-0.));
#1847 = ORIENTED_EDGE('',*,*,#1848,.F.);
#1848 = EDGE_CURVE('',#1849,#1841,#1851,.T.);
#1849 = VERTEX_POINT('',#1850);
#1850 = CARTESIAN_POINT('',(13.2207,3.937,-13.4239));
#1851 = CIRCLE('',#1852,2.286);
#1852 = AXIS2_PLACEMENT_3D('',#1853,#1854,#1855);
#1853 = CARTESIAN_POINT('',(13.2207,3.937,-11.1379));
#1854 = DIRECTION('',(0.,1.,-0.));
#1855 = DIRECTION('',(0.,0.,1.));
#1856 = ORIENTED_EDGE('',*,*,#1857,.F.);
#1857 = EDGE_CURVE('',#1858,#1849,#1860,.T.);
#1858 = VERTEX_POINT('',#1859);
#1859 = CARTESIAN_POINT('',(13.2207,2.921,-13.4239));
#1860 = LINE('',#1861,#1862);
#1861 = CARTESIAN_POINT('',(13.2207,2.921,-13.4239));
#1862 = VECTOR('',#1863,1.);
#1863 = DIRECTION('',(-0.,1.,-0.));
#1864 = ORIENTED_EDGE('',*,*,#1865,.T.);
#1865 = EDGE_CURVE('',#1858,#1839,#1866,.T.);
#1866 = CIRCLE('',#1867,2.286);
#1867 = AXIS2_PLACEMENT_3D('',#1868,#1869,#1870);
#1868 = CARTESIAN_POINT('',(13.2207,2.921,-11.1379));
#1869 = DIRECTION('',(0.,1.,-0.));
#1870 = DIRECTION('',(0.,0.,1.));
#1871 = CYLINDRICAL_SURFACE('',#1872,2.286);
#1872 = AXIS2_PLACEMENT_3D('',#1873,#1874,#1875);
#1873 = CARTESIAN_POINT('',(13.2207,2.921,-11.1379));
#1874 = DIRECTION('',(-0.,1.,-0.));
#1875 = DIRECTION('',(0.,0.,1.));
#1876 = ADVANCED_FACE('',(#1877),#1913,.T.);
#1877 = FACE_BOUND('',#1878,.T.);
#1878 = EDGE_LOOP('',(#1879,#1890,#1898,#1907));
#1879 = ORIENTED_EDGE('',*,*,#1880,.F.);
#1880 = EDGE_CURVE('',#1881,#1883,#1885,.T.);
#1881 = VERTEX_POINT('',#1882);
#1882 = CARTESIAN_POINT('',(-13.7541,1.397,-8.8519));
#1883 = VERTEX_POINT('',#1884);
#1884 = CARTESIAN_POINT('',(-13.7541,1.397,-13.4239));
#1885 = CIRCLE('',#1886,2.286);
#1886 = AXIS2_PLACEMENT_3D('',#1887,#1888,#1889);
#1887 = CARTESIAN_POINT('',(-13.7541,1.397,-11.1379));
#1888 = DIRECTION('',(0.,1.,-0.));
#1889 = DIRECTION('',(0.,0.,1.));
#1890 = ORIENTED_EDGE('',*,*,#1891,.T.);
#1891 = EDGE_CURVE('',#1881,#1892,#1894,.T.);
#1892 = VERTEX_POINT('',#1893);
#1893 = CARTESIAN_POINT('',(-13.7541,0.,-8.8519));
#1894 = LINE('',#1895,#1896);
#1895 = CARTESIAN_POINT('',(-13.7541,1.397,-8.8519));
#1896 = VECTOR('',#1897,1.);
#1897 = DIRECTION('',(0.,-1.,0.));
#1898 = ORIENTED_EDGE('',*,*,#1899,.T.);
#1899 = EDGE_CURVE('',#1892,#1900,#1902,.T.);
#1900 = VERTEX_POINT('',#1901);
#1901 = CARTESIAN_POINT('',(-13.7541,0.,-13.4239));
#1902 = CIRCLE('',#1903,2.286);
#1903 = AXIS2_PLACEMENT_3D('',#1904,#1905,#1906);
#1904 = CARTESIAN_POINT('',(-13.7541,0.,-11.1379));
#1905 = DIRECTION('',(0.,1.,-0.));
#1906 = DIRECTION('',(0.,0.,1.));
#1907 = ORIENTED_EDGE('',*,*,#1908,.F.);
#1908 = EDGE_CURVE('',#1883,#1900,#1909,.T.);
#1909 = LINE('',#1910,#1911);
#1910 = CARTESIAN_POINT('',(-13.7541,1.397,-13.4239));
#1911 = VECTOR('',#1912,1.);
#1912 = DIRECTION('',(0.,-1.,0.));
#1913 = CYLINDRICAL_SURFACE('',#1914,2.286);
#1914 = AXIS2_PLACEMENT_3D('',#1915,#1916,#1917);
#1915 = CARTESIAN_POINT('',(-13.7541,1.397,-11.1379));
#1916 = DIRECTION('',(0.,-1.,0.));
#1917 = DIRECTION('',(0.,0.,-1.));
#1918 = ADVANCED_FACE('',(#1919),#1955,.T.);
#1919 = FACE_BOUND('',#1920,.T.);
#1920 = EDGE_LOOP('',(#1921,#1932,#1940,#1949));
#1921 = ORIENTED_EDGE('',*,*,#1922,.F.);
#1922 = EDGE_CURVE('',#1923,#1925,#1927,.T.);
#1923 = VERTEX_POINT('',#1924);
#1924 = CARTESIAN_POINT('',(13.2207,1.397,-8.8519));
#1925 = VERTEX_POINT('',#1926);
#1926 = CARTESIAN_POINT('',(13.2207,1.397,-13.4239));
#1927 = CIRCLE('',#1928,2.286);
#1928 = AXIS2_PLACEMENT_3D('',#1929,#1930,#1931);
#1929 = CARTESIAN_POINT('',(13.2207,1.397,-11.1379));
#1930 = DIRECTION('',(0.,1.,-0.));
#1931 = DIRECTION('',(0.,0.,1.));
#1932 = ORIENTED_EDGE('',*,*,#1933,.T.);
#1933 = EDGE_CURVE('',#1923,#1934,#1936,.T.);
#1934 = VERTEX_POINT('',#1935);
#1935 = CARTESIAN_POINT('',(13.2207,0.,-8.8519));
#1936 = LINE('',#1937,#1938);
#1937 = CARTESIAN_POINT('',(13.2207,1.397,-8.8519));
#1938 = VECTOR('',#1939,1.);
#1939 = DIRECTION('',(0.,-1.,0.));
#1940 = ORIENTED_EDGE('',*,*,#1941,.T.);
#1941 = EDGE_CURVE('',#1934,#1942,#1944,.T.);
#1942 = VERTEX_POINT('',#1943);
#1943 = CARTESIAN_POINT('',(13.2207,0.,-13.4239));
#1944 = CIRCLE('',#1945,2.286);
#1945 = AXIS2_PLACEMENT_3D('',#1946,#1947,#1948);
#1946 = CARTESIAN_POINT('',(13.2207,0.,-11.1379));
#1947 = DIRECTION('',(0.,1.,-0.));
#1948 = DIRECTION('',(0.,0.,1.));
#1949 = ORIENTED_EDGE('',*,*,#1950,.F.);
#1950 = EDGE_CURVE('',#1925,#1942,#1951,.T.);
#1951 = LINE('',#1952,#1953);
#1952 = CARTESIAN_POINT('',(13.2207,1.397,-13.4239));
#1953 = VECTOR('',#1954,1.);
#1954 = DIRECTION('',(0.,-1.,0.));
#1955 = CYLINDRICAL_SURFACE('',#1956,2.286);
#1956 = AXIS2_PLACEMENT_3D('',#1957,#1958,#1959);
#1957 = CARTESIAN_POINT('',(13.2207,1.397,-11.1379));
#1958 = DIRECTION('',(0.,-1.,0.));
#1959 = DIRECTION('',(0.,0.,-1.));
#1960 = ADVANCED_FACE('',(#1961),#1997,.T.);
#1961 = FACE_BOUND('',#1962,.T.);
#1962 = EDGE_LOOP('',(#1963,#1974,#1982,#1991));
#1963 = ORIENTED_EDGE('',*,*,#1964,.F.);
#1964 = EDGE_CURVE('',#1965,#1967,#1969,.T.);
#1965 = VERTEX_POINT('',#1966);
#1966 = CARTESIAN_POINT('',(-0.2667,1.397,13.5001));
#1967 = VERTEX_POINT('',#1968);
#1968 = CARTESIAN_POINT('',(-0.2667,1.397,8.9281));
#1969 = CIRCLE('',#1970,2.286);
#1970 = AXIS2_PLACEMENT_3D('',#1971,#1972,#1973);
#1971 = CARTESIAN_POINT('',(-0.2667,1.397,11.2141));
#1972 = DIRECTION('',(0.,1.,-0.));
#1973 = DIRECTION('',(0.,0.,1.));
#1974 = ORIENTED_EDGE('',*,*,#1975,.T.);
#1975 = EDGE_CURVE('',#1965,#1976,#1978,.T.);
#1976 = VERTEX_POINT('',#1977);
#1977 = CARTESIAN_POINT('',(-0.2667,0.,13.5001));
#1978 = LINE('',#1979,#1980);
#1979 = CARTESIAN_POINT('',(-0.2667,1.397,13.5001));
#1980 = VECTOR('',#1981,1.);
#1981 = DIRECTION('',(0.,-1.,0.));
#1982 = ORIENTED_EDGE('',*,*,#1983,.T.);
#1983 = EDGE_CURVE('',#1976,#1984,#1986,.T.);
#1984 = VERTEX_POINT('',#1985);
#1985 = CARTESIAN_POINT('',(-0.2667,0.,8.9281));
#1986 = CIRCLE('',#1987,2.286);
#1987 = AXIS2_PLACEMENT_3D('',#1988,#1989,#1990);
#1988 = CARTESIAN_POINT('',(-0.2667,0.,11.2141));
#1989 = DIRECTION('',(0.,1.,-0.));
#1990 = DIRECTION('',(0.,0.,1.));
#1991 = ORIENTED_EDGE('',*,*,#1992,.F.);
#1992 = EDGE_CURVE('',#1967,#1984,#1993,.T.);
#1993 = LINE('',#1994,#1995);
#1994 = CARTESIAN_POINT('',(-0.2667,1.397,8.9281));
#1995 = VECTOR('',#1996,1.);
#1996 = DIRECTION('',(0.,-1.,0.));
#1997 = CYLINDRICAL_SURFACE('',#1998,2.286);
#1998 = AXIS2_PLACEMENT_3D('',#1999,#2000,#2001);
#1999 = CARTESIAN_POINT('',(-0.2667,1.397,11.2141));
#2000 = DIRECTION('',(0.,-1.,0.));
#2001 = DIRECTION('',(0.,0.,-1.));
#2002 = ADVANCED_FACE('',(#2003),#2039,.T.);
#2003 = FACE_BOUND('',#2004,.T.);
#2004 = EDGE_LOOP('',(#2005,#2016,#2024,#2033));
#2005 = ORIENTED_EDGE('',*,*,#2006,.F.);
#2006 = EDGE_CURVE('',#2007,#2009,#2011,.T.);
#2007 = VERTEX_POINT('',#2008);
#2008 = CARTESIAN_POINT('',(16.8275,4.191,-4.9623));
#2009 = VERTEX_POINT('',#2010);
#2010 = CARTESIAN_POINT('',(16.8275,4.191,-8.2203));
#2011 = CIRCLE('',#2012,1.629);
#2012 = AXIS2_PLACEMENT_3D('',#2013,#2014,#2015);
#2013 = CARTESIAN_POINT('',(16.8275,4.191,-6.5913));
#2014 = DIRECTION('',(0.,1.,-0.));
#2015 = DIRECTION('',(0.,0.,1.));
#2016 = ORIENTED_EDGE('',*,*,#2017,.T.);
#2017 = EDGE_CURVE('',#2007,#2018,#2020,.T.);
#2018 = VERTEX_POINT('',#2019);
#2019 = CARTESIAN_POINT('',(16.8275,3.937,-4.9623));
#2020 = LINE('',#2021,#2022);
#2021 = CARTESIAN_POINT('',(16.8275,4.191,-4.9623));
#2022 = VECTOR('',#2023,1.);
#2023 = DIRECTION('',(-0.,-1.,-0.));
#2024 = ORIENTED_EDGE('',*,*,#2025,.F.);
#2025 = EDGE_CURVE('',#2026,#2018,#2028,.T.);
#2026 = VERTEX_POINT('',#2027);
#2027 = CARTESIAN_POINT('',(16.8275,3.937,-8.2203));
#2028 = CIRCLE('',#2029,1.629);
#2029 = AXIS2_PLACEMENT_3D('',#2030,#2031,#2032);
#2030 = CARTESIAN_POINT('',(16.8275,3.937,-6.5913));
#2031 = DIRECTION('',(0.,-1.,0.));
#2032 = DIRECTION('',(0.,0.,1.));
#2033 = ORIENTED_EDGE('',*,*,#2034,.F.);
#2034 = EDGE_CURVE('',#2009,#2026,#2035,.T.);
#2035 = LINE('',#2036,#2037);
#2036 = CARTESIAN_POINT('',(16.8275,4.191,-8.2203));
#2037 = VECTOR('',#2038,1.);
#2038 = DIRECTION('',(-0.,-1.,-0.));
#2039 = CYLINDRICAL_SURFACE('',#2040,1.629);
#2040 = AXIS2_PLACEMENT_3D('',#2041,#2042,#2043);
#2041 = CARTESIAN_POINT('',(16.8275,4.191,-6.5913));
#2042 = DIRECTION('',(-0.,-1.,-0.));
#2043 = DIRECTION('',(0.,0.,-1.));
#2044 = ADVANCED_FACE('',(#2045),#2081,.F.);
#2045 = FACE_BOUND('',#2046,.F.);
#2046 = EDGE_LOOP('',(#2047,#2057,#2066,#2074));
#2047 = ORIENTED_EDGE('',*,*,#2048,.T.);
#2048 = EDGE_CURVE('',#2049,#2051,#2053,.T.);
#2049 = VERTEX_POINT('',#2050);
#2050 = CARTESIAN_POINT('',(16.8275,4.191,-7.9663));
#2051 = VERTEX_POINT('',#2052);
#2052 = CARTESIAN_POINT('',(16.8275,3.937,-7.9663));
#2053 = LINE('',#2054,#2055);
#2054 = CARTESIAN_POINT('',(16.8275,4.191,-7.9663));
#2055 = VECTOR('',#2056,1.);
#2056 = DIRECTION('',(-0.,-1.,-0.));
#2057 = ORIENTED_EDGE('',*,*,#2058,.F.);
#2058 = EDGE_CURVE('',#2059,#2051,#2061,.T.);
#2059 = VERTEX_POINT('',#2060);
#2060 = CARTESIAN_POINT('',(16.8275,3.937,-5.2163));
#2061 = CIRCLE('',#2062,1.375);
#2062 = AXIS2_PLACEMENT_3D('',#2063,#2064,#2065);
#2063 = CARTESIAN_POINT('',(16.8275,3.937,-6.5913));
#2064 = DIRECTION('',(0.,-1.,0.));
#2065 = DIRECTION('',(0.,0.,1.));
#2066 = ORIENTED_EDGE('',*,*,#2067,.F.);
#2067 = EDGE_CURVE('',#2068,#2059,#2070,.T.);
#2068 = VERTEX_POINT('',#2069);
#2069 = CARTESIAN_POINT('',(16.8275,4.191,-5.2163));
#2070 = LINE('',#2071,#2072);
#2071 = CARTESIAN_POINT('',(16.8275,4.191,-5.2163));
#2072 = VECTOR('',#2073,1.);
#2073 = DIRECTION('',(-0.,-1.,-0.));
#2074 = ORIENTED_EDGE('',*,*,#2075,.F.);
#2075 = EDGE_CURVE('',#2049,#2068,#2076,.T.);
#2076 = CIRCLE('',#2077,1.375);
#2077 = AXIS2_PLACEMENT_3D('',#2078,#2079,#2080);
#2078 = CARTESIAN_POINT('',(16.8275,4.191,-6.5913));
#2079 = DIRECTION('',(0.,1.,-0.));
#2080 = DIRECTION('',(0.,0.,1.));
#2081 = CYLINDRICAL_SURFACE('',#2082,1.375);
#2082 = AXIS2_PLACEMENT_3D('',#2083,#2084,#2085);
#2083 = CARTESIAN_POINT('',(16.8275,4.191,-6.5913));
#2084 = DIRECTION('',(-0.,-1.,-0.));
#2085 = DIRECTION('',(0.,0.,-1.));
#2086 = ADVANCED_FACE('',(#2087),#2123,.T.);
#2087 = FACE_BOUND('',#2088,.T.);
#2088 = EDGE_LOOP('',(#2089,#2100,#2108,#2117));
#2089 = ORIENTED_EDGE('',*,*,#2090,.F.);
#2090 = EDGE_CURVE('',#2091,#2093,#2095,.T.);
#2091 = VERTEX_POINT('',#2092);
#2092 = CARTESIAN_POINT('',(16.8275,4.191,8.2203));
#2093 = VERTEX_POINT('',#2094);
#2094 = CARTESIAN_POINT('',(16.8275,4.191,4.9623));
#2095 = CIRCLE('',#2096,1.629);
#2096 = AXIS2_PLACEMENT_3D('',#2097,#2098,#2099);
#2097 = CARTESIAN_POINT('',(16.8275,4.191,6.5913));
#2098 = DIRECTION('',(0.,1.,-0.));
#2099 = DIRECTION('',(0.,0.,1.));
#2100 = ORIENTED_EDGE('',*,*,#2101,.T.);
#2101 = EDGE_CURVE('',#2091,#2102,#2104,.T.);
#2102 = VERTEX_POINT('',#2103);
#2103 = CARTESIAN_POINT('',(16.8275,3.937,8.2203));
#2104 = LINE('',#2105,#2106);
#2105 = CARTESIAN_POINT('',(16.8275,4.191,8.2203));
#2106 = VECTOR('',#2107,1.);
#2107 = DIRECTION('',(-0.,-1.,-0.));
#2108 = ORIENTED_EDGE('',*,*,#2109,.F.);
#2109 = EDGE_CURVE('',#2110,#2102,#2112,.T.);
#2110 = VERTEX_POINT('',#2111);
#2111 = CARTESIAN_POINT('',(16.8275,3.937,4.9623));
#2112 = CIRCLE('',#2113,1.629);
#2113 = AXIS2_PLACEMENT_3D('',#2114,#2115,#2116);
#2114 = CARTESIAN_POINT('',(16.8275,3.937,6.5913));
#2115 = DIRECTION('',(0.,-1.,0.));
#2116 = DIRECTION('',(0.,0.,1.));
#2117 = ORIENTED_EDGE('',*,*,#2118,.F.);
#2118 = EDGE_CURVE('',#2093,#2110,#2119,.T.);
#2119 = LINE('',#2120,#2121);
#2120 = CARTESIAN_POINT('',(16.8275,4.191,4.9623));
#2121 = VECTOR('',#2122,1.);
#2122 = DIRECTION('',(-0.,-1.,-0.));
#2123 = CYLINDRICAL_SURFACE('',#2124,1.629);
#2124 = AXIS2_PLACEMENT_3D('',#2125,#2126,#2127);
#2125 = CARTESIAN_POINT('',(16.8275,4.191,6.5913));
#2126 = DIRECTION('',(-0.,-1.,-0.));
#2127 = DIRECTION('',(0.,0.,-1.));
#2128 = ADVANCED_FACE('',(#2129),#2165,.F.);
#2129 = FACE_BOUND('',#2130,.F.);
#2130 = EDGE_LOOP('',(#2131,#2141,#2150,#2158));
#2131 = ORIENTED_EDGE('',*,*,#2132,.T.);
#2132 = EDGE_CURVE('',#2133,#2135,#2137,.T.);
#2133 = VERTEX_POINT('',#2134);
#2134 = CARTESIAN_POINT('',(16.8275,4.191,5.2163));
#2135 = VERTEX_POINT('',#2136);
#2136 = CARTESIAN_POINT('',(16.8275,3.937,5.2163));
#2137 = LINE('',#2138,#2139);
#2138 = CARTESIAN_POINT('',(16.8275,4.191,5.2163));
#2139 = VECTOR('',#2140,1.);
#2140 = DIRECTION('',(-0.,-1.,-0.));
#2141 = ORIENTED_EDGE('',*,*,#2142,.F.);
#2142 = EDGE_CURVE('',#2143,#2135,#2145,.T.);
#2143 = VERTEX_POINT('',#2144);
#2144 = CARTESIAN_POINT('',(16.8275,3.937,7.9663));
#2145 = CIRCLE('',#2146,1.375);
#2146 = AXIS2_PLACEMENT_3D('',#2147,#2148,#2149);
#2147 = CARTESIAN_POINT('',(16.8275,3.937,6.5913));
#2148 = DIRECTION('',(0.,-1.,0.));
#2149 = DIRECTION('',(0.,0.,1.));
#2150 = ORIENTED_EDGE('',*,*,#2151,.F.);
#2151 = EDGE_CURVE('',#2152,#2143,#2154,.T.);
#2152 = VERTEX_POINT('',#2153);
#2153 = CARTESIAN_POINT('',(16.8275,4.191,7.9663));
#2154 = LINE('',#2155,#2156);
#2155 = CARTESIAN_POINT('',(16.8275,4.191,7.9663));
#2156 = VECTOR('',#2157,1.);
#2157 = DIRECTION('',(-0.,-1.,-0.));
#2158 = ORIENTED_EDGE('',*,*,#2159,.F.);
#2159 = EDGE_CURVE('',#2133,#2152,#2160,.T.);
#2160 = CIRCLE('',#2161,1.375);
#2161 = AXIS2_PLACEMENT_3D('',#2162,#2163,#2164);
#2162 = CARTESIAN_POINT('',(16.8275,4.191,6.5913));
#2163 = DIRECTION('',(0.,1.,-0.));
#2164 = DIRECTION('',(0.,0.,1.));
#2165 = CYLINDRICAL_SURFACE('',#2166,1.375);
#2166 = AXIS2_PLACEMENT_3D('',#2167,#2168,#2169);
#2167 = CARTESIAN_POINT('',(16.8275,4.191,6.5913));
#2168 = DIRECTION('',(-0.,-1.,-0.));
#2169 = DIRECTION('',(0.,0.,-1.));
#2170 = ADVANCED_FACE('',(#2171),#2207,.F.);
#2171 = FACE_BOUND('',#2172,.F.);
#2172 = EDGE_LOOP('',(#2173,#2183,#2192,#2200));
#2173 = ORIENTED_EDGE('',*,*,#2174,.T.);
#2174 = EDGE_CURVE('',#2175,#2177,#2179,.T.);
#2175 = VERTEX_POINT('',#2176);
#2176 = CARTESIAN_POINT('',(13.2207,2.921,-12.2809));
#2177 = VERTEX_POINT('',#2178);
#2178 = CARTESIAN_POINT('',(13.2207,0.,-12.2809));
#2179 = LINE('',#2180,#2181);
#2180 = CARTESIAN_POINT('',(13.2207,3.937,-12.2809));
#2181 = VECTOR('',#2182,1.);
#2182 = DIRECTION('',(-0.,-1.,-0.));
#2183 = ORIENTED_EDGE('',*,*,#2184,.T.);
#2184 = EDGE_CURVE('',#2177,#2185,#2187,.T.);
#2185 = VERTEX_POINT('',#2186);
#2186 = CARTESIAN_POINT('',(13.2207,0.,-9.9949));
#2187 = CIRCLE('',#2188,1.143);
#2188 = AXIS2_PLACEMENT_3D('',#2189,#2190,#2191);
#2189 = CARTESIAN_POINT('',(13.2207,0.,-11.1379));
#2190 = DIRECTION('',(0.,1.,-0.));
#2191 = DIRECTION('',(0.,0.,1.));
#2192 = ORIENTED_EDGE('',*,*,#2193,.F.);
#2193 = EDGE_CURVE('',#2194,#2185,#2196,.T.);
#2194 = VERTEX_POINT('',#2195);
#2195 = CARTESIAN_POINT('',(13.2207,2.921,-9.9949));
#2196 = LINE('',#2197,#2198);
#2197 = CARTESIAN_POINT('',(13.2207,3.937,-9.9949));
#2198 = VECTOR('',#2199,1.);
#2199 = DIRECTION('',(-0.,-1.,-0.));
#2200 = ORIENTED_EDGE('',*,*,#2201,.F.);
#2201 = EDGE_CURVE('',#2175,#2194,#2202,.T.);
#2202 = CIRCLE('',#2203,1.143);
#2203 = AXIS2_PLACEMENT_3D('',#2204,#2205,#2206);
#2204 = CARTESIAN_POINT('',(13.2207,2.921,-11.1379));
#2205 = DIRECTION('',(0.,1.,-0.));
#2206 = DIRECTION('',(0.,0.,1.));
#2207 = CYLINDRICAL_SURFACE('',#2208,1.143);
#2208 = AXIS2_PLACEMENT_3D('',#2209,#2210,#2211);
#2209 = CARTESIAN_POINT('',(13.2207,3.937,-11.1379));
#2210 = DIRECTION('',(-0.,-1.,-0.));
#2211 = DIRECTION('',(0.,0.,-1.));
#2212 = ADVANCED_FACE('',(#2213),#2249,.F.);
#2213 = FACE_BOUND('',#2214,.F.);
#2214 = EDGE_LOOP('',(#2215,#2225,#2234,#2242));
#2215 = ORIENTED_EDGE('',*,*,#2216,.T.);
#2216 = EDGE_CURVE('',#2217,#2219,#2221,.T.);
#2217 = VERTEX_POINT('',#2218);
#2218 = CARTESIAN_POINT('',(-13.7541,2.921,-12.2809));
#2219 = VERTEX_POINT('',#2220);
#2220 = CARTESIAN_POINT('',(-13.7541,0.,-12.2809));
#2221 = LINE('',#2222,#2223);
#2222 = CARTESIAN_POINT('',(-13.7541,3.937,-12.2809));
#2223 = VECTOR('',#2224,1.);
#2224 = DIRECTION('',(-0.,-1.,-0.));
#2225 = ORIENTED_EDGE('',*,*,#2226,.T.);
#2226 = EDGE_CURVE('',#2219,#2227,#2229,.T.);
#2227 = VERTEX_POINT('',#2228);
#2228 = CARTESIAN_POINT('',(-13.7541,0.,-9.9949));
#2229 = CIRCLE('',#2230,1.143);
#2230 = AXIS2_PLACEMENT_3D('',#2231,#2232,#2233);
#2231 = CARTESIAN_POINT('',(-13.7541,0.,-11.1379));
#2232 = DIRECTION('',(0.,1.,-0.));
#2233 = DIRECTION('',(0.,0.,1.));
#2234 = ORIENTED_EDGE('',*,*,#2235,.F.);
#2235 = EDGE_CURVE('',#2236,#2227,#2238,.T.);
#2236 = VERTEX_POINT('',#2237);
#2237 = CARTESIAN_POINT('',(-13.7541,2.921,-9.9949));
#2238 = LINE('',#2239,#2240);
#2239 = CARTESIAN_POINT('',(-13.7541,3.937,-9.9949));
#2240 = VECTOR('',#2241,1.);
#2241 = DIRECTION('',(-0.,-1.,-0.));
#2242 = ORIENTED_EDGE('',*,*,#2243,.F.);
#2243 = EDGE_CURVE('',#2217,#2236,#2244,.T.);
#2244 = CIRCLE('',#2245,1.143);
#2245 = AXIS2_PLACEMENT_3D('',#2246,#2247,#2248);
#2246 = CARTESIAN_POINT('',(-13.7541,2.921,-11.1379));
#2247 = DIRECTION('',(0.,1.,-0.));
#2248 = DIRECTION('',(0.,0.,1.));
#2249 = CYLINDRICAL_SURFACE('',#2250,1.143);
#2250 = AXIS2_PLACEMENT_3D('',#2251,#2252,#2253);
#2251 = CARTESIAN_POINT('',(-13.7541,3.937,-11.1379));
#2252 = DIRECTION('',(-0.,-1.,-0.));
#2253 = DIRECTION('',(0.,0.,-1.));
#2254 = ADVANCED_FACE('',(#2255),#2291,.F.);
#2255 = FACE_BOUND('',#2256,.F.);
#2256 = EDGE_LOOP('',(#2257,#2267,#2276,#2284));
#2257 = ORIENTED_EDGE('',*,*,#2258,.T.);
#2258 = EDGE_CURVE('',#2259,#2261,#2263,.T.);
#2259 = VERTEX_POINT('',#2260);
#2260 = CARTESIAN_POINT('',(-0.2667,2.921,10.0711));
#2261 = VERTEX_POINT('',#2262);
#2262 = CARTESIAN_POINT('',(-0.2667,0.,10.0711));
#2263 = LINE('',#2264,#2265);
#2264 = CARTESIAN_POINT('',(-0.2667,3.937,10.0711));
#2265 = VECTOR('',#2266,1.);
#2266 = DIRECTION('',(-0.,-1.,-0.));
#2267 = ORIENTED_EDGE('',*,*,#2268,.T.);
#2268 = EDGE_CURVE('',#2261,#2269,#2271,.T.);
#2269 = VERTEX_POINT('',#2270);
#2270 = CARTESIAN_POINT('',(-0.2667,0.,12.3571));
#2271 = CIRCLE('',#2272,1.143);
#2272 = AXIS2_PLACEMENT_3D('',#2273,#2274,#2275);
#2273 = CARTESIAN_POINT('',(-0.2667,0.,11.2141));
#2274 = DIRECTION('',(0.,1.,-0.));
#2275 = DIRECTION('',(0.,0.,1.));
#2276 = ORIENTED_EDGE('',*,*,#2277,.F.);
#2277 = EDGE_CURVE('',#2278,#2269,#2280,.T.);
#2278 = VERTEX_POINT('',#2279);
#2279 = CARTESIAN_POINT('',(-0.2667,2.921,12.3571));
#2280 = LINE('',#2281,#2282);
#2281 = CARTESIAN_POINT('',(-0.2667,3.937,12.3571));
#2282 = VECTOR('',#2283,1.);
#2283 = DIRECTION('',(-0.,-1.,-0.));
#2284 = ORIENTED_EDGE('',*,*,#2285,.F.);
#2285 = EDGE_CURVE('',#2259,#2278,#2286,.T.);
#2286 = CIRCLE('',#2287,1.143);
#2287 = AXIS2_PLACEMENT_3D('',#2288,#2289,#2290);
#2288 = CARTESIAN_POINT('',(-0.2667,2.921,11.2141));
#2289 = DIRECTION('',(0.,1.,0.));
#2290 = DIRECTION('',(0.,-0.,1.));
#2291 = CYLINDRICAL_SURFACE('',#2292,1.143);
#2292 = AXIS2_PLACEMENT_3D('',#2293,#2294,#2295);
#2293 = CARTESIAN_POINT('',(-0.2667,3.937,11.2141));
#2294 = DIRECTION('',(-0.,-1.,-0.));
#2295 = DIRECTION('',(0.,0.,-1.));
#2296 = ADVANCED_FACE('',(#2297),#2363,.T.);
#2297 = FACE_BOUND('',#2298,.T.);
#2298 = EDGE_LOOP('',(#2299,#2309,#2317,#2325,#2333,#2341,#2349,#2357));
#2299 = ORIENTED_EDGE('',*,*,#2300,.T.);
#2300 = EDGE_CURVE('',#2301,#2303,#2305,.T.);
#2301 = VERTEX_POINT('',#2302);
#2302 = CARTESIAN_POINT('',(25.8445,3.937,10.1092));
#2303 = VERTEX_POINT('',#2304);
#2304 = CARTESIAN_POINT('',(25.8445,3.937,7.4422));
#2305 = LINE('',#2306,#2307);
#2306 = CARTESIAN_POINT('',(25.8445,3.937,0.));
#2307 = VECTOR('',#2308,1.);
#2308 = DIRECTION('',(0.,-0.,-1.));
#2309 = ORIENTED_EDGE('',*,*,#2310,.T.);
#2310 = EDGE_CURVE('',#2303,#2311,#2313,.T.);
#2311 = VERTEX_POINT('',#2312);
#2312 = CARTESIAN_POINT('',(25.1841,3.937,7.4422));
#2313 = LINE('',#2314,#2315);
#2314 = CARTESIAN_POINT('',(0.,3.937,7.4422));
#2315 = VECTOR('',#2316,1.);
#2316 = DIRECTION('',(-1.,0.,0.));
#2317 = ORIENTED_EDGE('',*,*,#2318,.F.);
#2318 = EDGE_CURVE('',#2319,#2311,#2321,.T.);
#2319 = VERTEX_POINT('',#2320);
#2320 = CARTESIAN_POINT('',(25.1841,3.937,5.5372));
#2321 = LINE('',#2322,#2323);
#2322 = CARTESIAN_POINT('',(25.1841,3.937,0.));
#2323 = VECTOR('',#2324,1.);
#2324 = DIRECTION('',(0.,0.,1.));
#2325 = ORIENTED_EDGE('',*,*,#2326,.T.);
#2326 = EDGE_CURVE('',#2319,#2327,#2329,.T.);
#2327 = VERTEX_POINT('',#2328);
#2328 = CARTESIAN_POINT('',(25.8445,3.937,5.5372));
#2329 = LINE('',#2330,#2331);
#2330 = CARTESIAN_POINT('',(0.,3.937,5.5372));
#2331 = VECTOR('',#2332,1.);
#2332 = DIRECTION('',(1.,0.,0.));
#2333 = ORIENTED_EDGE('',*,*,#2334,.T.);
#2334 = EDGE_CURVE('',#2327,#2335,#2337,.T.);
#2335 = VERTEX_POINT('',#2336);
#2336 = CARTESIAN_POINT('',(25.8445,3.937,3.175));
#2337 = LINE('',#2338,#2339);
#2338 = CARTESIAN_POINT('',(25.8445,3.937,0.));
#2339 = VECTOR('',#2340,1.);
#2340 = DIRECTION('',(0.,-0.,-1.));
#2341 = ORIENTED_EDGE('',*,*,#2342,.T.);
#2342 = EDGE_CURVE('',#2335,#2343,#2345,.T.);
#2343 = VERTEX_POINT('',#2344);
#2344 = CARTESIAN_POINT('',(24.8793,3.937,3.175));
#2345 = LINE('',#2346,#2347);
#2346 = CARTESIAN_POINT('',(7.13290902951E-16,3.937,3.175));
#2347 = VECTOR('',#2348,1.);
#2348 = DIRECTION('',(-1.,0.,2.246585521105E-16));
#2349 = ORIENTED_EDGE('',*,*,#2350,.T.);
#2350 = EDGE_CURVE('',#2343,#2351,#2353,.T.);
#2351 = VERTEX_POINT('',#2352);
#2352 = CARTESIAN_POINT('',(24.8793,3.937,10.1092));
#2353 = LINE('',#2354,#2355);
#2354 = CARTESIAN_POINT('',(24.8793,3.937,-0.));
#2355 = VECTOR('',#2356,1.);
#2356 = DIRECTION('',(0.,0.,1.));
#2357 = ORIENTED_EDGE('',*,*,#2358,.T.);
#2358 = EDGE_CURVE('',#2351,#2301,#2359,.T.);
#2359 = LINE('',#2360,#2361);
#2360 = CARTESIAN_POINT('',(0.,3.937,10.1092));
#2361 = VECTOR('',#2362,1.);
#2362 = DIRECTION('',(1.,0.,0.));
#2363 = PLANE('',#2364);
#2364 = AXIS2_PLACEMENT_3D('',#2365,#2366,#2367);
#2365 = CARTESIAN_POINT('',(0.,3.937,0.));
#2366 = DIRECTION('',(0.,1.,-0.));
#2367 = DIRECTION('',(0.,0.,1.));
#2368 = ADVANCED_FACE('',(#2369),#2403,.T.);
#2369 = FACE_BOUND('',#2370,.T.);
#2370 = EDGE_LOOP('',(#2371,#2381,#2389,#2397));
#2371 = ORIENTED_EDGE('',*,*,#2372,.T.);
#2372 = EDGE_CURVE('',#2373,#2375,#2377,.T.);
#2373 = VERTEX_POINT('',#2374);
#2374 = CARTESIAN_POINT('',(25.1841,3.937,-10.7315));
#2375 = VERTEX_POINT('',#2376);
#2376 = CARTESIAN_POINT('',(25.1841,3.937,-7.3406));
#2377 = LINE('',#2378,#2379);
#2378 = CARTESIAN_POINT('',(25.1841,3.937,-0.));
#2379 = VECTOR('',#2380,1.);
#2380 = DIRECTION('',(0.,0.,1.));
#2381 = ORIENTED_EDGE('',*,*,#2382,.T.);
#2382 = EDGE_CURVE('',#2375,#2383,#2385,.T.);
#2383 = VERTEX_POINT('',#2384);
#2384 = CARTESIAN_POINT('',(25.8445,3.937,-7.3406));
#2385 = LINE('',#2386,#2387);
#2386 = CARTESIAN_POINT('',(0.,3.937,-7.3406));
#2387 = VECTOR('',#2388,1.);
#2388 = DIRECTION('',(1.,0.,0.));
#2389 = ORIENTED_EDGE('',*,*,#2390,.T.);
#2390 = EDGE_CURVE('',#2383,#2391,#2393,.T.);
#2391 = VERTEX_POINT('',#2392);
#2392 = CARTESIAN_POINT('',(25.8445,3.937,-10.7315));
#2393 = LINE('',#2394,#2395);
#2394 = CARTESIAN_POINT('',(25.8445,3.937,0.));
#2395 = VECTOR('',#2396,1.);
#2396 = DIRECTION('',(0.,-0.,-1.));
#2397 = ORIENTED_EDGE('',*,*,#2398,.T.);
#2398 = EDGE_CURVE('',#2391,#2373,#2399,.T.);
#2399 = LINE('',#2400,#2401);
#2400 = CARTESIAN_POINT('',(-8.938056934149E-15,3.937,-10.7315));
#2401 = VECTOR('',#2402,1.);
#2402 = DIRECTION('',(-1.,0.,8.328804858733E-16));
#2403 = PLANE('',#2404);
#2404 = AXIS2_PLACEMENT_3D('',#2405,#2406,#2407);
#2405 = CARTESIAN_POINT('',(0.,3.937,0.));
#2406 = DIRECTION('',(0.,1.,-0.));
#2407 = DIRECTION('',(0.,0.,1.));
#2408 = ADVANCED_FACE('',(#2409),#2443,.T.);
#2409 = FACE_BOUND('',#2410,.T.);
#2410 = EDGE_LOOP('',(#2411,#2421,#2429,#2437));
#2411 = ORIENTED_EDGE('',*,*,#2412,.T.);
#2412 = EDGE_CURVE('',#2413,#2415,#2417,.T.);
#2413 = VERTEX_POINT('',#2414);
#2414 = CARTESIAN_POINT('',(25.8445,3.937,-2.2733));
#2415 = VERTEX_POINT('',#2416);
#2416 = CARTESIAN_POINT('',(25.8445,3.937,-5.4356));
#2417 = LINE('',#2418,#2419);
#2418 = CARTESIAN_POINT('',(25.8445,3.937,0.));
#2419 = VECTOR('',#2420,1.);
#2420 = DIRECTION('',(0.,-0.,-1.));
#2421 = ORIENTED_EDGE('',*,*,#2422,.T.);
#2422 = EDGE_CURVE('',#2415,#2423,#2425,.T.);
#2423 = VERTEX_POINT('',#2424);
#2424 = CARTESIAN_POINT('',(25.1841,3.937,-5.4356));
#2425 = LINE('',#2426,#2427);
#2426 = CARTESIAN_POINT('',(0.,3.937,-5.4356));
#2427 = VECTOR('',#2428,1.);
#2428 = DIRECTION('',(-1.,0.,0.));
#2429 = ORIENTED_EDGE('',*,*,#2430,.T.);
#2430 = EDGE_CURVE('',#2423,#2431,#2433,.T.);
#2431 = VERTEX_POINT('',#2432);
#2432 = CARTESIAN_POINT('',(25.1841,3.937,-2.2733));
#2433 = LINE('',#2434,#2435);
#2434 = CARTESIAN_POINT('',(25.1841,3.937,-0.));
#2435 = VECTOR('',#2436,1.);
#2436 = DIRECTION('',(0.,0.,1.));
#2437 = ORIENTED_EDGE('',*,*,#2438,.T.);
#2438 = EDGE_CURVE('',#2431,#2413,#2439,.T.);
#2439 = LINE('',#2440,#2441);
#2440 = CARTESIAN_POINT('',(-1.95404492231E-15,3.937,-2.2733));
#2441 = VECTOR('',#2442,1.);
#2442 = DIRECTION('',(1.,0.,-8.595631559012E-16));
#2443 = PLANE('',#2444);
#2444 = AXIS2_PLACEMENT_3D('',#2445,#2446,#2447);
#2445 = CARTESIAN_POINT('',(0.,3.937,0.));
#2446 = DIRECTION('',(0.,1.,-0.));
#2447 = DIRECTION('',(0.,0.,1.));
#2448 = ADVANCED_FACE('',(#2449,#2515,#2549),#2583,.T.);
#2449 = FACE_BOUND('',#2450,.T.);
#2450 = EDGE_LOOP('',(#2451,#2461,#2469,#2477,#2485,#2493,#2501,#2509));
#2451 = ORIENTED_EDGE('',*,*,#2452,.T.);
#2452 = EDGE_CURVE('',#2453,#2455,#2457,.T.);
#2453 = VERTEX_POINT('',#2454);
#2454 = CARTESIAN_POINT('',(21.1201,0.,15.6845));
#2455 = VERTEX_POINT('',#2456);
#2456 = CARTESIAN_POINT('',(17.3101,0.,15.6845));
#2457 = LINE('',#2458,#2459);
#2458 = CARTESIAN_POINT('',(0.,0.,15.6845));
#2459 = VECTOR('',#2460,1.);
#2460 = DIRECTION('',(-1.,0.,-0.));
#2461 = ORIENTED_EDGE('',*,*,#2462,.T.);
#2462 = EDGE_CURVE('',#2455,#2463,#2465,.T.);
#2463 = VERTEX_POINT('',#2464);
#2464 = CARTESIAN_POINT('',(17.3101,0.,-15.6845));
#2465 = LINE('',#2466,#2467);
#2466 = CARTESIAN_POINT('',(17.3101,0.,3.829033356691E-15));
#2467 = VECTOR('',#2468,1.);
#2468 = DIRECTION('',(2.212022666935E-16,0.,-1.));
#2469 = ORIENTED_EDGE('',*,*,#2470,.T.);
#2470 = EDGE_CURVE('',#2463,#2471,#2473,.T.);
#2471 = VERTEX_POINT('',#2472);
#2472 = CARTESIAN_POINT('',(21.1201,0.,-15.6845));
#2473 = LINE('',#2474,#2475);
#2474 = CARTESIAN_POINT('',(0.,0.,-15.6845));
#2475 = VECTOR('',#2476,1.);
#2476 = DIRECTION('',(1.,0.,0.));
#2477 = ORIENTED_EDGE('',*,*,#2478,.T.);
#2478 = EDGE_CURVE('',#2471,#2479,#2481,.T.);
#2479 = VERTEX_POINT('',#2480);
#2480 = CARTESIAN_POINT('',(21.1201,0.,-12.2555));
#2481 = LINE('',#2482,#2483);
#2482 = CARTESIAN_POINT('',(21.1201,0.,6.410766978999E-14));
#2483 = VECTOR('',#2484,1.);
#2484 = DIRECTION('',(-3.035386659627E-15,0.,1.));
#2485 = ORIENTED_EDGE('',*,*,#2486,.T.);
#2486 = EDGE_CURVE('',#2479,#2487,#2489,.T.);
#2487 = VERTEX_POINT('',#2488);
#2488 = CARTESIAN_POINT('',(27.4701,0.,-12.2555));
#2489 = LINE('',#2490,#2491);
#2490 = CARTESIAN_POINT('',(-3.348016308635E-15,0.,-12.2555));
#2491 = VECTOR('',#2492,1.);
#2492 = DIRECTION('',(1.,0.,-2.731847993664E-16));
#2493 = ORIENTED_EDGE('',*,*,#2494,.T.);
#2494 = EDGE_CURVE('',#2487,#2495,#2497,.T.);
#2495 = VERTEX_POINT('',#2496);
#2496 = CARTESIAN_POINT('',(27.4701,0.,12.2555));
#2497 = LINE('',#2498,#2499);
#2498 = CARTESIAN_POINT('',(27.4701,0.,0.));
#2499 = VECTOR('',#2500,1.);
#2500 = DIRECTION('',(-0.,0.,1.));
#2501 = ORIENTED_EDGE('',*,*,#2502,.T.);
#2502 = EDGE_CURVE('',#2495,#2503,#2505,.T.);
#2503 = VERTEX_POINT('',#2504);
#2504 = CARTESIAN_POINT('',(21.1201,0.,12.2555));
#2505 = LINE('',#2506,#2507);
#2506 = CARTESIAN_POINT('',(3.348016308635E-15,0.,12.2555));
#2507 = VECTOR('',#2508,1.);
#2508 = DIRECTION('',(-1.,0.,2.731847993664E-16));
#2509 = ORIENTED_EDGE('',*,*,#2510,.T.);
#2510 = EDGE_CURVE('',#2503,#2453,#2511,.T.);
#2511 = LINE('',#2512,#2513);
#2512 = CARTESIAN_POINT('',(21.1201,0.,-2.136922326333E-14));
#2513 = VECTOR('',#2514,1.);
#2514 = DIRECTION('',(1.011795553209E-15,0.,1.));
#2515 = FACE_BOUND('',#2516,.T.);
#2516 = EDGE_LOOP('',(#2517,#2527,#2535,#2543));
#2517 = ORIENTED_EDGE('',*,*,#2518,.T.);
#2518 = EDGE_CURVE('',#2519,#2521,#2523,.T.);
#2519 = VERTEX_POINT('',#2520);
#2520 = CARTESIAN_POINT('',(25.1841,0.,7.4422));
#2521 = VERTEX_POINT('',#2522);
#2522 = CARTESIAN_POINT('',(25.8445,0.,7.4422));
#2523 = LINE('',#2524,#2525);
#2524 = CARTESIAN_POINT('',(0.,0.,7.4422));
#2525 = VECTOR('',#2526,1.);
#2526 = DIRECTION('',(1.,0.,0.));
#2527 = ORIENTED_EDGE('',*,*,#2528,.T.);
#2528 = EDGE_CURVE('',#2521,#2529,#2531,.T.);
#2529 = VERTEX_POINT('',#2530);
#2530 = CARTESIAN_POINT('',(25.8445,0.,5.5372));
#2531 = LINE('',#2532,#2533);
#2532 = CARTESIAN_POINT('',(25.8445,0.,0.));
#2533 = VECTOR('',#2534,1.);
#2534 = DIRECTION('',(0.,0.,-1.));
#2535 = ORIENTED_EDGE('',*,*,#2536,.T.);
#2536 = EDGE_CURVE('',#2529,#2537,#2539,.T.);
#2537 = VERTEX_POINT('',#2538);
#2538 = CARTESIAN_POINT('',(25.1841,0.,5.5372));
#2539 = LINE('',#2540,#2541);
#2540 = CARTESIAN_POINT('',(0.,0.,5.5372));
#2541 = VECTOR('',#2542,1.);
#2542 = DIRECTION('',(-1.,0.,0.));
#2543 = ORIENTED_EDGE('',*,*,#2544,.F.);
#2544 = EDGE_CURVE('',#2519,#2537,#2545,.T.);
#2545 = LINE('',#2546,#2547);
#2546 = CARTESIAN_POINT('',(25.1841,0.,0.));
#2547 = VECTOR('',#2548,1.);
#2548 = DIRECTION('',(0.,0.,-1.));
#2549 = FACE_BOUND('',#2550,.T.);
#2550 = EDGE_LOOP('',(#2551,#2561,#2569,#2577));
#2551 = ORIENTED_EDGE('',*,*,#2552,.T.);
#2552 = EDGE_CURVE('',#2553,#2555,#2557,.T.);
#2553 = VERTEX_POINT('',#2554);
#2554 = CARTESIAN_POINT('',(25.1841,0.,-5.4356));
#2555 = VERTEX_POINT('',#2556);
#2556 = CARTESIAN_POINT('',(25.8445,0.,-5.4356));
#2557 = LINE('',#2558,#2559);
#2558 = CARTESIAN_POINT('',(0.,0.,-5.4356));
#2559 = VECTOR('',#2560,1.);
#2560 = DIRECTION('',(1.,0.,0.));
#2561 = ORIENTED_EDGE('',*,*,#2562,.T.);
#2562 = EDGE_CURVE('',#2555,#2563,#2565,.T.);
#2563 = VERTEX_POINT('',#2564);
#2564 = CARTESIAN_POINT('',(25.8445,0.,-7.3406));
#2565 = LINE('',#2566,#2567);
#2566 = CARTESIAN_POINT('',(25.8445,0.,0.));
#2567 = VECTOR('',#2568,1.);
#2568 = DIRECTION('',(0.,0.,-1.));
#2569 = ORIENTED_EDGE('',*,*,#2570,.T.);
#2570 = EDGE_CURVE('',#2563,#2571,#2573,.T.);
#2571 = VERTEX_POINT('',#2572);
#2572 = CARTESIAN_POINT('',(25.1841,0.,-7.3406));
#2573 = LINE('',#2574,#2575);
#2574 = CARTESIAN_POINT('',(0.,0.,-7.3406));
#2575 = VECTOR('',#2576,1.);
#2576 = DIRECTION('',(-1.,0.,0.));
#2577 = ORIENTED_EDGE('',*,*,#2578,.F.);
#2578 = EDGE_CURVE('',#2553,#2571,#2579,.T.);
#2579 = LINE('',#2580,#2581);
#2580 = CARTESIAN_POINT('',(25.1841,0.,0.));
#2581 = VECTOR('',#2582,1.);
#2582 = DIRECTION('',(0.,0.,-1.));
#2583 = PLANE('',#2584);
#2584 = AXIS2_PLACEMENT_3D('',#2585,#2586,#2587);
#2585 = CARTESIAN_POINT('',(0.,0.,0.));
#2586 = DIRECTION('',(0.,-1.,0.));
#2587 = DIRECTION('',(0.,-0.,-1.));
#2588 = ADVANCED_FACE('',(#2589),#2628,.F.);
#2589 = FACE_BOUND('',#2590,.T.);
#2590 = EDGE_LOOP('',(#2591,#2592,#2598,#2599,#2605,#2606,#2614,#2622));
#2591 = ORIENTED_EDGE('',*,*,#2390,.F.);
#2592 = ORIENTED_EDGE('',*,*,#2593,.T.);
#2593 = EDGE_CURVE('',#2383,#2563,#2594,.T.);
#2594 = LINE('',#2595,#2596);
#2595 = CARTESIAN_POINT('',(25.8445,4.1529,-7.3406));
#2596 = VECTOR('',#2597,1.);
#2597 = DIRECTION('',(0.,-1.,0.));
#2598 = ORIENTED_EDGE('',*,*,#2562,.F.);
#2599 = ORIENTED_EDGE('',*,*,#2600,.T.);
#2600 = EDGE_CURVE('',#2555,#2415,#2601,.T.);
#2601 = LINE('',#2602,#2603);
#2602 = CARTESIAN_POINT('',(25.8445,-5.461,-5.4356));
#2603 = VECTOR('',#2604,1.);
#2604 = DIRECTION('',(0.,1.,0.));
#2605 = ORIENTED_EDGE('',*,*,#2412,.F.);
#2606 = ORIENTED_EDGE('',*,*,#2607,.F.);
#2607 = EDGE_CURVE('',#2608,#2413,#2610,.T.);
#2608 = VERTEX_POINT('',#2609);
#2609 = CARTESIAN_POINT('',(25.8445,21.4122,-2.2733));
#2610 = LINE('',#2611,#2612);
#2611 = CARTESIAN_POINT('',(25.8445,21.4122,-2.2733));
#2612 = VECTOR('',#2613,1.);
#2613 = DIRECTION('',(-0.,-1.,-0.));
#2614 = ORIENTED_EDGE('',*,*,#2615,.F.);
#2615 = EDGE_CURVE('',#2616,#2608,#2618,.T.);
#2616 = VERTEX_POINT('',#2617);
#2617 = CARTESIAN_POINT('',(25.8445,21.4122,-10.7315));
#2618 = LINE('',#2619,#2620);
#2619 = CARTESIAN_POINT('',(25.8445,21.4122,0.));
#2620 = VECTOR('',#2621,1.);
#2621 = DIRECTION('',(0.,0.,1.));
#2622 = ORIENTED_EDGE('',*,*,#2623,.T.);
#2623 = EDGE_CURVE('',#2616,#2391,#2624,.T.);
#2624 = LINE('',#2625,#2626);
#2625 = CARTESIAN_POINT('',(25.8445,21.4122,-10.7315));
#2626 = VECTOR('',#2627,1.);
#2627 = DIRECTION('',(-0.,-1.,-0.));
#2628 = PLANE('',#2629);
#2629 = AXIS2_PLACEMENT_3D('',#2630,#2631,#2632);
#2630 = CARTESIAN_POINT('',(25.8445,3.937,0.));
#2631 = DIRECTION('',(1.,0.,0.));
#2632 = DIRECTION('',(0.,0.,-1.));
#2633 = ADVANCED_FACE('',(#2634),#2705,.F.);
#2634 = FACE_BOUND('',#2635,.T.);
#2635 = EDGE_LOOP('',(#2636,#2637,#2643,#2644,#2650,#2651,#2659,#2667,
    #2675,#2683,#2691,#2699));
#2636 = ORIENTED_EDGE('',*,*,#2430,.F.);
#2637 = ORIENTED_EDGE('',*,*,#2638,.F.);
#2638 = EDGE_CURVE('',#2553,#2423,#2639,.T.);
#2639 = LINE('',#2640,#2641);
#2640 = CARTESIAN_POINT('',(25.1841,-5.461,-5.4356));
#2641 = VECTOR('',#2642,1.);
#2642 = DIRECTION('',(0.,1.,0.));
#2643 = ORIENTED_EDGE('',*,*,#2578,.T.);
#2644 = ORIENTED_EDGE('',*,*,#2645,.F.);
#2645 = EDGE_CURVE('',#2375,#2571,#2646,.T.);
#2646 = LINE('',#2647,#2648);
#2647 = CARTESIAN_POINT('',(25.1841,4.1529,-7.3406));
#2648 = VECTOR('',#2649,1.);
#2649 = DIRECTION('',(0.,-1.,0.));
#2650 = ORIENTED_EDGE('',*,*,#2372,.F.);
#2651 = ORIENTED_EDGE('',*,*,#2652,.F.);
#2652 = EDGE_CURVE('',#2653,#2373,#2655,.T.);
#2653 = VERTEX_POINT('',#2654);
#2654 = CARTESIAN_POINT('',(25.1841,17.907,-10.7315));
#2655 = LINE('',#2656,#2657);
#2656 = CARTESIAN_POINT('',(25.1841,17.907,-10.7315));
#2657 = VECTOR('',#2658,1.);
#2658 = DIRECTION('',(-0.,-1.,-0.));
#2659 = ORIENTED_EDGE('',*,*,#2660,.T.);
#2660 = EDGE_CURVE('',#2653,#2661,#2663,.T.);
#2661 = VERTEX_POINT('',#2662);
#2662 = CARTESIAN_POINT('',(25.1841,17.907,-8.4074));
#2663 = LINE('',#2664,#2665);
#2664 = CARTESIAN_POINT('',(25.1841,17.907,0.));
#2665 = VECTOR('',#2666,1.);
#2666 = DIRECTION('',(0.,0.,1.));
#2667 = ORIENTED_EDGE('',*,*,#2668,.T.);
#2668 = EDGE_CURVE('',#2661,#2669,#2671,.T.);
#2669 = VERTEX_POINT('',#2670);
#2670 = CARTESIAN_POINT('',(25.1841,10.287,-8.4074));
#2671 = LINE('',#2672,#2673);
#2672 = CARTESIAN_POINT('',(25.1841,17.907,-8.4074));
#2673 = VECTOR('',#2674,1.);
#2674 = DIRECTION('',(-0.,-1.,-0.));
#2675 = ORIENTED_EDGE('',*,*,#2676,.T.);
#2676 = EDGE_CURVE('',#2669,#2677,#2679,.T.);
#2677 = VERTEX_POINT('',#2678);
#2678 = CARTESIAN_POINT('',(25.1841,10.287,-4.5974));
#2679 = LINE('',#2680,#2681);
#2680 = CARTESIAN_POINT('',(25.1841,10.287,0.));
#2681 = VECTOR('',#2682,1.);
#2682 = DIRECTION('',(0.,0.,1.));
#2683 = ORIENTED_EDGE('',*,*,#2684,.F.);
#2684 = EDGE_CURVE('',#2685,#2677,#2687,.T.);
#2685 = VERTEX_POINT('',#2686);
#2686 = CARTESIAN_POINT('',(25.1841,17.907,-4.5974));
#2687 = LINE('',#2688,#2689);
#2688 = CARTESIAN_POINT('',(25.1841,17.907,-4.5974));
#2689 = VECTOR('',#2690,1.);
#2690 = DIRECTION('',(-0.,-1.,-0.));
#2691 = ORIENTED_EDGE('',*,*,#2692,.T.);
#2692 = EDGE_CURVE('',#2685,#2693,#2695,.T.);
#2693 = VERTEX_POINT('',#2694);
#2694 = CARTESIAN_POINT('',(25.1841,17.907,-2.2733));
#2695 = LINE('',#2696,#2697);
#2696 = CARTESIAN_POINT('',(25.1841,17.907,0.));
#2697 = VECTOR('',#2698,1.);
#2698 = DIRECTION('',(0.,0.,1.));
#2699 = ORIENTED_EDGE('',*,*,#2700,.T.);
#2700 = EDGE_CURVE('',#2693,#2431,#2701,.T.);
#2701 = LINE('',#2702,#2703);
#2702 = CARTESIAN_POINT('',(25.1841,17.907,-2.2733));
#2703 = VECTOR('',#2704,1.);
#2704 = DIRECTION('',(-0.,-1.,-0.));
#2705 = PLANE('',#2706);
#2706 = AXIS2_PLACEMENT_3D('',#2707,#2708,#2709);
#2707 = CARTESIAN_POINT('',(25.1841,3.937,0.));
#2708 = DIRECTION('',(-1.,0.,0.));
#2709 = DIRECTION('',(0.,0.,1.));
#2710 = ADVANCED_FACE('',(#2711),#2750,.F.);
#2711 = FACE_BOUND('',#2712,.T.);
#2712 = EDGE_LOOP('',(#2713,#2719,#2720,#2728,#2736,#2742,#2743,#2749));
#2713 = ORIENTED_EDGE('',*,*,#2714,.T.);
#2714 = EDGE_CURVE('',#2521,#2303,#2715,.T.);
#2715 = LINE('',#2716,#2717);
#2716 = CARTESIAN_POINT('',(25.8445,-5.461,7.4422));
#2717 = VECTOR('',#2718,1.);
#2718 = DIRECTION('',(0.,1.,0.));
#2719 = ORIENTED_EDGE('',*,*,#2300,.F.);
#2720 = ORIENTED_EDGE('',*,*,#2721,.F.);
#2721 = EDGE_CURVE('',#2722,#2301,#2724,.T.);
#2722 = VERTEX_POINT('',#2723);
#2723 = CARTESIAN_POINT('',(25.8445,21.4122,10.1092));
#2724 = LINE('',#2725,#2726);
#2725 = CARTESIAN_POINT('',(25.8445,21.4122,10.1092));
#2726 = VECTOR('',#2727,1.);
#2727 = DIRECTION('',(-0.,-1.,-0.));
#2728 = ORIENTED_EDGE('',*,*,#2729,.F.);
#2729 = EDGE_CURVE('',#2730,#2722,#2732,.T.);
#2730 = VERTEX_POINT('',#2731);
#2731 = CARTESIAN_POINT('',(25.8445,21.4122,3.175));
#2732 = LINE('',#2733,#2734);
#2733 = CARTESIAN_POINT('',(25.8445,21.4122,0.));
#2734 = VECTOR('',#2735,1.);
#2735 = DIRECTION('',(0.,0.,1.));
#2736 = ORIENTED_EDGE('',*,*,#2737,.T.);
#2737 = EDGE_CURVE('',#2730,#2335,#2738,.T.);
#2738 = LINE('',#2739,#2740);
#2739 = CARTESIAN_POINT('',(25.8445,21.4122,3.175));
#2740 = VECTOR('',#2741,1.);
#2741 = DIRECTION('',(-0.,-1.,-0.));
#2742 = ORIENTED_EDGE('',*,*,#2334,.F.);
#2743 = ORIENTED_EDGE('',*,*,#2744,.T.);
#2744 = EDGE_CURVE('',#2327,#2529,#2745,.T.);
#2745 = LINE('',#2746,#2747);
#2746 = CARTESIAN_POINT('',(25.8445,4.1529,5.5372));
#2747 = VECTOR('',#2748,1.);
#2748 = DIRECTION('',(0.,-1.,0.));
#2749 = ORIENTED_EDGE('',*,*,#2528,.F.);
#2750 = PLANE('',#2751);
#2751 = AXIS2_PLACEMENT_3D('',#2752,#2753,#2754);
#2752 = CARTESIAN_POINT('',(25.8445,3.937,0.));
#2753 = DIRECTION('',(1.,0.,0.));
#2754 = DIRECTION('',(0.,0.,-1.));
#2755 = ADVANCED_FACE('',(#2756,#2766),#2864,.T.);
#2756 = FACE_BOUND('',#2757,.T.);
#2757 = EDGE_LOOP('',(#2758,#2765));
#2758 = ORIENTED_EDGE('',*,*,#2759,.F.);
#2759 = EDGE_CURVE('',#2135,#2143,#2760,.T.);
#2760 = CIRCLE('',#2761,1.375);
#2761 = AXIS2_PLACEMENT_3D('',#2762,#2763,#2764);
#2762 = CARTESIAN_POINT('',(16.8275,3.937,6.5913));
#2763 = DIRECTION('',(0.,-1.,0.));
#2764 = DIRECTION('',(0.,0.,1.));
#2765 = ORIENTED_EDGE('',*,*,#2142,.F.);
#2766 = FACE_BOUND('',#2767,.T.);
#2767 = EDGE_LOOP('',(#2768,#2778,#2786,#2794,#2802,#2810,#2818,#2826,
    #2834,#2842,#2850,#2858));
#2768 = ORIENTED_EDGE('',*,*,#2769,.F.);
#2769 = EDGE_CURVE('',#2770,#2772,#2774,.T.);
#2770 = VERTEX_POINT('',#2771);
#2771 = CARTESIAN_POINT('',(16.7005,3.937,7.3413));
#2772 = VERTEX_POINT('',#2773);
#2773 = CARTESIAN_POINT('',(16.9545,3.937,7.3413));
#2774 = LINE('',#2775,#2776);
#2775 = CARTESIAN_POINT('',(16.7005,3.937,7.3413));
#2776 = VECTOR('',#2777,1.);
#2777 = DIRECTION('',(1.,0.,0.));
#2778 = ORIENTED_EDGE('',*,*,#2779,.F.);
#2779 = EDGE_CURVE('',#2780,#2770,#2782,.T.);
#2780 = VERTEX_POINT('',#2781);
#2781 = CARTESIAN_POINT('',(16.7005,3.937,6.7183));
#2782 = LINE('',#2783,#2784);
#2783 = CARTESIAN_POINT('',(16.7005,3.937,5.8413));
#2784 = VECTOR('',#2785,1.);
#2785 = DIRECTION('',(0.,0.,1.));
#2786 = ORIENTED_EDGE('',*,*,#2787,.T.);
#2787 = EDGE_CURVE('',#2780,#2788,#2790,.T.);
#2788 = VERTEX_POINT('',#2789);
#2789 = CARTESIAN_POINT('',(16.0775,3.937,6.7183));
#2790 = LINE('',#2791,#2792);
#2791 = CARTESIAN_POINT('',(0.,3.937,6.7183));
#2792 = VECTOR('',#2793,1.);
#2793 = DIRECTION('',(-1.,0.,0.));
#2794 = ORIENTED_EDGE('',*,*,#2795,.F.);
#2795 = EDGE_CURVE('',#2796,#2788,#2798,.T.);
#2796 = VERTEX_POINT('',#2797);
#2797 = CARTESIAN_POINT('',(16.0775,3.937,6.4643));
#2798 = LINE('',#2799,#2800);
#2799 = CARTESIAN_POINT('',(16.0775,3.937,0.));
#2800 = VECTOR('',#2801,1.);
#2801 = DIRECTION('',(0.,0.,1.));
#2802 = ORIENTED_EDGE('',*,*,#2803,.F.);
#2803 = EDGE_CURVE('',#2804,#2796,#2806,.T.);
#2804 = VERTEX_POINT('',#2805);
#2805 = CARTESIAN_POINT('',(16.7005,3.937,6.4643));
#2806 = LINE('',#2807,#2808);
#2807 = CARTESIAN_POINT('',(0.,3.937,6.4643));
#2808 = VECTOR('',#2809,1.);
#2809 = DIRECTION('',(-1.,0.,0.));
#2810 = ORIENTED_EDGE('',*,*,#2811,.F.);
#2811 = EDGE_CURVE('',#2812,#2804,#2814,.T.);
#2812 = VERTEX_POINT('',#2813);
#2813 = CARTESIAN_POINT('',(16.7005,3.937,5.8413));
#2814 = LINE('',#2815,#2816);
#2815 = CARTESIAN_POINT('',(16.7005,3.937,5.8413));
#2816 = VECTOR('',#2817,1.);
#2817 = DIRECTION('',(0.,0.,1.));
#2818 = ORIENTED_EDGE('',*,*,#2819,.F.);
#2819 = EDGE_CURVE('',#2820,#2812,#2822,.T.);
#2820 = VERTEX_POINT('',#2821);
#2821 = CARTESIAN_POINT('',(16.9545,3.937,5.8413));
#2822 = LINE('',#2823,#2824);
#2823 = CARTESIAN_POINT('',(16.7005,3.937,5.8413));
#2824 = VECTOR('',#2825,1.);
#2825 = DIRECTION('',(-1.,-0.,-0.));
#2826 = ORIENTED_EDGE('',*,*,#2827,.F.);
#2827 = EDGE_CURVE('',#2828,#2820,#2830,.T.);
#2828 = VERTEX_POINT('',#2829);
#2829 = CARTESIAN_POINT('',(16.9545,3.937,6.4643));
#2830 = LINE('',#2831,#2832);
#2831 = CARTESIAN_POINT('',(16.9545,3.937,5.8413));
#2832 = VECTOR('',#2833,1.);
#2833 = DIRECTION('',(-0.,-0.,-1.));
#2834 = ORIENTED_EDGE('',*,*,#2835,.F.);
#2835 = EDGE_CURVE('',#2836,#2828,#2838,.T.);
#2836 = VERTEX_POINT('',#2837);
#2837 = CARTESIAN_POINT('',(17.5775,3.937,6.4643));
#2838 = LINE('',#2839,#2840);
#2839 = CARTESIAN_POINT('',(0.,3.937,6.4643));
#2840 = VECTOR('',#2841,1.);
#2841 = DIRECTION('',(-1.,0.,0.));
#2842 = ORIENTED_EDGE('',*,*,#2843,.T.);
#2843 = EDGE_CURVE('',#2836,#2844,#2846,.T.);
#2844 = VERTEX_POINT('',#2845);
#2845 = CARTESIAN_POINT('',(17.5775,3.937,6.7183));
#2846 = LINE('',#2847,#2848);
#2847 = CARTESIAN_POINT('',(17.577499999999,3.937,-1.680667033802E-12));
#2848 = VECTOR('',#2849,1.);
#2849 = DIRECTION('',(9.561467977825E-14,0.,1.));
#2850 = ORIENTED_EDGE('',*,*,#2851,.T.);
#2851 = EDGE_CURVE('',#2844,#2852,#2854,.T.);
#2852 = VERTEX_POINT('',#2853);
#2853 = CARTESIAN_POINT('',(16.9545,3.937,6.7183));
#2854 = LINE('',#2855,#2856);
#2855 = CARTESIAN_POINT('',(0.,3.937,6.7183));
#2856 = VECTOR('',#2857,1.);
#2857 = DIRECTION('',(-1.,0.,0.));
#2858 = ORIENTED_EDGE('',*,*,#2859,.F.);
#2859 = EDGE_CURVE('',#2772,#2852,#2860,.T.);
#2860 = LINE('',#2861,#2862);
#2861 = CARTESIAN_POINT('',(16.9545,3.937,5.8413));
#2862 = VECTOR('',#2863,1.);
#2863 = DIRECTION('',(-0.,-0.,-1.));
#2864 = PLANE('',#2865);
#2865 = AXIS2_PLACEMENT_3D('',#2866,#2867,#2868);
#2866 = CARTESIAN_POINT('',(0.,3.937,0.));
#2867 = DIRECTION('',(0.,1.,-0.));
#2868 = DIRECTION('',(0.,0.,1.));
#2869 = ADVANCED_FACE('',(#2870),#2895,.F.);
#2870 = FACE_BOUND('',#2871,.T.);
#2871 = EDGE_LOOP('',(#2872,#2880,#2888,#2894));
#2872 = ORIENTED_EDGE('',*,*,#2873,.F.);
#2873 = EDGE_CURVE('',#2874,#2780,#2876,.T.);
#2874 = VERTEX_POINT('',#2875);
#2875 = CARTESIAN_POINT('',(16.7005,4.191,6.7183));
#2876 = LINE('',#2877,#2878);
#2877 = CARTESIAN_POINT('',(16.7005,4.191,6.7183));
#2878 = VECTOR('',#2879,1.);
#2879 = DIRECTION('',(0.,-1.,0.));
#2880 = ORIENTED_EDGE('',*,*,#2881,.F.);
#2881 = EDGE_CURVE('',#2882,#2874,#2884,.T.);
#2882 = VERTEX_POINT('',#2883);
#2883 = CARTESIAN_POINT('',(16.0775,4.191,6.7183));
#2884 = LINE('',#2885,#2886);
#2885 = CARTESIAN_POINT('',(0.,4.191,6.7183));
#2886 = VECTOR('',#2887,1.);
#2887 = DIRECTION('',(1.,-0.,0.));
#2888 = ORIENTED_EDGE('',*,*,#2889,.T.);
#2889 = EDGE_CURVE('',#2882,#2788,#2890,.T.);
#2890 = LINE('',#2891,#2892);
#2891 = CARTESIAN_POINT('',(16.0775,4.191,6.7183));
#2892 = VECTOR('',#2893,1.);
#2893 = DIRECTION('',(-0.,-1.,-0.));
#2894 = ORIENTED_EDGE('',*,*,#2787,.F.);
#2895 = PLANE('',#2896);
#2896 = AXIS2_PLACEMENT_3D('',#2897,#2898,#2899);
#2897 = CARTESIAN_POINT('',(0.,4.191,6.7183));
#2898 = DIRECTION('',(0.,0.,-1.));
#2899 = DIRECTION('',(-1.,0.,-0.));
#2900 = ADVANCED_FACE('',(#2901),#2926,.F.);
#2901 = FACE_BOUND('',#2902,.T.);
#2902 = EDGE_LOOP('',(#2903,#2911,#2912,#2920));
#2903 = ORIENTED_EDGE('',*,*,#2904,.F.);
#2904 = EDGE_CURVE('',#2852,#2905,#2907,.T.);
#2905 = VERTEX_POINT('',#2906);
#2906 = CARTESIAN_POINT('',(16.9545,4.191,6.7183));
#2907 = LINE('',#2908,#2909);
#2908 = CARTESIAN_POINT('',(16.9545,4.191,6.7183));
#2909 = VECTOR('',#2910,1.);
#2910 = DIRECTION('',(0.,1.,0.));
#2911 = ORIENTED_EDGE('',*,*,#2851,.F.);
#2912 = ORIENTED_EDGE('',*,*,#2913,.F.);
#2913 = EDGE_CURVE('',#2914,#2844,#2916,.T.);
#2914 = VERTEX_POINT('',#2915);
#2915 = CARTESIAN_POINT('',(17.5775,4.191,6.7183));
#2916 = LINE('',#2917,#2918);
#2917 = CARTESIAN_POINT('',(17.5775,4.191,6.7183));
#2918 = VECTOR('',#2919,1.);
#2919 = DIRECTION('',(-0.,-1.,-0.));
#2920 = ORIENTED_EDGE('',*,*,#2921,.F.);
#2921 = EDGE_CURVE('',#2905,#2914,#2922,.T.);
#2922 = LINE('',#2923,#2924);
#2923 = CARTESIAN_POINT('',(0.,4.191,6.7183));
#2924 = VECTOR('',#2925,1.);
#2925 = DIRECTION('',(1.,-0.,0.));
#2926 = PLANE('',#2927);
#2927 = AXIS2_PLACEMENT_3D('',#2928,#2929,#2930);
#2928 = CARTESIAN_POINT('',(0.,4.191,6.7183));
#2929 = DIRECTION('',(0.,0.,-1.));
#2930 = DIRECTION('',(-1.,0.,-0.));
#2931 = ADVANCED_FACE('',(#2932),#2957,.T.);
#2932 = FACE_BOUND('',#2933,.T.);
#2933 = EDGE_LOOP('',(#2934,#2944,#2950,#2951));
#2934 = ORIENTED_EDGE('',*,*,#2935,.T.);
#2935 = EDGE_CURVE('',#2936,#2938,#2940,.T.);
#2936 = VERTEX_POINT('',#2937);
#2937 = CARTESIAN_POINT('',(16.0775,4.191,6.4643));
#2938 = VERTEX_POINT('',#2939);
#2939 = CARTESIAN_POINT('',(16.7005,4.191,6.4643));
#2940 = LINE('',#2941,#2942);
#2941 = CARTESIAN_POINT('',(0.,4.191,6.4643));
#2942 = VECTOR('',#2943,1.);
#2943 = DIRECTION('',(1.,-0.,0.));
#2944 = ORIENTED_EDGE('',*,*,#2945,.T.);
#2945 = EDGE_CURVE('',#2938,#2804,#2946,.T.);
#2946 = LINE('',#2947,#2948);
#2947 = CARTESIAN_POINT('',(16.7005,4.191,6.4643));
#2948 = VECTOR('',#2949,1.);
#2949 = DIRECTION('',(0.,-1.,0.));
#2950 = ORIENTED_EDGE('',*,*,#2803,.T.);
#2951 = ORIENTED_EDGE('',*,*,#2952,.F.);
#2952 = EDGE_CURVE('',#2936,#2796,#2953,.T.);
#2953 = LINE('',#2954,#2955);
#2954 = CARTESIAN_POINT('',(16.0775,4.191,6.4643));
#2955 = VECTOR('',#2956,1.);
#2956 = DIRECTION('',(-0.,-1.,-0.));
#2957 = PLANE('',#2958);
#2958 = AXIS2_PLACEMENT_3D('',#2959,#2960,#2961);
#2959 = CARTESIAN_POINT('',(0.,4.191,6.4643));
#2960 = DIRECTION('',(0.,0.,-1.));
#2961 = DIRECTION('',(-1.,0.,-0.));
#2962 = ADVANCED_FACE('',(#2963),#2988,.T.);
#2963 = FACE_BOUND('',#2964,.T.);
#2964 = EDGE_LOOP('',(#2965,#2966,#2974,#2982));
#2965 = ORIENTED_EDGE('',*,*,#2835,.T.);
#2966 = ORIENTED_EDGE('',*,*,#2967,.T.);
#2967 = EDGE_CURVE('',#2828,#2968,#2970,.T.);
#2968 = VERTEX_POINT('',#2969);
#2969 = CARTESIAN_POINT('',(16.9545,4.191,6.4643));
#2970 = LINE('',#2971,#2972);
#2971 = CARTESIAN_POINT('',(16.9545,4.191,6.4643));
#2972 = VECTOR('',#2973,1.);
#2973 = DIRECTION('',(0.,1.,0.));
#2974 = ORIENTED_EDGE('',*,*,#2975,.T.);
#2975 = EDGE_CURVE('',#2968,#2976,#2978,.T.);
#2976 = VERTEX_POINT('',#2977);
#2977 = CARTESIAN_POINT('',(17.5775,4.191,6.4643));
#2978 = LINE('',#2979,#2980);
#2979 = CARTESIAN_POINT('',(0.,4.191,6.4643));
#2980 = VECTOR('',#2981,1.);
#2981 = DIRECTION('',(1.,-0.,0.));
#2982 = ORIENTED_EDGE('',*,*,#2983,.T.);
#2983 = EDGE_CURVE('',#2976,#2836,#2984,.T.);
#2984 = LINE('',#2985,#2986);
#2985 = CARTESIAN_POINT('',(17.5775,4.191,6.4643));
#2986 = VECTOR('',#2987,1.);
#2987 = DIRECTION('',(-0.,-1.,-0.));
#2988 = PLANE('',#2989);
#2989 = AXIS2_PLACEMENT_3D('',#2990,#2991,#2992);
#2990 = CARTESIAN_POINT('',(0.,4.191,6.4643));
#2991 = DIRECTION('',(0.,0.,-1.));
#2992 = DIRECTION('',(-1.,0.,-0.));
#2993 = ADVANCED_FACE('',(#2994,#3004,#3014,#3024,#3034,#3044),#3338,.T.
  );
#2994 = FACE_BOUND('',#2995,.T.);
#2995 = EDGE_LOOP('',(#2996,#3003));
#2996 = ORIENTED_EDGE('',*,*,#2997,.F.);
#2997 = EDGE_CURVE('',#1757,#1765,#2998,.T.);
#2998 = CIRCLE('',#2999,2.286);
#2999 = AXIS2_PLACEMENT_3D('',#3000,#3001,#3002);
#3000 = CARTESIAN_POINT('',(-0.2667,3.937,11.2141));
#3001 = DIRECTION('',(0.,1.,-0.));
#3002 = DIRECTION('',(0.,0.,1.));
#3003 = ORIENTED_EDGE('',*,*,#1764,.F.);
#3004 = FACE_BOUND('',#3005,.T.);
#3005 = EDGE_LOOP('',(#3006,#3013));
#3006 = ORIENTED_EDGE('',*,*,#3007,.F.);
#3007 = EDGE_CURVE('',#1799,#1807,#3008,.T.);
#3008 = CIRCLE('',#3009,2.286);
#3009 = AXIS2_PLACEMENT_3D('',#3010,#3011,#3012);
#3010 = CARTESIAN_POINT('',(-13.7541,3.937,-11.1379));
#3011 = DIRECTION('',(0.,1.,-0.));
#3012 = DIRECTION('',(0.,0.,1.));
#3013 = ORIENTED_EDGE('',*,*,#1806,.F.);
#3014 = FACE_BOUND('',#3015,.T.);
#3015 = EDGE_LOOP('',(#3016,#3023));
#3016 = ORIENTED_EDGE('',*,*,#3017,.F.);
#3017 = EDGE_CURVE('',#1841,#1849,#3018,.T.);
#3018 = CIRCLE('',#3019,2.286);
#3019 = AXIS2_PLACEMENT_3D('',#3020,#3021,#3022);
#3020 = CARTESIAN_POINT('',(13.2207,3.937,-11.1379));
#3021 = DIRECTION('',(0.,1.,-0.));
#3022 = DIRECTION('',(0.,0.,1.));
#3023 = ORIENTED_EDGE('',*,*,#1848,.F.);
#3024 = FACE_BOUND('',#3025,.T.);
#3025 = EDGE_LOOP('',(#3026,#3027));
#3026 = ORIENTED_EDGE('',*,*,#2025,.T.);
#3027 = ORIENTED_EDGE('',*,*,#3028,.T.);
#3028 = EDGE_CURVE('',#2018,#2026,#3029,.T.);
#3029 = CIRCLE('',#3030,1.629);
#3030 = AXIS2_PLACEMENT_3D('',#3031,#3032,#3033);
#3031 = CARTESIAN_POINT('',(16.8275,3.937,-6.5913));
#3032 = DIRECTION('',(0.,-1.,0.));
#3033 = DIRECTION('',(0.,0.,1.));
#3034 = FACE_BOUND('',#3035,.T.);
#3035 = EDGE_LOOP('',(#3036,#3037));
#3036 = ORIENTED_EDGE('',*,*,#2109,.T.);
#3037 = ORIENTED_EDGE('',*,*,#3038,.T.);
#3038 = EDGE_CURVE('',#2102,#2110,#3039,.T.);
#3039 = CIRCLE('',#3040,1.629);
#3040 = AXIS2_PLACEMENT_3D('',#3041,#3042,#3043);
#3041 = CARTESIAN_POINT('',(16.8275,3.937,6.5913));
#3042 = DIRECTION('',(0.,-1.,0.));
#3043 = DIRECTION('',(0.,0.,1.));
#3044 = FACE_BOUND('',#3045,.T.);
#3045 = EDGE_LOOP('',(#3046,#3056,#3064,#3072,#3081,#3089,#3098,#3106,
    #3114,#3122,#3131,#3139,#3148,#3156,#3164,#3172,#3180,#3188,#3196,
    #3204,#3212,#3220,#3228,#3236,#3244,#3252,#3260,#3268,#3276,#3284,
    #3292,#3300,#3308,#3316,#3324,#3332));
#3046 = ORIENTED_EDGE('',*,*,#3047,.T.);
#3047 = EDGE_CURVE('',#3048,#3050,#3052,.T.);
#3048 = VERTEX_POINT('',#3049);
#3049 = CARTESIAN_POINT('',(19.5961,3.937,10.7315));
#3050 = VERTEX_POINT('',#3051);
#3051 = CARTESIAN_POINT('',(23.9141,3.937,10.7315));
#3052 = LINE('',#3053,#3054);
#3053 = CARTESIAN_POINT('',(-1.724519220236E-14,3.937,10.7315));
#3054 = VECTOR('',#3055,1.);
#3055 = DIRECTION('',(1.,0.,1.606969408038E-15));
#3056 = ORIENTED_EDGE('',*,*,#3057,.T.);
#3057 = EDGE_CURVE('',#3050,#3058,#3060,.T.);
#3058 = VERTEX_POINT('',#3059);
#3059 = CARTESIAN_POINT('',(23.9141,3.937,2.3495));
#3060 = LINE('',#3061,#3062);
#3061 = CARTESIAN_POINT('',(23.9141,3.937,0.));
#3062 = VECTOR('',#3063,1.);
#3063 = DIRECTION('',(0.,-0.,-1.));
#3064 = ORIENTED_EDGE('',*,*,#3065,.T.);
#3065 = EDGE_CURVE('',#3058,#3066,#3068,.T.);
#3066 = VERTEX_POINT('',#3067);
#3067 = CARTESIAN_POINT('',(20.2946,3.937,2.3495));
#3068 = LINE('',#3069,#3070);
#3069 = CARTESIAN_POINT('',(5.630242860626E-16,3.937,2.3495));
#3070 = VECTOR('',#3071,1.);
#3071 = DIRECTION('',(-1.,0.,2.396357889179E-16));
#3072 = ORIENTED_EDGE('',*,*,#3073,.T.);
#3073 = EDGE_CURVE('',#3066,#3074,#3076,.T.);
#3074 = VERTEX_POINT('',#3075);
#3075 = CARTESIAN_POINT('',(19.5961,3.937,1.651));
#3076 = CIRCLE('',#3077,0.6985);
#3077 = AXIS2_PLACEMENT_3D('',#3078,#3079,#3080);
#3078 = CARTESIAN_POINT('',(20.2946,3.937,1.651));
#3079 = DIRECTION('',(0.,-1.,0.));
#3080 = DIRECTION('',(0.,0.,1.));
#3081 = ORIENTED_EDGE('',*,*,#3082,.T.);
#3082 = EDGE_CURVE('',#3074,#3083,#3085,.T.);
#3083 = VERTEX_POINT('',#3084);
#3084 = CARTESIAN_POINT('',(19.5961,3.937,1.524));
#3085 = LINE('',#3086,#3087);
#3086 = CARTESIAN_POINT('',(19.5961,3.937,0.));
#3087 = VECTOR('',#3088,1.);
#3088 = DIRECTION('',(0.,-0.,-1.));
#3089 = ORIENTED_EDGE('',*,*,#3090,.T.);
#3090 = EDGE_CURVE('',#3083,#3091,#3093,.T.);
#3091 = VERTEX_POINT('',#3092);
#3092 = CARTESIAN_POINT('',(20.2946,3.937,0.8255));
#3093 = CIRCLE('',#3094,0.6985);
#3094 = AXIS2_PLACEMENT_3D('',#3095,#3096,#3097);
#3095 = CARTESIAN_POINT('',(20.2946,3.937,1.524));
#3096 = DIRECTION('',(0.,-1.,0.));
#3097 = DIRECTION('',(0.,0.,1.));
#3098 = ORIENTED_EDGE('',*,*,#3099,.T.);
#3099 = EDGE_CURVE('',#3091,#3100,#3102,.T.);
#3100 = VERTEX_POINT('',#3101);
#3101 = CARTESIAN_POINT('',(25.8445,3.937,0.8255));
#3102 = LINE('',#3103,#3104);
#3103 = CARTESIAN_POINT('',(-8.063288468142E-17,3.937,0.8255));
#3104 = VECTOR('',#3105,1.);
#3105 = DIRECTION('',(1.,0.,9.767763135241E-17));
#3106 = ORIENTED_EDGE('',*,*,#3107,.T.);
#3107 = EDGE_CURVE('',#3100,#3108,#3110,.T.);
#3108 = VERTEX_POINT('',#3109);
#3109 = CARTESIAN_POINT('',(25.8445,3.937,-0.7493));
#3110 = LINE('',#3111,#3112);
#3111 = CARTESIAN_POINT('',(25.8445,3.937,0.));
#3112 = VECTOR('',#3113,1.);
#3113 = DIRECTION('',(0.,-0.,-1.));
#3114 = ORIENTED_EDGE('',*,*,#3115,.T.);
#3115 = EDGE_CURVE('',#3108,#3116,#3118,.T.);
#3116 = VERTEX_POINT('',#3117);
#3117 = CARTESIAN_POINT('',(20.2946,3.937,-0.7493));
#3118 = LINE('',#3119,#3120);
#3119 = CARTESIAN_POINT('',(-5.26966914041E-16,3.937,-0.7493));
#3120 = VECTOR('',#3121,1.);
#3121 = DIRECTION('',(-1.,0.,7.032789457374E-16));
#3122 = ORIENTED_EDGE('',*,*,#3123,.T.);
#3123 = EDGE_CURVE('',#3116,#3124,#3126,.T.);
#3124 = VERTEX_POINT('',#3125);
#3125 = CARTESIAN_POINT('',(19.5961,3.937,-1.4478));
#3126 = CIRCLE('',#3127,0.6985);
#3127 = AXIS2_PLACEMENT_3D('',#3128,#3129,#3130);
#3128 = CARTESIAN_POINT('',(20.2946,3.937,-1.4478));
#3129 = DIRECTION('',(0.,-1.,0.));
#3130 = DIRECTION('',(0.,0.,1.));
#3131 = ORIENTED_EDGE('',*,*,#3132,.T.);
#3132 = EDGE_CURVE('',#3124,#3133,#3135,.T.);
#3133 = VERTEX_POINT('',#3134);
#3134 = CARTESIAN_POINT('',(19.5961,3.937,-1.5748));
#3135 = LINE('',#3136,#3137);
#3136 = CARTESIAN_POINT('',(19.5961,3.937,-5.353356646864E-13));
#3137 = VECTOR('',#3138,1.);
#3138 = DIRECTION('',(-2.731847993664E-14,0.,-1.));
#3139 = ORIENTED_EDGE('',*,*,#3140,.T.);
#3140 = EDGE_CURVE('',#3133,#3141,#3143,.T.);
#3141 = VERTEX_POINT('',#3142);
#3142 = CARTESIAN_POINT('',(20.2946,3.937,-2.2733));
#3143 = CIRCLE('',#3144,0.6985);
#3144 = AXIS2_PLACEMENT_3D('',#3145,#3146,#3147);
#3145 = CARTESIAN_POINT('',(20.2946,3.937,-1.5748));
#3146 = DIRECTION('',(0.,-1.,0.));
#3147 = DIRECTION('',(0.,0.,1.));
#3148 = ORIENTED_EDGE('',*,*,#3149,.T.);
#3149 = EDGE_CURVE('',#3141,#3150,#3152,.T.);
#3150 = VERTEX_POINT('',#3151);
#3151 = CARTESIAN_POINT('',(24.2189,3.937,-2.2733));
#3152 = LINE('',#3153,#3154);
#3153 = CARTESIAN_POINT('',(-1.95404492231E-15,3.937,-2.2733));
#3154 = VECTOR('',#3155,1.);
#3155 = DIRECTION('',(1.,0.,-8.595631559012E-16));
#3156 = ORIENTED_EDGE('',*,*,#3157,.F.);
#3157 = EDGE_CURVE('',#3158,#3150,#3160,.T.);
#3158 = VERTEX_POINT('',#3159);
#3159 = CARTESIAN_POINT('',(24.2189,3.937,-10.7315));
#3160 = LINE('',#3161,#3162);
#3161 = CARTESIAN_POINT('',(24.2189,3.937,-0.));
#3162 = VECTOR('',#3163,1.);
#3163 = DIRECTION('',(0.,0.,1.));
#3164 = ORIENTED_EDGE('',*,*,#3165,.T.);
#3165 = EDGE_CURVE('',#3158,#3166,#3168,.T.);
#3166 = VERTEX_POINT('',#3167);
#3167 = CARTESIAN_POINT('',(19.5961,3.937,-10.7315));
#3168 = LINE('',#3169,#3170);
#3169 = CARTESIAN_POINT('',(-8.938056934149E-15,3.937,-10.7315));
#3170 = VECTOR('',#3171,1.);
#3171 = DIRECTION('',(-1.,0.,8.328804858733E-16));
#3172 = ORIENTED_EDGE('',*,*,#3173,.T.);
#3173 = EDGE_CURVE('',#3166,#3174,#3176,.T.);
#3174 = VERTEX_POINT('',#3175);
#3175 = CARTESIAN_POINT('',(19.5961,3.937,-14.1605));
#3176 = LINE('',#3177,#3178);
#3177 = CARTESIAN_POINT('',(19.5961,3.937,1.982724684024E-14));
#3178 = VECTOR('',#3179,1.);
#3179 = DIRECTION('',(1.011795553209E-15,0.,-1.));
#3180 = ORIENTED_EDGE('',*,*,#3181,.T.);
#3181 = EDGE_CURVE('',#3174,#3182,#3184,.T.);
#3182 = VERTEX_POINT('',#3183);
#3183 = CARTESIAN_POINT('',(4.3561,3.937,-14.1605));
#3184 = LINE('',#3185,#3186);
#3185 = CARTESIAN_POINT('',(0.,3.937,-14.1605));
#3186 = VECTOR('',#3187,1.);
#3187 = DIRECTION('',(-1.,0.,0.));
#3188 = ORIENTED_EDGE('',*,*,#3189,.T.);
#3189 = EDGE_CURVE('',#3182,#3190,#3192,.T.);
#3190 = VERTEX_POINT('',#3191);
#3191 = CARTESIAN_POINT('',(4.3561,3.937,-12.6365));
#3192 = LINE('',#3193,#3194);
#3193 = CARTESIAN_POINT('',(4.3561,3.937,-4.9584179355E-15));
#3194 = VECTOR('',#3195,1.);
#3195 = DIRECTION('',(1.13826999736E-15,0.,1.));
#3196 = ORIENTED_EDGE('',*,*,#3197,.T.);
#3197 = EDGE_CURVE('',#3190,#3198,#3200,.T.);
#3198 = VERTEX_POINT('',#3199);
#3199 = CARTESIAN_POINT('',(-4.9149,3.937,-12.6365));
#3200 = LINE('',#3201,#3202);
#3201 = CARTESIAN_POINT('',(0.,3.937,-12.6365));
#3202 = VECTOR('',#3203,1.);
#3203 = DIRECTION('',(-1.,0.,0.));
#3204 = ORIENTED_EDGE('',*,*,#3205,.T.);
#3205 = EDGE_CURVE('',#3198,#3206,#3208,.T.);
#3206 = VERTEX_POINT('',#3207);
#3207 = CARTESIAN_POINT('',(-4.9149,3.937,-15.6845));
#3208 = LINE('',#3209,#3210);
#3209 = CARTESIAN_POINT('',(-4.9149,3.937,1.398620802506E-15));
#3210 = VECTOR('',#3211,1.);
#3211 = DIRECTION('',(-2.8456749934E-16,0.,-1.));
#3212 = ORIENTED_EDGE('',*,*,#3213,.F.);
#3213 = EDGE_CURVE('',#3214,#3206,#3216,.T.);
#3214 = VERTEX_POINT('',#3215);
#3215 = CARTESIAN_POINT('',(-16.9291,3.937,-15.6845));
#3216 = LINE('',#3217,#3218);
#3217 = CARTESIAN_POINT('',(0.,3.937,-15.6845));
#3218 = VECTOR('',#3219,1.);
#3219 = DIRECTION('',(1.,-0.,0.));
#3220 = ORIENTED_EDGE('',*,*,#3221,.F.);
#3221 = EDGE_CURVE('',#3222,#3214,#3224,.T.);
#3222 = VERTEX_POINT('',#3223);
#3223 = CARTESIAN_POINT('',(-16.9291,3.937,-14.1605));
#3224 = LINE('',#3225,#3226);
#3225 = CARTESIAN_POINT('',(-16.9291,3.937,0.));
#3226 = VECTOR('',#3227,1.);
#3227 = DIRECTION('',(0.,0.,-1.));
#3228 = ORIENTED_EDGE('',*,*,#3229,.F.);
#3229 = EDGE_CURVE('',#3230,#3222,#3232,.T.);
#3230 = VERTEX_POINT('',#3231);
#3231 = CARTESIAN_POINT('',(-27.4701,3.937,-14.1605));
#3232 = LINE('',#3233,#3234);
#3233 = CARTESIAN_POINT('',(0.,3.937,-14.1605));
#3234 = VECTOR('',#3235,1.);
#3235 = DIRECTION('',(1.,-0.,0.));
#3236 = ORIENTED_EDGE('',*,*,#3237,.F.);
#3237 = EDGE_CURVE('',#3238,#3230,#3240,.T.);
#3238 = VERTEX_POINT('',#3239);
#3239 = CARTESIAN_POINT('',(-27.4701,3.937,-4.953));
#3240 = LINE('',#3241,#3242);
#3241 = CARTESIAN_POINT('',(-27.4701,3.937,0.));
#3242 = VECTOR('',#3243,1.);
#3243 = DIRECTION('',(0.,0.,-1.));
#3244 = ORIENTED_EDGE('',*,*,#3245,.T.);
#3245 = EDGE_CURVE('',#3238,#3246,#3248,.T.);
#3246 = VERTEX_POINT('',#3247);
#3247 = CARTESIAN_POINT('',(-25.9461,3.937,-4.953));
#3248 = LINE('',#3249,#3250);
#3249 = CARTESIAN_POINT('',(0.,3.937,-4.953));
#3250 = VECTOR('',#3251,1.);
#3251 = DIRECTION('',(1.,-0.,0.));
#3252 = ORIENTED_EDGE('',*,*,#3253,.T.);
#3253 = EDGE_CURVE('',#3246,#3254,#3256,.T.);
#3254 = VERTEX_POINT('',#3255);
#3255 = CARTESIAN_POINT('',(-25.9461,3.937,4.953));
#3256 = LINE('',#3257,#3258);
#3257 = CARTESIAN_POINT('',(-25.9461,3.937,0.));
#3258 = VECTOR('',#3259,1.);
#3259 = DIRECTION('',(0.,0.,1.));
#3260 = ORIENTED_EDGE('',*,*,#3261,.T.);
#3261 = EDGE_CURVE('',#3254,#3262,#3264,.T.);
#3262 = VERTEX_POINT('',#3263);
#3263 = CARTESIAN_POINT('',(-27.4701,3.937,4.953));
#3264 = LINE('',#3265,#3266);
#3265 = CARTESIAN_POINT('',(0.,3.937,4.953));
#3266 = VECTOR('',#3267,1.);
#3267 = DIRECTION('',(-1.,0.,0.));
#3268 = ORIENTED_EDGE('',*,*,#3269,.F.);
#3269 = EDGE_CURVE('',#3270,#3262,#3272,.T.);
#3270 = VERTEX_POINT('',#3271);
#3271 = CARTESIAN_POINT('',(-27.4701,3.937,14.1605));
#3272 = LINE('',#3273,#3274);
#3273 = CARTESIAN_POINT('',(-27.4701,3.937,0.));
#3274 = VECTOR('',#3275,1.);
#3275 = DIRECTION('',(0.,0.,-1.));
#3276 = ORIENTED_EDGE('',*,*,#3277,.T.);
#3277 = EDGE_CURVE('',#3270,#3278,#3280,.T.);
#3278 = VERTEX_POINT('',#3279);
#3279 = CARTESIAN_POINT('',(-16.9291,3.937,14.1605));
#3280 = LINE('',#3281,#3282);
#3281 = CARTESIAN_POINT('',(0.,3.937,14.1605));
#3282 = VECTOR('',#3283,1.);
#3283 = DIRECTION('',(1.,-0.,0.));
#3284 = ORIENTED_EDGE('',*,*,#3285,.T.);
#3285 = EDGE_CURVE('',#3278,#3286,#3288,.T.);
#3286 = VERTEX_POINT('',#3287);
#3287 = CARTESIAN_POINT('',(-16.9291,3.937,15.6845));
#3288 = LINE('',#3289,#3290);
#3289 = CARTESIAN_POINT('',(-16.9291,3.937,0.));
#3290 = VECTOR('',#3291,1.);
#3291 = DIRECTION('',(0.,0.,1.));
#3292 = ORIENTED_EDGE('',*,*,#3293,.T.);
#3293 = EDGE_CURVE('',#3286,#3294,#3296,.T.);
#3294 = VERTEX_POINT('',#3295);
#3295 = CARTESIAN_POINT('',(4.3561,3.937,15.6845));
#3296 = LINE('',#3297,#3298);
#3297 = CARTESIAN_POINT('',(0.,3.937,15.6845));
#3298 = VECTOR('',#3299,1.);
#3299 = DIRECTION('',(1.,-0.,0.));
#3300 = ORIENTED_EDGE('',*,*,#3301,.T.);
#3301 = EDGE_CURVE('',#3294,#3302,#3304,.T.);
#3302 = VERTEX_POINT('',#3303);
#3303 = CARTESIAN_POINT('',(4.3561,3.937,12.6365));
#3304 = LINE('',#3305,#3306);
#3305 = CARTESIAN_POINT('',(4.3561,3.937,-2.47920896775E-15));
#3306 = VECTOR('',#3307,1.);
#3307 = DIRECTION('',(-5.691349986801E-16,0.,-1.));
#3308 = ORIENTED_EDGE('',*,*,#3309,.T.);
#3309 = EDGE_CURVE('',#3302,#3310,#3312,.T.);
#3310 = VERTEX_POINT('',#3311);
#3311 = CARTESIAN_POINT('',(13.2461,3.937,12.6365));
#3312 = LINE('',#3313,#3314);
#3313 = CARTESIAN_POINT('',(0.,3.937,12.6365));
#3314 = VECTOR('',#3315,1.);
#3315 = DIRECTION('',(1.,0.,0.));
#3316 = ORIENTED_EDGE('',*,*,#3317,.T.);
#3317 = EDGE_CURVE('',#3310,#3318,#3320,.T.);
#3318 = VERTEX_POINT('',#3319);
#3319 = CARTESIAN_POINT('',(13.2461,3.937,14.1605));
#3320 = LINE('',#3321,#3322);
#3321 = CARTESIAN_POINT('',(13.2461,3.937,0.));
#3322 = VECTOR('',#3323,1.);
#3323 = DIRECTION('',(0.,0.,1.));
#3324 = ORIENTED_EDGE('',*,*,#3325,.T.);
#3325 = EDGE_CURVE('',#3318,#3326,#3328,.T.);
#3326 = VERTEX_POINT('',#3327);
#3327 = CARTESIAN_POINT('',(19.5961,3.937,14.1605));
#3328 = LINE('',#3329,#3330);
#3329 = CARTESIAN_POINT('',(0.,3.937,14.1605));
#3330 = VECTOR('',#3331,1.);
#3331 = DIRECTION('',(1.,0.,0.));
#3332 = ORIENTED_EDGE('',*,*,#3333,.T.);
#3333 = EDGE_CURVE('',#3326,#3048,#3334,.T.);
#3334 = LINE('',#3335,#3336);
#3335 = CARTESIAN_POINT('',(19.5961,3.937,0.));
#3336 = VECTOR('',#3337,1.);
#3337 = DIRECTION('',(0.,-0.,-1.));
#3338 = PLANE('',#3339);
#3339 = AXIS2_PLACEMENT_3D('',#3340,#3341,#3342);
#3340 = CARTESIAN_POINT('',(0.,3.937,0.));
#3341 = DIRECTION('',(0.,1.,-0.));
#3342 = DIRECTION('',(0.,0.,1.));
#3343 = ADVANCED_FACE('',(#3344,#3354,#3364,#3374),#3440,.F.);
#3344 = FACE_BOUND('',#3345,.T.);
#3345 = EDGE_LOOP('',(#3346,#3353));
#3346 = ORIENTED_EDGE('',*,*,#3347,.T.);
#3347 = EDGE_CURVE('',#1967,#1965,#3348,.T.);
#3348 = CIRCLE('',#3349,2.286);
#3349 = AXIS2_PLACEMENT_3D('',#3350,#3351,#3352);
#3350 = CARTESIAN_POINT('',(-0.2667,1.397,11.2141));
#3351 = DIRECTION('',(0.,1.,-0.));
#3352 = DIRECTION('',(0.,0.,1.));
#3353 = ORIENTED_EDGE('',*,*,#1964,.T.);
#3354 = FACE_BOUND('',#3355,.T.);
#3355 = EDGE_LOOP('',(#3356,#3363));
#3356 = ORIENTED_EDGE('',*,*,#3357,.T.);
#3357 = EDGE_CURVE('',#1925,#1923,#3358,.T.);
#3358 = CIRCLE('',#3359,2.286);
#3359 = AXIS2_PLACEMENT_3D('',#3360,#3361,#3362);
#3360 = CARTESIAN_POINT('',(13.2207,1.397,-11.1379));
#3361 = DIRECTION('',(0.,1.,-0.));
#3362 = DIRECTION('',(0.,0.,1.));
#3363 = ORIENTED_EDGE('',*,*,#1922,.T.);
#3364 = FACE_BOUND('',#3365,.T.);
#3365 = EDGE_LOOP('',(#3366,#3373));
#3366 = ORIENTED_EDGE('',*,*,#3367,.T.);
#3367 = EDGE_CURVE('',#1883,#1881,#3368,.T.);
#3368 = CIRCLE('',#3369,2.286);
#3369 = AXIS2_PLACEMENT_3D('',#3370,#3371,#3372);
#3370 = CARTESIAN_POINT('',(-13.7541,1.397,-11.1379));
#3371 = DIRECTION('',(0.,1.,-0.));
#3372 = DIRECTION('',(0.,0.,1.));
#3373 = ORIENTED_EDGE('',*,*,#1880,.T.);
#3374 = FACE_BOUND('',#3375,.T.);
#3375 = EDGE_LOOP('',(#3376,#3386,#3394,#3402,#3410,#3418,#3426,#3434));
#3376 = ORIENTED_EDGE('',*,*,#3377,.F.);
#3377 = EDGE_CURVE('',#3378,#3380,#3382,.T.);
#3378 = VERTEX_POINT('',#3379);
#3379 = CARTESIAN_POINT('',(-21.3741,1.397,-9.3345));
#3380 = VERTEX_POINT('',#3381);
#3381 = CARTESIAN_POINT('',(-27.4701,1.397,-9.3345));
#3382 = LINE('',#3383,#3384);
#3383 = CARTESIAN_POINT('',(2.656295322589E-15,1.397,-9.3345));
#3384 = VECTOR('',#3385,1.);
#3385 = DIRECTION('',(-1.,0.,-2.8456749934E-16));
#3386 = ORIENTED_EDGE('',*,*,#3387,.T.);
#3387 = EDGE_CURVE('',#3378,#3388,#3390,.T.);
#3388 = VERTEX_POINT('',#3389);
#3389 = CARTESIAN_POINT('',(-21.3741,1.397,-15.6845));
#3390 = LINE('',#3391,#3392);
#3391 = CARTESIAN_POINT('',(-21.3741,1.397,-2.363999684266E-15));
#3392 = VECTOR('',#3393,1.);
#3393 = DIRECTION('',(1.106011333467E-16,0.,-1.));
#3394 = ORIENTED_EDGE('',*,*,#3395,.T.);
#3395 = EDGE_CURVE('',#3388,#3396,#3398,.T.);
#3396 = VERTEX_POINT('',#3397);
#3397 = CARTESIAN_POINT('',(17.3101,1.397,-15.6845));
#3398 = LINE('',#3399,#3400);
#3399 = CARTESIAN_POINT('',(0.,1.397,-15.6845));
#3400 = VECTOR('',#3401,1.);
#3401 = DIRECTION('',(1.,-0.,0.));
#3402 = ORIENTED_EDGE('',*,*,#3403,.F.);
#3403 = EDGE_CURVE('',#3404,#3396,#3406,.T.);
#3404 = VERTEX_POINT('',#3405);
#3405 = CARTESIAN_POINT('',(17.3101,1.397,15.6845));
#3406 = LINE('',#3407,#3408);
#3407 = CARTESIAN_POINT('',(17.3101,1.397,3.829033356691E-15));
#3408 = VECTOR('',#3409,1.);
#3409 = DIRECTION('',(2.212022666935E-16,0.,-1.));
#3410 = ORIENTED_EDGE('',*,*,#3411,.F.);
#3411 = EDGE_CURVE('',#3412,#3404,#3414,.T.);
#3412 = VERTEX_POINT('',#3413);
#3413 = CARTESIAN_POINT('',(-21.3741,1.397,15.6845));
#3414 = LINE('',#3415,#3416);
#3415 = CARTESIAN_POINT('',(0.,1.397,15.6845));
#3416 = VECTOR('',#3417,1.);
#3417 = DIRECTION('',(1.,-0.,0.));
#3418 = ORIENTED_EDGE('',*,*,#3419,.T.);
#3419 = EDGE_CURVE('',#3412,#3420,#3422,.T.);
#3420 = VERTEX_POINT('',#3421);
#3421 = CARTESIAN_POINT('',(-21.3741,1.397,9.3345));
#3422 = LINE('',#3423,#3424);
#3423 = CARTESIAN_POINT('',(-21.3741,1.397,-2.363999684266E-15));
#3424 = VECTOR('',#3425,1.);
#3425 = DIRECTION('',(1.106011333467E-16,0.,-1.));
#3426 = ORIENTED_EDGE('',*,*,#3427,.T.);
#3427 = EDGE_CURVE('',#3420,#3428,#3430,.T.);
#3428 = VERTEX_POINT('',#3429);
#3429 = CARTESIAN_POINT('',(-27.4701,1.397,9.3345));
#3430 = LINE('',#3431,#3432);
#3431 = CARTESIAN_POINT('',(-2.656295322589E-15,1.397,9.3345));
#3432 = VECTOR('',#3433,1.);
#3433 = DIRECTION('',(-1.,0.,-2.8456749934E-16));
#3434 = ORIENTED_EDGE('',*,*,#3435,.T.);
#3435 = EDGE_CURVE('',#3428,#3380,#3436,.T.);
#3436 = LINE('',#3437,#3438);
#3437 = CARTESIAN_POINT('',(-27.4701,1.397,-0.));
#3438 = VECTOR('',#3439,1.);
#3439 = DIRECTION('',(0.,0.,-1.));
#3440 = PLANE('',#3441);
#3441 = AXIS2_PLACEMENT_3D('',#3442,#3443,#3444);
#3442 = CARTESIAN_POINT('',(0.,1.397,0.));
#3443 = DIRECTION('',(0.,1.,-0.));
#3444 = DIRECTION('',(0.,0.,1.));
#3445 = ADVANCED_FACE('',(#3446),#3464,.F.);
#3446 = FACE_BOUND('',#3447,.F.);
#3447 = EDGE_LOOP('',(#3448,#3455,#3456,#3463));
#3448 = ORIENTED_EDGE('',*,*,#3449,.T.);
#3449 = EDGE_CURVE('',#2269,#2261,#3450,.T.);
#3450 = CIRCLE('',#3451,1.143);
#3451 = AXIS2_PLACEMENT_3D('',#3452,#3453,#3454);
#3452 = CARTESIAN_POINT('',(-0.2667,0.,11.2141));
#3453 = DIRECTION('',(0.,1.,-0.));
#3454 = DIRECTION('',(0.,0.,1.));
#3455 = ORIENTED_EDGE('',*,*,#2258,.F.);
#3456 = ORIENTED_EDGE('',*,*,#3457,.F.);
#3457 = EDGE_CURVE('',#2278,#2259,#3458,.T.);
#3458 = CIRCLE('',#3459,1.143);
#3459 = AXIS2_PLACEMENT_3D('',#3460,#3461,#3462);
#3460 = CARTESIAN_POINT('',(-0.2667,2.921,11.2141));
#3461 = DIRECTION('',(0.,1.,0.));
#3462 = DIRECTION('',(0.,-0.,1.));
#3463 = ORIENTED_EDGE('',*,*,#2277,.T.);
#3464 = CYLINDRICAL_SURFACE('',#3465,1.143);
#3465 = AXIS2_PLACEMENT_3D('',#3466,#3467,#3468);
#3466 = CARTESIAN_POINT('',(-0.2667,3.937,11.2141));
#3467 = DIRECTION('',(-0.,-1.,-0.));
#3468 = DIRECTION('',(0.,0.,-1.));
#3469 = ADVANCED_FACE('',(#3470),#3488,.F.);
#3470 = FACE_BOUND('',#3471,.F.);
#3471 = EDGE_LOOP('',(#3472,#3479,#3480,#3487));
#3472 = ORIENTED_EDGE('',*,*,#3473,.T.);
#3473 = EDGE_CURVE('',#2227,#2219,#3474,.T.);
#3474 = CIRCLE('',#3475,1.143);
#3475 = AXIS2_PLACEMENT_3D('',#3476,#3477,#3478);
#3476 = CARTESIAN_POINT('',(-13.7541,0.,-11.1379));
#3477 = DIRECTION('',(0.,1.,-0.));
#3478 = DIRECTION('',(0.,0.,1.));
#3479 = ORIENTED_EDGE('',*,*,#2216,.F.);
#3480 = ORIENTED_EDGE('',*,*,#3481,.F.);
#3481 = EDGE_CURVE('',#2236,#2217,#3482,.T.);
#3482 = CIRCLE('',#3483,1.143);
#3483 = AXIS2_PLACEMENT_3D('',#3484,#3485,#3486);
#3484 = CARTESIAN_POINT('',(-13.7541,2.921,-11.1379));
#3485 = DIRECTION('',(0.,1.,-0.));
#3486 = DIRECTION('',(0.,0.,1.));
#3487 = ORIENTED_EDGE('',*,*,#2235,.T.);
#3488 = CYLINDRICAL_SURFACE('',#3489,1.143);
#3489 = AXIS2_PLACEMENT_3D('',#3490,#3491,#3492);
#3490 = CARTESIAN_POINT('',(-13.7541,3.937,-11.1379));
#3491 = DIRECTION('',(-0.,-1.,-0.));
#3492 = DIRECTION('',(0.,0.,-1.));
#3493 = ADVANCED_FACE('',(#3494),#3512,.F.);
#3494 = FACE_BOUND('',#3495,.F.);
#3495 = EDGE_LOOP('',(#3496,#3503,#3504,#3511));
#3496 = ORIENTED_EDGE('',*,*,#3497,.T.);
#3497 = EDGE_CURVE('',#2185,#2177,#3498,.T.);
#3498 = CIRCLE('',#3499,1.143);
#3499 = AXIS2_PLACEMENT_3D('',#3500,#3501,#3502);
#3500 = CARTESIAN_POINT('',(13.2207,0.,-11.1379));
#3501 = DIRECTION('',(0.,1.,-0.));
#3502 = DIRECTION('',(0.,0.,1.));
#3503 = ORIENTED_EDGE('',*,*,#2174,.F.);
#3504 = ORIENTED_EDGE('',*,*,#3505,.F.);
#3505 = EDGE_CURVE('',#2194,#2175,#3506,.T.);
#3506 = CIRCLE('',#3507,1.143);
#3507 = AXIS2_PLACEMENT_3D('',#3508,#3509,#3510);
#3508 = CARTESIAN_POINT('',(13.2207,2.921,-11.1379));
#3509 = DIRECTION('',(0.,1.,-0.));
#3510 = DIRECTION('',(0.,0.,1.));
#3511 = ORIENTED_EDGE('',*,*,#2193,.T.);
#3512 = CYLINDRICAL_SURFACE('',#3513,1.143);
#3513 = AXIS2_PLACEMENT_3D('',#3514,#3515,#3516);
#3514 = CARTESIAN_POINT('',(13.2207,3.937,-11.1379));
#3515 = DIRECTION('',(-0.,-1.,-0.));
#3516 = DIRECTION('',(0.,0.,-1.));
#3517 = ADVANCED_FACE('',(#3518,#3528),#3532,.F.);
#3518 = FACE_BOUND('',#3519,.T.);
#3519 = EDGE_LOOP('',(#3520,#3527));
#3520 = ORIENTED_EDGE('',*,*,#3521,.F.);
#3521 = EDGE_CURVE('',#1984,#1976,#3522,.T.);
#3522 = CIRCLE('',#3523,2.286);
#3523 = AXIS2_PLACEMENT_3D('',#3524,#3525,#3526);
#3524 = CARTESIAN_POINT('',(-0.2667,0.,11.2141));
#3525 = DIRECTION('',(0.,1.,-0.));
#3526 = DIRECTION('',(0.,0.,1.));
#3527 = ORIENTED_EDGE('',*,*,#1983,.F.);
#3528 = FACE_BOUND('',#3529,.T.);
#3529 = EDGE_LOOP('',(#3530,#3531));
#3530 = ORIENTED_EDGE('',*,*,#2268,.T.);
#3531 = ORIENTED_EDGE('',*,*,#3449,.T.);
#3532 = PLANE('',#3533);
#3533 = AXIS2_PLACEMENT_3D('',#3534,#3535,#3536);
#3534 = CARTESIAN_POINT('',(0.,0.,0.));
#3535 = DIRECTION('',(0.,1.,-0.));
#3536 = DIRECTION('',(0.,0.,1.));
#3537 = ADVANCED_FACE('',(#3538,#3548),#3552,.F.);
#3538 = FACE_BOUND('',#3539,.T.);
#3539 = EDGE_LOOP('',(#3540,#3547));
#3540 = ORIENTED_EDGE('',*,*,#3541,.F.);
#3541 = EDGE_CURVE('',#1942,#1934,#3542,.T.);
#3542 = CIRCLE('',#3543,2.286);
#3543 = AXIS2_PLACEMENT_3D('',#3544,#3545,#3546);
#3544 = CARTESIAN_POINT('',(13.2207,0.,-11.1379));
#3545 = DIRECTION('',(0.,1.,-0.));
#3546 = DIRECTION('',(0.,0.,1.));
#3547 = ORIENTED_EDGE('',*,*,#1941,.F.);
#3548 = FACE_BOUND('',#3549,.T.);
#3549 = EDGE_LOOP('',(#3550,#3551));
#3550 = ORIENTED_EDGE('',*,*,#2184,.T.);
#3551 = ORIENTED_EDGE('',*,*,#3497,.T.);
#3552 = PLANE('',#3553);
#3553 = AXIS2_PLACEMENT_3D('',#3554,#3555,#3556);
#3554 = CARTESIAN_POINT('',(0.,0.,0.));
#3555 = DIRECTION('',(0.,1.,-0.));
#3556 = DIRECTION('',(0.,0.,1.));
#3557 = ADVANCED_FACE('',(#3558),#3647,.F.);
#3558 = FACE_BOUND('',#3559,.T.);
#3559 = EDGE_LOOP('',(#3560,#3570,#3578,#3584,#3585,#3591,#3592,#3600,
    #3608,#3614,#3615,#3623,#3632,#3640));
#3560 = ORIENTED_EDGE('',*,*,#3561,.T.);
#3561 = EDGE_CURVE('',#3562,#3564,#3566,.T.);
#3562 = VERTEX_POINT('',#3563);
#3563 = CARTESIAN_POINT('',(-27.4701,9.525,15.6845));
#3564 = VERTEX_POINT('',#3565);
#3565 = CARTESIAN_POINT('',(-27.4701,0.,15.6845));
#3566 = LINE('',#3567,#3568);
#3567 = CARTESIAN_POINT('',(-27.4701,10.795,15.6845));
#3568 = VECTOR('',#3569,1.);
#3569 = DIRECTION('',(-0.,-1.,-0.));
#3570 = ORIENTED_EDGE('',*,*,#3571,.F.);
#3571 = EDGE_CURVE('',#3572,#3564,#3574,.T.);
#3572 = VERTEX_POINT('',#3573);
#3573 = CARTESIAN_POINT('',(-21.3741,0.,15.6845));
#3574 = LINE('',#3575,#3576);
#3575 = CARTESIAN_POINT('',(0.,0.,15.6845));
#3576 = VECTOR('',#3577,1.);
#3577 = DIRECTION('',(-1.,0.,-0.));
#3578 = ORIENTED_EDGE('',*,*,#3579,.T.);
#3579 = EDGE_CURVE('',#3572,#3412,#3580,.T.);
#3580 = LINE('',#3581,#3582);
#3581 = CARTESIAN_POINT('',(-21.3741,0.,15.6845));
#3582 = VECTOR('',#3583,1.);
#3583 = DIRECTION('',(-0.,1.,-0.));
#3584 = ORIENTED_EDGE('',*,*,#3411,.T.);
#3585 = ORIENTED_EDGE('',*,*,#3586,.F.);
#3586 = EDGE_CURVE('',#2455,#3404,#3587,.T.);
#3587 = LINE('',#3588,#3589);
#3588 = CARTESIAN_POINT('',(17.3101,0.,15.6845));
#3589 = VECTOR('',#3590,1.);
#3590 = DIRECTION('',(-0.,1.,-0.));
#3591 = ORIENTED_EDGE('',*,*,#2452,.F.);
#3592 = ORIENTED_EDGE('',*,*,#3593,.F.);
#3593 = EDGE_CURVE('',#3594,#2453,#3596,.T.);
#3594 = VERTEX_POINT('',#3595);
#3595 = CARTESIAN_POINT('',(21.1201,21.4122,15.6845));
#3596 = LINE('',#3597,#3598);
#3597 = CARTESIAN_POINT('',(21.1201,3.937,15.6845));
#3598 = VECTOR('',#3599,1.);
#3599 = DIRECTION('',(-0.,-1.,-0.));
#3600 = ORIENTED_EDGE('',*,*,#3601,.F.);
#3601 = EDGE_CURVE('',#3602,#3594,#3604,.T.);
#3602 = VERTEX_POINT('',#3603);
#3603 = CARTESIAN_POINT('',(4.3561,21.4122,15.6845));
#3604 = LINE('',#3605,#3606);
#3605 = CARTESIAN_POINT('',(0.,21.4122,15.6845));
#3606 = VECTOR('',#3607,1.);
#3607 = DIRECTION('',(1.,-0.,0.));
#3608 = ORIENTED_EDGE('',*,*,#3609,.T.);
#3609 = EDGE_CURVE('',#3602,#3294,#3610,.T.);
#3610 = LINE('',#3611,#3612);
#3611 = CARTESIAN_POINT('',(4.3561,21.4122,15.6845));
#3612 = VECTOR('',#3613,1.);
#3613 = DIRECTION('',(-0.,-1.,-0.));
#3614 = ORIENTED_EDGE('',*,*,#3293,.F.);
#3615 = ORIENTED_EDGE('',*,*,#3616,.F.);
#3616 = EDGE_CURVE('',#3617,#3286,#3619,.T.);
#3617 = VERTEX_POINT('',#3618);
#3618 = CARTESIAN_POINT('',(-16.9291,9.525,15.6845));
#3619 = LINE('',#3620,#3621);
#3620 = CARTESIAN_POINT('',(-16.9291,10.795,15.6845));
#3621 = VECTOR('',#3622,1.);
#3622 = DIRECTION('',(-0.,-1.,-0.));
#3623 = ORIENTED_EDGE('',*,*,#3624,.T.);
#3624 = EDGE_CURVE('',#3617,#3625,#3627,.T.);
#3625 = VERTEX_POINT('',#3626);
#3626 = CARTESIAN_POINT('',(-18.1991,10.795,15.6845));
#3627 = CIRCLE('',#3628,1.27);
#3628 = AXIS2_PLACEMENT_3D('',#3629,#3630,#3631);
#3629 = CARTESIAN_POINT('',(-18.1991,9.525,15.6845));
#3630 = DIRECTION('',(0.,-0.,1.));
#3631 = DIRECTION('',(-1.,0.,0.));
#3632 = ORIENTED_EDGE('',*,*,#3633,.F.);
#3633 = EDGE_CURVE('',#3634,#3625,#3636,.T.);
#3634 = VERTEX_POINT('',#3635);
#3635 = CARTESIAN_POINT('',(-26.2001,10.795,15.6845));
#3636 = LINE('',#3637,#3638);
#3637 = CARTESIAN_POINT('',(0.,10.795,15.6845));
#3638 = VECTOR('',#3639,1.);
#3639 = DIRECTION('',(1.,-0.,0.));
#3640 = ORIENTED_EDGE('',*,*,#3641,.T.);
#3641 = EDGE_CURVE('',#3634,#3562,#3642,.T.);
#3642 = CIRCLE('',#3643,1.27);
#3643 = AXIS2_PLACEMENT_3D('',#3644,#3645,#3646);
#3644 = CARTESIAN_POINT('',(-26.2001,9.525,15.6845));
#3645 = DIRECTION('',(0.,-0.,1.));
#3646 = DIRECTION('',(-1.,0.,0.));
#3647 = PLANE('',#3648);
#3648 = AXIS2_PLACEMENT_3D('',#3649,#3650,#3651);
#3649 = CARTESIAN_POINT('',(0.,3.937,15.6845));
#3650 = DIRECTION('',(0.,0.,-1.));
#3651 = DIRECTION('',(-1.,0.,-0.));
#3652 = ADVANCED_FACE('',(#3653),#3671,.T.);
#3653 = FACE_BOUND('',#3654,.T.);
#3654 = EDGE_LOOP('',(#3655,#3656,#3657,#3665));
#3655 = ORIENTED_EDGE('',*,*,#3593,.T.);
#3656 = ORIENTED_EDGE('',*,*,#2510,.F.);
#3657 = ORIENTED_EDGE('',*,*,#3658,.F.);
#3658 = EDGE_CURVE('',#3659,#2503,#3661,.T.);
#3659 = VERTEX_POINT('',#3660);
#3660 = CARTESIAN_POINT('',(21.1201,21.4122,12.2555));
#3661 = LINE('',#3662,#3663);
#3662 = CARTESIAN_POINT('',(21.1201,3.937,12.2555));
#3663 = VECTOR('',#3664,1.);
#3664 = DIRECTION('',(-0.,-1.,-0.));
#3665 = ORIENTED_EDGE('',*,*,#3666,.T.);
#3666 = EDGE_CURVE('',#3659,#3594,#3667,.T.);
#3667 = LINE('',#3668,#3669);
#3668 = CARTESIAN_POINT('',(21.1201,21.4122,-2.136922326333E-14));
#3669 = VECTOR('',#3670,1.);
#3670 = DIRECTION('',(1.011795553209E-15,0.,1.));
#3671 = PLANE('',#3672);
#3672 = AXIS2_PLACEMENT_3D('',#3673,#3674,#3675);
#3673 = CARTESIAN_POINT('',(21.1201,3.937,-2.136922326333E-14));
#3674 = DIRECTION('',(1.,0.,-1.011795553209E-15));
#3675 = DIRECTION('',(-1.011795553209E-15,0.,-1.));
#3676 = ADVANCED_FACE('',(#3677),#3695,.F.);
#3677 = FACE_BOUND('',#3678,.T.);
#3678 = EDGE_LOOP('',(#3679,#3680,#3681,#3689));
#3679 = ORIENTED_EDGE('',*,*,#3658,.T.);
#3680 = ORIENTED_EDGE('',*,*,#2502,.F.);
#3681 = ORIENTED_EDGE('',*,*,#3682,.F.);
#3682 = EDGE_CURVE('',#3683,#2495,#3685,.T.);
#3683 = VERTEX_POINT('',#3684);
#3684 = CARTESIAN_POINT('',(27.4701,21.4122,12.2555));
#3685 = LINE('',#3686,#3687);
#3686 = CARTESIAN_POINT('',(27.4701,3.937,12.2555));
#3687 = VECTOR('',#3688,1.);
#3688 = DIRECTION('',(-0.,-1.,-0.));
#3689 = ORIENTED_EDGE('',*,*,#3690,.F.);
#3690 = EDGE_CURVE('',#3659,#3683,#3691,.T.);
#3691 = LINE('',#3692,#3693);
#3692 = CARTESIAN_POINT('',(3.348016308635E-15,21.4122,12.2555));
#3693 = VECTOR('',#3694,1.);
#3694 = DIRECTION('',(1.,0.,-2.731847993664E-16));
#3695 = PLANE('',#3696);
#3696 = AXIS2_PLACEMENT_3D('',#3697,#3698,#3699);
#3697 = CARTESIAN_POINT('',(3.348016308635E-15,3.937,12.2555));
#3698 = DIRECTION('',(-2.731847993664E-16,0.,-1.));
#3699 = DIRECTION('',(-1.,0.,2.731847993664E-16));
#3700 = ADVANCED_FACE('',(#3701),#3719,.F.);
#3701 = FACE_BOUND('',#3702,.T.);
#3702 = EDGE_LOOP('',(#3703,#3704,#3705,#3713));
#3703 = ORIENTED_EDGE('',*,*,#3682,.T.);
#3704 = ORIENTED_EDGE('',*,*,#2494,.F.);
#3705 = ORIENTED_EDGE('',*,*,#3706,.F.);
#3706 = EDGE_CURVE('',#3707,#2487,#3709,.T.);
#3707 = VERTEX_POINT('',#3708);
#3708 = CARTESIAN_POINT('',(27.4701,21.4122,-12.2555));
#3709 = LINE('',#3710,#3711);
#3710 = CARTESIAN_POINT('',(27.4701,3.937,-12.2555));
#3711 = VECTOR('',#3712,1.);
#3712 = DIRECTION('',(-0.,-1.,-0.));
#3713 = ORIENTED_EDGE('',*,*,#3714,.F.);
#3714 = EDGE_CURVE('',#3683,#3707,#3715,.T.);
#3715 = LINE('',#3716,#3717);
#3716 = CARTESIAN_POINT('',(27.4701,21.4122,0.));
#3717 = VECTOR('',#3718,1.);
#3718 = DIRECTION('',(0.,0.,-1.));
#3719 = PLANE('',#3720);
#3720 = AXIS2_PLACEMENT_3D('',#3721,#3722,#3723);
#3721 = CARTESIAN_POINT('',(27.4701,3.937,0.));
#3722 = DIRECTION('',(-1.,0.,0.));
#3723 = DIRECTION('',(0.,0.,1.));
#3724 = ADVANCED_FACE('',(#3725),#3743,.T.);
#3725 = FACE_BOUND('',#3726,.T.);
#3726 = EDGE_LOOP('',(#3727,#3728,#3729,#3737));
#3727 = ORIENTED_EDGE('',*,*,#3706,.T.);
#3728 = ORIENTED_EDGE('',*,*,#2486,.F.);
#3729 = ORIENTED_EDGE('',*,*,#3730,.F.);
#3730 = EDGE_CURVE('',#3731,#2479,#3733,.T.);
#3731 = VERTEX_POINT('',#3732);
#3732 = CARTESIAN_POINT('',(21.1201,21.4122,-12.2555));
#3733 = LINE('',#3734,#3735);
#3734 = CARTESIAN_POINT('',(21.1201,3.937,-12.2555));
#3735 = VECTOR('',#3736,1.);
#3736 = DIRECTION('',(-0.,-1.,-0.));
#3737 = ORIENTED_EDGE('',*,*,#3738,.T.);
#3738 = EDGE_CURVE('',#3731,#3707,#3739,.T.);
#3739 = LINE('',#3740,#3741);
#3740 = CARTESIAN_POINT('',(-3.348016308635E-15,21.4122,-12.2555));
#3741 = VECTOR('',#3742,1.);
#3742 = DIRECTION('',(1.,0.,-2.731847993664E-16));
#3743 = PLANE('',#3744);
#3744 = AXIS2_PLACEMENT_3D('',#3745,#3746,#3747);
#3745 = CARTESIAN_POINT('',(-3.348016308635E-15,3.937,-12.2555));
#3746 = DIRECTION('',(-2.731847993664E-16,0.,-1.));
#3747 = DIRECTION('',(-1.,0.,2.731847993664E-16));
#3748 = ADVANCED_FACE('',(#3749),#3767,.T.);
#3749 = FACE_BOUND('',#3750,.T.);
#3750 = EDGE_LOOP('',(#3751,#3752,#3753,#3761));
#3751 = ORIENTED_EDGE('',*,*,#3730,.T.);
#3752 = ORIENTED_EDGE('',*,*,#2478,.F.);
#3753 = ORIENTED_EDGE('',*,*,#3754,.F.);
#3754 = EDGE_CURVE('',#3755,#2471,#3757,.T.);
#3755 = VERTEX_POINT('',#3756);
#3756 = CARTESIAN_POINT('',(21.1201,21.4122,-15.6845));
#3757 = LINE('',#3758,#3759);
#3758 = CARTESIAN_POINT('',(21.1201,3.937,-15.6845));
#3759 = VECTOR('',#3760,1.);
#3760 = DIRECTION('',(-0.,-1.,-0.));
#3761 = ORIENTED_EDGE('',*,*,#3762,.T.);
#3762 = EDGE_CURVE('',#3755,#3731,#3763,.T.);
#3763 = LINE('',#3764,#3765);
#3764 = CARTESIAN_POINT('',(21.1201,21.4122,6.410766978999E-14));
#3765 = VECTOR('',#3766,1.);
#3766 = DIRECTION('',(-3.035386659627E-15,0.,1.));
#3767 = PLANE('',#3768);
#3768 = AXIS2_PLACEMENT_3D('',#3769,#3770,#3771);
#3769 = CARTESIAN_POINT('',(21.1201,3.937,6.410766978999E-14));
#3770 = DIRECTION('',(1.,-0.,3.035386659627E-15));
#3771 = DIRECTION('',(3.035386659627E-15,0.,-1.));
#3772 = ADVANCED_FACE('',(#3773),#3855,.T.);
#3773 = FACE_BOUND('',#3774,.T.);
#3774 = EDGE_LOOP('',(#3775,#3776,#3784,#3792,#3800,#3809,#3817,#3826,
    #3832,#3833,#3841,#3847,#3848,#3849));
#3775 = ORIENTED_EDGE('',*,*,#3395,.F.);
#3776 = ORIENTED_EDGE('',*,*,#3777,.F.);
#3777 = EDGE_CURVE('',#3778,#3388,#3780,.T.);
#3778 = VERTEX_POINT('',#3779);
#3779 = CARTESIAN_POINT('',(-21.3741,0.,-15.6845));
#3780 = LINE('',#3781,#3782);
#3781 = CARTESIAN_POINT('',(-21.3741,0.,-15.6845));
#3782 = VECTOR('',#3783,1.);
#3783 = DIRECTION('',(-0.,1.,-0.));
#3784 = ORIENTED_EDGE('',*,*,#3785,.F.);
#3785 = EDGE_CURVE('',#3786,#3778,#3788,.T.);
#3786 = VERTEX_POINT('',#3787);
#3787 = CARTESIAN_POINT('',(-27.4701,0.,-15.6845));
#3788 = LINE('',#3789,#3790);
#3789 = CARTESIAN_POINT('',(0.,0.,-15.6845));
#3790 = VECTOR('',#3791,1.);
#3791 = DIRECTION('',(1.,0.,0.));
#3792 = ORIENTED_EDGE('',*,*,#3793,.F.);
#3793 = EDGE_CURVE('',#3794,#3786,#3796,.T.);
#3794 = VERTEX_POINT('',#3795);
#3795 = CARTESIAN_POINT('',(-27.4701,9.525,-15.6845));
#3796 = LINE('',#3797,#3798);
#3797 = CARTESIAN_POINT('',(-27.4701,10.795,-15.6845));
#3798 = VECTOR('',#3799,1.);
#3799 = DIRECTION('',(-0.,-1.,-0.));
#3800 = ORIENTED_EDGE('',*,*,#3801,.T.);
#3801 = EDGE_CURVE('',#3794,#3802,#3804,.T.);
#3802 = VERTEX_POINT('',#3803);
#3803 = CARTESIAN_POINT('',(-26.2001,10.795,-15.6845));
#3804 = CIRCLE('',#3805,1.27);
#3805 = AXIS2_PLACEMENT_3D('',#3806,#3807,#3808);
#3806 = CARTESIAN_POINT('',(-26.2001,9.525,-15.6845));
#3807 = DIRECTION('',(0.,0.,-1.));
#3808 = DIRECTION('',(-1.,0.,0.));
#3809 = ORIENTED_EDGE('',*,*,#3810,.T.);
#3810 = EDGE_CURVE('',#3802,#3811,#3813,.T.);
#3811 = VERTEX_POINT('',#3812);
#3812 = CARTESIAN_POINT('',(-18.1991,10.795,-15.6845));
#3813 = LINE('',#3814,#3815);
#3814 = CARTESIAN_POINT('',(0.,10.795,-15.6845));
#3815 = VECTOR('',#3816,1.);
#3816 = DIRECTION('',(1.,-0.,0.));
#3817 = ORIENTED_EDGE('',*,*,#3818,.T.);
#3818 = EDGE_CURVE('',#3811,#3819,#3821,.T.);
#3819 = VERTEX_POINT('',#3820);
#3820 = CARTESIAN_POINT('',(-16.9291,9.525,-15.6845));
#3821 = CIRCLE('',#3822,1.27);
#3822 = AXIS2_PLACEMENT_3D('',#3823,#3824,#3825);
#3823 = CARTESIAN_POINT('',(-18.1991,9.525,-15.6845));
#3824 = DIRECTION('',(0.,0.,-1.));
#3825 = DIRECTION('',(-1.,0.,0.));
#3826 = ORIENTED_EDGE('',*,*,#3827,.T.);
#3827 = EDGE_CURVE('',#3819,#3214,#3828,.T.);
#3828 = LINE('',#3829,#3830);
#3829 = CARTESIAN_POINT('',(-16.9291,10.795,-15.6845));
#3830 = VECTOR('',#3831,1.);
#3831 = DIRECTION('',(-0.,-1.,-0.));
#3832 = ORIENTED_EDGE('',*,*,#3213,.T.);
#3833 = ORIENTED_EDGE('',*,*,#3834,.F.);
#3834 = EDGE_CURVE('',#3835,#3206,#3837,.T.);
#3835 = VERTEX_POINT('',#3836);
#3836 = CARTESIAN_POINT('',(-4.9149,21.4122,-15.6845));
#3837 = LINE('',#3838,#3839);
#3838 = CARTESIAN_POINT('',(-4.9149,21.4122,-15.6845));
#3839 = VECTOR('',#3840,1.);
#3840 = DIRECTION('',(-0.,-1.,-0.));
#3841 = ORIENTED_EDGE('',*,*,#3842,.T.);
#3842 = EDGE_CURVE('',#3835,#3755,#3843,.T.);
#3843 = LINE('',#3844,#3845);
#3844 = CARTESIAN_POINT('',(0.,21.4122,-15.6845));
#3845 = VECTOR('',#3846,1.);
#3846 = DIRECTION('',(1.,-0.,0.));
#3847 = ORIENTED_EDGE('',*,*,#3754,.T.);
#3848 = ORIENTED_EDGE('',*,*,#2470,.F.);
#3849 = ORIENTED_EDGE('',*,*,#3850,.T.);
#3850 = EDGE_CURVE('',#2463,#3396,#3851,.T.);
#3851 = LINE('',#3852,#3853);
#3852 = CARTESIAN_POINT('',(17.3101,0.,-15.6845));
#3853 = VECTOR('',#3854,1.);
#3854 = DIRECTION('',(-0.,1.,-0.));
#3855 = PLANE('',#3856);
#3856 = AXIS2_PLACEMENT_3D('',#3857,#3858,#3859);
#3857 = CARTESIAN_POINT('',(0.,3.937,-15.6845));
#3858 = DIRECTION('',(0.,0.,-1.));
#3859 = DIRECTION('',(-1.,0.,-0.));
#3860 = ADVANCED_FACE('',(#3861),#3964,.T.);
#3861 = FACE_BOUND('',#3862,.T.);
#3862 = EDGE_LOOP('',(#3863,#3864,#3872,#3878,#3879,#3887,#3893,#3894,
    #3902,#3911,#3919,#3928,#3934,#3935,#3943,#3949,#3950,#3958));
#3863 = ORIENTED_EDGE('',*,*,#3435,.F.);
#3864 = ORIENTED_EDGE('',*,*,#3865,.F.);
#3865 = EDGE_CURVE('',#3866,#3428,#3868,.T.);
#3866 = VERTEX_POINT('',#3867);
#3867 = CARTESIAN_POINT('',(-27.4701,0.,9.3345));
#3868 = LINE('',#3869,#3870);
#3869 = CARTESIAN_POINT('',(-27.4701,0.,9.3345));
#3870 = VECTOR('',#3871,1.);
#3871 = DIRECTION('',(-0.,1.,-0.));
#3872 = ORIENTED_EDGE('',*,*,#3873,.F.);
#3873 = EDGE_CURVE('',#3564,#3866,#3874,.T.);
#3874 = LINE('',#3875,#3876);
#3875 = CARTESIAN_POINT('',(-27.4701,0.,0.));
#3876 = VECTOR('',#3877,1.);
#3877 = DIRECTION('',(0.,0.,-1.));
#3878 = ORIENTED_EDGE('',*,*,#3561,.F.);
#3879 = ORIENTED_EDGE('',*,*,#3880,.T.);
#3880 = EDGE_CURVE('',#3562,#3881,#3883,.T.);
#3881 = VERTEX_POINT('',#3882);
#3882 = CARTESIAN_POINT('',(-27.4701,9.525,14.1605));
#3883 = LINE('',#3884,#3885);
#3884 = CARTESIAN_POINT('',(-27.4701,9.525,0.));
#3885 = VECTOR('',#3886,1.);
#3886 = DIRECTION('',(0.,0.,-1.));
#3887 = ORIENTED_EDGE('',*,*,#3888,.T.);
#3888 = EDGE_CURVE('',#3881,#3270,#3889,.T.);
#3889 = LINE('',#3890,#3891);
#3890 = CARTESIAN_POINT('',(-27.4701,10.795,14.1605));
#3891 = VECTOR('',#3892,1.);
#3892 = DIRECTION('',(-0.,-1.,-0.));
#3893 = ORIENTED_EDGE('',*,*,#3269,.T.);
#3894 = ORIENTED_EDGE('',*,*,#3895,.F.);
#3895 = EDGE_CURVE('',#3896,#3262,#3898,.T.);
#3896 = VERTEX_POINT('',#3897);
#3897 = CARTESIAN_POINT('',(-27.4701,6.35,4.953));
#3898 = LINE('',#3899,#3900);
#3899 = CARTESIAN_POINT('',(-27.4701,7.62,4.953));
#3900 = VECTOR('',#3901,1.);
#3901 = DIRECTION('',(-0.,-1.,-0.));
#3902 = ORIENTED_EDGE('',*,*,#3903,.T.);
#3903 = EDGE_CURVE('',#3896,#3904,#3906,.T.);
#3904 = VERTEX_POINT('',#3905);
#3905 = CARTESIAN_POINT('',(-27.4701,7.62,3.683));
#3906 = CIRCLE('',#3907,1.27);
#3907 = AXIS2_PLACEMENT_3D('',#3908,#3909,#3910);
#3908 = CARTESIAN_POINT('',(-27.4701,6.35,3.683));
#3909 = DIRECTION('',(-1.,0.,0.));
#3910 = DIRECTION('',(0.,0.,1.));
#3911 = ORIENTED_EDGE('',*,*,#3912,.T.);
#3912 = EDGE_CURVE('',#3904,#3913,#3915,.T.);
#3913 = VERTEX_POINT('',#3914);
#3914 = CARTESIAN_POINT('',(-27.4701,7.62,-3.683));
#3915 = LINE('',#3916,#3917);
#3916 = CARTESIAN_POINT('',(-27.4701,7.62,0.));
#3917 = VECTOR('',#3918,1.);
#3918 = DIRECTION('',(0.,0.,-1.));
#3919 = ORIENTED_EDGE('',*,*,#3920,.T.);
#3920 = EDGE_CURVE('',#3913,#3921,#3923,.T.);
#3921 = VERTEX_POINT('',#3922);
#3922 = CARTESIAN_POINT('',(-27.4701,6.35,-4.953));
#3923 = CIRCLE('',#3924,1.27);
#3924 = AXIS2_PLACEMENT_3D('',#3925,#3926,#3927);
#3925 = CARTESIAN_POINT('',(-27.4701,6.35,-3.683));
#3926 = DIRECTION('',(-1.,0.,0.));
#3927 = DIRECTION('',(0.,0.,1.));
#3928 = ORIENTED_EDGE('',*,*,#3929,.T.);
#3929 = EDGE_CURVE('',#3921,#3238,#3930,.T.);
#3930 = LINE('',#3931,#3932);
#3931 = CARTESIAN_POINT('',(-27.4701,7.62,-4.953));
#3932 = VECTOR('',#3933,1.);
#3933 = DIRECTION('',(-0.,-1.,-0.));
#3934 = ORIENTED_EDGE('',*,*,#3237,.T.);
#3935 = ORIENTED_EDGE('',*,*,#3936,.F.);
#3936 = EDGE_CURVE('',#3937,#3230,#3939,.T.);
#3937 = VERTEX_POINT('',#3938);
#3938 = CARTESIAN_POINT('',(-27.4701,9.525,-14.1605));
#3939 = LINE('',#3940,#3941);
#3940 = CARTESIAN_POINT('',(-27.4701,10.795,-14.1605));
#3941 = VECTOR('',#3942,1.);
#3942 = DIRECTION('',(-0.,-1.,-0.));
#3943 = ORIENTED_EDGE('',*,*,#3944,.T.);
#3944 = EDGE_CURVE('',#3937,#3794,#3945,.T.);
#3945 = LINE('',#3946,#3947);
#3946 = CARTESIAN_POINT('',(-27.4701,9.525,0.));
#3947 = VECTOR('',#3948,1.);
#3948 = DIRECTION('',(0.,0.,-1.));
#3949 = ORIENTED_EDGE('',*,*,#3793,.T.);
#3950 = ORIENTED_EDGE('',*,*,#3951,.F.);
#3951 = EDGE_CURVE('',#3952,#3786,#3954,.T.);
#3952 = VERTEX_POINT('',#3953);
#3953 = CARTESIAN_POINT('',(-27.4701,0.,-9.3345));
#3954 = LINE('',#3955,#3956);
#3955 = CARTESIAN_POINT('',(-27.4701,0.,0.));
#3956 = VECTOR('',#3957,1.);
#3957 = DIRECTION('',(0.,0.,-1.));
#3958 = ORIENTED_EDGE('',*,*,#3959,.T.);
#3959 = EDGE_CURVE('',#3952,#3380,#3960,.T.);
#3960 = LINE('',#3961,#3962);
#3961 = CARTESIAN_POINT('',(-27.4701,0.,-9.3345));
#3962 = VECTOR('',#3963,1.);
#3963 = DIRECTION('',(-0.,1.,-0.));
#3964 = PLANE('',#3965);
#3965 = AXIS2_PLACEMENT_3D('',#3966,#3967,#3968);
#3966 = CARTESIAN_POINT('',(-27.4701,3.937,0.));
#3967 = DIRECTION('',(-1.,0.,0.));
#3968 = DIRECTION('',(0.,0.,1.));
#3969 = ADVANCED_FACE('',(#3970,#3980),#3984,.F.);
#3970 = FACE_BOUND('',#3971,.T.);
#3971 = EDGE_LOOP('',(#3972,#3979));
#3972 = ORIENTED_EDGE('',*,*,#3973,.F.);
#3973 = EDGE_CURVE('',#1900,#1892,#3974,.T.);
#3974 = CIRCLE('',#3975,2.286);
#3975 = AXIS2_PLACEMENT_3D('',#3976,#3977,#3978);
#3976 = CARTESIAN_POINT('',(-13.7541,0.,-11.1379));
#3977 = DIRECTION('',(0.,1.,-0.));
#3978 = DIRECTION('',(0.,0.,1.));
#3979 = ORIENTED_EDGE('',*,*,#1899,.F.);
#3980 = FACE_BOUND('',#3981,.T.);
#3981 = EDGE_LOOP('',(#3982,#3983));
#3982 = ORIENTED_EDGE('',*,*,#2226,.T.);
#3983 = ORIENTED_EDGE('',*,*,#3473,.T.);
#3984 = PLANE('',#3985);
#3985 = AXIS2_PLACEMENT_3D('',#3986,#3987,#3988);
#3986 = CARTESIAN_POINT('',(0.,0.,0.));
#3987 = DIRECTION('',(0.,1.,-0.));
#3988 = DIRECTION('',(0.,0.,1.));
#3989 = ADVANCED_FACE('',(#3990),#4026,.F.);
#3990 = FACE_BOUND('',#3991,.T.);
#3991 = EDGE_LOOP('',(#3992,#4002,#4009,#4010,#4011,#4019));
#3992 = ORIENTED_EDGE('',*,*,#3993,.F.);
#3993 = EDGE_CURVE('',#3994,#3996,#3998,.T.);
#3994 = VERTEX_POINT('',#3995);
#3995 = CARTESIAN_POINT('',(-26.2001,10.795,-14.1605));
#3996 = VERTEX_POINT('',#3997);
#3997 = CARTESIAN_POINT('',(-18.1991,10.795,-14.1605));
#3998 = LINE('',#3999,#4000);
#3999 = CARTESIAN_POINT('',(0.,10.795,-14.1605));
#4000 = VECTOR('',#4001,1.);
#4001 = DIRECTION('',(1.,-0.,0.));
#4002 = ORIENTED_EDGE('',*,*,#4003,.T.);
#4003 = EDGE_CURVE('',#3994,#3937,#4004,.T.);
#4004 = CIRCLE('',#4005,1.27);
#4005 = AXIS2_PLACEMENT_3D('',#4006,#4007,#4008);
#4006 = CARTESIAN_POINT('',(-26.2001,9.525,-14.1605));
#4007 = DIRECTION('',(0.,-0.,1.));
#4008 = DIRECTION('',(-1.,0.,0.));
#4009 = ORIENTED_EDGE('',*,*,#3936,.T.);
#4010 = ORIENTED_EDGE('',*,*,#3229,.T.);
#4011 = ORIENTED_EDGE('',*,*,#4012,.F.);
#4012 = EDGE_CURVE('',#4013,#3222,#4015,.T.);
#4013 = VERTEX_POINT('',#4014);
#4014 = CARTESIAN_POINT('',(-16.9291,9.525,-14.1605));
#4015 = LINE('',#4016,#4017);
#4016 = CARTESIAN_POINT('',(-16.9291,10.795,-14.1605));
#4017 = VECTOR('',#4018,1.);
#4018 = DIRECTION('',(-0.,-1.,-0.));
#4019 = ORIENTED_EDGE('',*,*,#4020,.T.);
#4020 = EDGE_CURVE('',#4013,#3996,#4021,.T.);
#4021 = CIRCLE('',#4022,1.27);
#4022 = AXIS2_PLACEMENT_3D('',#4023,#4024,#4025);
#4023 = CARTESIAN_POINT('',(-18.1991,9.525,-14.1605));
#4024 = DIRECTION('',(0.,-0.,1.));
#4025 = DIRECTION('',(-1.,0.,0.));
#4026 = PLANE('',#4027);
#4027 = AXIS2_PLACEMENT_3D('',#4028,#4029,#4030);
#4028 = CARTESIAN_POINT('',(0.,10.795,-14.1605));
#4029 = DIRECTION('',(0.,0.,-1.));
#4030 = DIRECTION('',(-1.,0.,-0.));
#4031 = ADVANCED_FACE('',(#4032),#4043,.F.);
#4032 = FACE_BOUND('',#4033,.T.);
#4033 = EDGE_LOOP('',(#4034,#4035,#4041,#4042));
#4034 = ORIENTED_EDGE('',*,*,#3827,.F.);
#4035 = ORIENTED_EDGE('',*,*,#4036,.T.);
#4036 = EDGE_CURVE('',#3819,#4013,#4037,.T.);
#4037 = LINE('',#4038,#4039);
#4038 = CARTESIAN_POINT('',(-16.9291,9.525,-14.1605));
#4039 = VECTOR('',#4040,1.);
#4040 = DIRECTION('',(-0.,-0.,1.));
#4041 = ORIENTED_EDGE('',*,*,#4012,.T.);
#4042 = ORIENTED_EDGE('',*,*,#3221,.T.);
#4043 = PLANE('',#4044);
#4044 = AXIS2_PLACEMENT_3D('',#4045,#4046,#4047);
#4045 = CARTESIAN_POINT('',(-16.9291,10.795,0.));
#4046 = DIRECTION('',(-1.,0.,0.));
#4047 = DIRECTION('',(0.,0.,1.));
#4048 = ADVANCED_FACE('',(#4049),#4065,.T.);
#4049 = FACE_BOUND('',#4050,.T.);
#4050 = EDGE_LOOP('',(#4051,#4052,#4058,#4059));
#4051 = ORIENTED_EDGE('',*,*,#3810,.F.);
#4052 = ORIENTED_EDGE('',*,*,#4053,.T.);
#4053 = EDGE_CURVE('',#3802,#3994,#4054,.T.);
#4054 = LINE('',#4055,#4056);
#4055 = CARTESIAN_POINT('',(-26.2001,10.795,0.));
#4056 = VECTOR('',#4057,1.);
#4057 = DIRECTION('',(-0.,0.,1.));
#4058 = ORIENTED_EDGE('',*,*,#3993,.T.);
#4059 = ORIENTED_EDGE('',*,*,#4060,.T.);
#4060 = EDGE_CURVE('',#3996,#3811,#4061,.T.);
#4061 = LINE('',#4062,#4063);
#4062 = CARTESIAN_POINT('',(-18.1991,10.795,-15.6845));
#4063 = VECTOR('',#4064,1.);
#4064 = DIRECTION('',(0.,0.,-1.));
#4065 = PLANE('',#4066);
#4066 = AXIS2_PLACEMENT_3D('',#4067,#4068,#4069);
#4067 = CARTESIAN_POINT('',(0.,10.795,0.));
#4068 = DIRECTION('',(0.,1.,-0.));
#4069 = DIRECTION('',(0.,0.,1.));
#4070 = ADVANCED_FACE('',(#4071),#4089,.T.);
#4071 = FACE_BOUND('',#4072,.T.);
#4072 = EDGE_LOOP('',(#4073,#4081,#4087,#4088));
#4073 = ORIENTED_EDGE('',*,*,#4074,.F.);
#4074 = EDGE_CURVE('',#4075,#3278,#4077,.T.);
#4075 = VERTEX_POINT('',#4076);
#4076 = CARTESIAN_POINT('',(-16.9291,9.525,14.1605));
#4077 = LINE('',#4078,#4079);
#4078 = CARTESIAN_POINT('',(-16.9291,10.795,14.1605));
#4079 = VECTOR('',#4080,1.);
#4080 = DIRECTION('',(-0.,-1.,-0.));
#4081 = ORIENTED_EDGE('',*,*,#4082,.T.);
#4082 = EDGE_CURVE('',#4075,#3617,#4083,.T.);
#4083 = LINE('',#4084,#4085);
#4084 = CARTESIAN_POINT('',(-16.9291,9.525,0.));
#4085 = VECTOR('',#4086,1.);
#4086 = DIRECTION('',(-0.,0.,1.));
#4087 = ORIENTED_EDGE('',*,*,#3616,.T.);
#4088 = ORIENTED_EDGE('',*,*,#3285,.F.);
#4089 = PLANE('',#4090);
#4090 = AXIS2_PLACEMENT_3D('',#4091,#4092,#4093);
#4091 = CARTESIAN_POINT('',(-16.9291,10.795,0.));
#4092 = DIRECTION('',(1.,0.,0.));
#4093 = DIRECTION('',(0.,0.,-1.));
#4094 = ADVANCED_FACE('',(#4095),#4124,.T.);
#4095 = FACE_BOUND('',#4096,.T.);
#4096 = EDGE_LOOP('',(#4097,#4098,#4107,#4115,#4122,#4123));
#4097 = ORIENTED_EDGE('',*,*,#3888,.F.);
#4098 = ORIENTED_EDGE('',*,*,#4099,.T.);
#4099 = EDGE_CURVE('',#3881,#4100,#4102,.T.);
#4100 = VERTEX_POINT('',#4101);
#4101 = CARTESIAN_POINT('',(-26.2001,10.795,14.1605));
#4102 = CIRCLE('',#4103,1.27);
#4103 = AXIS2_PLACEMENT_3D('',#4104,#4105,#4106);
#4104 = CARTESIAN_POINT('',(-26.2001,9.525,14.1605));
#4105 = DIRECTION('',(0.,0.,-1.));
#4106 = DIRECTION('',(-1.,0.,0.));
#4107 = ORIENTED_EDGE('',*,*,#4108,.T.);
#4108 = EDGE_CURVE('',#4100,#4109,#4111,.T.);
#4109 = VERTEX_POINT('',#4110);
#4110 = CARTESIAN_POINT('',(-18.1991,10.795,14.1605));
#4111 = LINE('',#4112,#4113);
#4112 = CARTESIAN_POINT('',(0.,10.795,14.1605));
#4113 = VECTOR('',#4114,1.);
#4114 = DIRECTION('',(1.,-0.,0.));
#4115 = ORIENTED_EDGE('',*,*,#4116,.T.);
#4116 = EDGE_CURVE('',#4109,#4075,#4117,.T.);
#4117 = CIRCLE('',#4118,1.27);
#4118 = AXIS2_PLACEMENT_3D('',#4119,#4120,#4121);
#4119 = CARTESIAN_POINT('',(-18.1991,9.525,14.1605));
#4120 = DIRECTION('',(0.,0.,-1.));
#4121 = DIRECTION('',(-1.,0.,0.));
#4122 = ORIENTED_EDGE('',*,*,#4074,.T.);
#4123 = ORIENTED_EDGE('',*,*,#3277,.F.);
#4124 = PLANE('',#4125);
#4125 = AXIS2_PLACEMENT_3D('',#4126,#4127,#4128);
#4126 = CARTESIAN_POINT('',(0.,10.795,14.1605));
#4127 = DIRECTION('',(0.,0.,-1.));
#4128 = DIRECTION('',(-1.,0.,-0.));
#4129 = ADVANCED_FACE('',(#4130),#4146,.T.);
#4130 = FACE_BOUND('',#4131,.T.);
#4131 = EDGE_LOOP('',(#4132,#4133,#4139,#4140));
#4132 = ORIENTED_EDGE('',*,*,#4108,.F.);
#4133 = ORIENTED_EDGE('',*,*,#4134,.T.);
#4134 = EDGE_CURVE('',#4100,#3634,#4135,.T.);
#4135 = LINE('',#4136,#4137);
#4136 = CARTESIAN_POINT('',(-26.2001,10.795,0.));
#4137 = VECTOR('',#4138,1.);
#4138 = DIRECTION('',(-0.,0.,1.));
#4139 = ORIENTED_EDGE('',*,*,#3633,.T.);
#4140 = ORIENTED_EDGE('',*,*,#4141,.T.);
#4141 = EDGE_CURVE('',#3625,#4109,#4142,.T.);
#4142 = LINE('',#4143,#4144);
#4143 = CARTESIAN_POINT('',(-18.1991,10.795,0.));
#4144 = VECTOR('',#4145,1.);
#4145 = DIRECTION('',(-0.,-0.,-1.));
#4146 = PLANE('',#4147);
#4147 = AXIS2_PLACEMENT_3D('',#4148,#4149,#4150);
#4148 = CARTESIAN_POINT('',(0.,10.795,0.));
#4149 = DIRECTION('',(0.,1.,-0.));
#4150 = DIRECTION('',(0.,0.,1.));
#4151 = ADVANCED_FACE('',(#4152),#4177,.F.);
#4152 = FACE_BOUND('',#4153,.T.);
#4153 = EDGE_LOOP('',(#4154,#4155,#4163,#4171));
#4154 = ORIENTED_EDGE('',*,*,#3082,.F.);
#4155 = ORIENTED_EDGE('',*,*,#4156,.F.);
#4156 = EDGE_CURVE('',#4157,#3074,#4159,.T.);
#4157 = VERTEX_POINT('',#4158);
#4158 = CARTESIAN_POINT('',(19.5961,21.4122,1.651));
#4159 = LINE('',#4160,#4161);
#4160 = CARTESIAN_POINT('',(19.5961,21.4122,1.651));
#4161 = VECTOR('',#4162,1.);
#4162 = DIRECTION('',(-0.,-1.,-0.));
#4163 = ORIENTED_EDGE('',*,*,#4164,.F.);
#4164 = EDGE_CURVE('',#4165,#4157,#4167,.T.);
#4165 = VERTEX_POINT('',#4166);
#4166 = CARTESIAN_POINT('',(19.5961,21.4122,1.524));
#4167 = LINE('',#4168,#4169);
#4168 = CARTESIAN_POINT('',(19.5961,21.4122,0.));
#4169 = VECTOR('',#4170,1.);
#4170 = DIRECTION('',(0.,0.,1.));
#4171 = ORIENTED_EDGE('',*,*,#4172,.T.);
#4172 = EDGE_CURVE('',#4165,#3083,#4173,.T.);
#4173 = LINE('',#4174,#4175);
#4174 = CARTESIAN_POINT('',(19.5961,21.4122,1.524));
#4175 = VECTOR('',#4176,1.);
#4176 = DIRECTION('',(-0.,-1.,-0.));
#4177 = PLANE('',#4178);
#4178 = AXIS2_PLACEMENT_3D('',#4179,#4180,#4181);
#4179 = CARTESIAN_POINT('',(19.5961,21.4122,0.));
#4180 = DIRECTION('',(1.,0.,0.));
#4181 = DIRECTION('',(0.,0.,-1.));
#4182 = ADVANCED_FACE('',(#4183),#4202,.T.);
#4183 = FACE_BOUND('',#4184,.T.);
#4184 = EDGE_LOOP('',(#4185,#4186,#4194,#4201));
#4185 = ORIENTED_EDGE('',*,*,#3073,.F.);
#4186 = ORIENTED_EDGE('',*,*,#4187,.F.);
#4187 = EDGE_CURVE('',#4188,#3066,#4190,.T.);
#4188 = VERTEX_POINT('',#4189);
#4189 = CARTESIAN_POINT('',(20.2946,21.4122,2.3495));
#4190 = LINE('',#4191,#4192);
#4191 = CARTESIAN_POINT('',(20.2946,21.4122,2.3495));
#4192 = VECTOR('',#4193,1.);
#4193 = DIRECTION('',(-0.,-1.,-0.));
#4194 = ORIENTED_EDGE('',*,*,#4195,.F.);
#4195 = EDGE_CURVE('',#4157,#4188,#4196,.T.);
#4196 = CIRCLE('',#4197,0.6985);
#4197 = AXIS2_PLACEMENT_3D('',#4198,#4199,#4200);
#4198 = CARTESIAN_POINT('',(20.2946,21.4122,1.651));
#4199 = DIRECTION('',(0.,1.,-0.));
#4200 = DIRECTION('',(0.,0.,1.));
#4201 = ORIENTED_EDGE('',*,*,#4156,.T.);
#4202 = CYLINDRICAL_SURFACE('',#4203,0.6985);
#4203 = AXIS2_PLACEMENT_3D('',#4204,#4205,#4206);
#4204 = CARTESIAN_POINT('',(20.2946,21.4122,1.651));
#4205 = DIRECTION('',(-0.,-1.,-0.));
#4206 = DIRECTION('',(0.,0.,-1.));
#4207 = ADVANCED_FACE('',(#4208),#4226,.F.);
#4208 = FACE_BOUND('',#4209,.T.);
#4209 = EDGE_LOOP('',(#4210,#4211,#4219,#4225));
#4210 = ORIENTED_EDGE('',*,*,#3065,.F.);
#4211 = ORIENTED_EDGE('',*,*,#4212,.F.);
#4212 = EDGE_CURVE('',#4213,#3058,#4215,.T.);
#4213 = VERTEX_POINT('',#4214);
#4214 = CARTESIAN_POINT('',(23.9141,21.4122,2.3495));
#4215 = LINE('',#4216,#4217);
#4216 = CARTESIAN_POINT('',(23.9141,21.4122,2.3495));
#4217 = VECTOR('',#4218,1.);
#4218 = DIRECTION('',(-0.,-1.,-0.));
#4219 = ORIENTED_EDGE('',*,*,#4220,.F.);
#4220 = EDGE_CURVE('',#4188,#4213,#4221,.T.);
#4221 = LINE('',#4222,#4223);
#4222 = CARTESIAN_POINT('',(5.630242860626E-16,21.4122,2.3495));
#4223 = VECTOR('',#4224,1.);
#4224 = DIRECTION('',(1.,0.,-2.396357889179E-16));
#4225 = ORIENTED_EDGE('',*,*,#4187,.T.);
#4226 = PLANE('',#4227);
#4227 = AXIS2_PLACEMENT_3D('',#4228,#4229,#4230);
#4228 = CARTESIAN_POINT('',(5.630242860626E-16,21.4122,2.3495));
#4229 = DIRECTION('',(-2.396357889179E-16,0.,-1.));
#4230 = DIRECTION('',(-1.,0.,2.396357889179E-16));
#4231 = ADVANCED_FACE('',(#4232),#4314,.F.);
#4232 = FACE_BOUND('',#4233,.T.);
#4233 = EDGE_LOOP('',(#4234,#4235,#4243,#4251,#4259,#4267,#4275,#4283,
    #4291,#4299,#4307,#4313));
#4234 = ORIENTED_EDGE('',*,*,#3057,.F.);
#4235 = ORIENTED_EDGE('',*,*,#4236,.F.);
#4236 = EDGE_CURVE('',#4237,#3050,#4239,.T.);
#4237 = VERTEX_POINT('',#4238);
#4238 = CARTESIAN_POINT('',(23.9141,21.4122,10.7315));
#4239 = LINE('',#4240,#4241);
#4240 = CARTESIAN_POINT('',(23.9141,21.4122,10.7315));
#4241 = VECTOR('',#4242,1.);
#4242 = DIRECTION('',(-0.,-1.,-0.));
#4243 = ORIENTED_EDGE('',*,*,#4244,.F.);
#4244 = EDGE_CURVE('',#4245,#4237,#4247,.T.);
#4245 = VERTEX_POINT('',#4246);
#4246 = CARTESIAN_POINT('',(23.9141,21.4122,10.1092));
#4247 = LINE('',#4248,#4249);
#4248 = CARTESIAN_POINT('',(23.9141,21.4122,0.));
#4249 = VECTOR('',#4250,1.);
#4250 = DIRECTION('',(0.,0.,1.));
#4251 = ORIENTED_EDGE('',*,*,#4252,.T.);
#4252 = EDGE_CURVE('',#4245,#4253,#4255,.T.);
#4253 = VERTEX_POINT('',#4254);
#4254 = CARTESIAN_POINT('',(23.9141,17.907,10.1092));
#4255 = LINE('',#4256,#4257);
#4256 = CARTESIAN_POINT('',(23.9141,21.4122,10.1092));
#4257 = VECTOR('',#4258,1.);
#4258 = DIRECTION('',(-0.,-1.,-0.));
#4259 = ORIENTED_EDGE('',*,*,#4260,.F.);
#4260 = EDGE_CURVE('',#4261,#4253,#4263,.T.);
#4261 = VERTEX_POINT('',#4262);
#4262 = CARTESIAN_POINT('',(23.9141,17.907,8.5471));
#4263 = LINE('',#4264,#4265);
#4264 = CARTESIAN_POINT('',(23.9141,17.907,-1.196514397533E-14));
#4265 = VECTOR('',#4266,1.);
#4266 = DIRECTION('',(5.003384603781E-16,0.,1.));
#4267 = ORIENTED_EDGE('',*,*,#4268,.T.);
#4268 = EDGE_CURVE('',#4261,#4269,#4271,.T.);
#4269 = VERTEX_POINT('',#4270);
#4270 = CARTESIAN_POINT('',(23.9141,10.287,8.5471));
#4271 = LINE('',#4272,#4273);
#4272 = CARTESIAN_POINT('',(23.9141,17.907,8.5471));
#4273 = VECTOR('',#4274,1.);
#4274 = DIRECTION('',(-0.,-1.,-0.));
#4275 = ORIENTED_EDGE('',*,*,#4276,.F.);
#4276 = EDGE_CURVE('',#4277,#4269,#4279,.T.);
#4277 = VERTEX_POINT('',#4278);
#4278 = CARTESIAN_POINT('',(23.9141,10.287,4.7371));
#4279 = LINE('',#4280,#4281);
#4280 = CARTESIAN_POINT('',(23.9141,10.287,-1.196514397533E-14));
#4281 = VECTOR('',#4282,1.);
#4282 = DIRECTION('',(5.003384603781E-16,0.,1.));
#4283 = ORIENTED_EDGE('',*,*,#4284,.F.);
#4284 = EDGE_CURVE('',#4285,#4277,#4287,.T.);
#4285 = VERTEX_POINT('',#4286);
#4286 = CARTESIAN_POINT('',(23.9141,17.907,4.7371));
#4287 = LINE('',#4288,#4289);
#4288 = CARTESIAN_POINT('',(23.9141,17.907,4.7371));
#4289 = VECTOR('',#4290,1.);
#4290 = DIRECTION('',(-0.,-1.,-0.));
#4291 = ORIENTED_EDGE('',*,*,#4292,.F.);
#4292 = EDGE_CURVE('',#4293,#4285,#4295,.T.);
#4293 = VERTEX_POINT('',#4294);
#4294 = CARTESIAN_POINT('',(23.9141,17.907,3.175));
#4295 = LINE('',#4296,#4297);
#4296 = CARTESIAN_POINT('',(23.9141,17.907,-1.196514397533E-14));
#4297 = VECTOR('',#4298,1.);
#4298 = DIRECTION('',(5.003384603781E-16,0.,1.));
#4299 = ORIENTED_EDGE('',*,*,#4300,.F.);
#4300 = EDGE_CURVE('',#4301,#4293,#4303,.T.);
#4301 = VERTEX_POINT('',#4302);
#4302 = CARTESIAN_POINT('',(23.9141,21.4122,3.175));
#4303 = LINE('',#4304,#4305);
#4304 = CARTESIAN_POINT('',(23.9141,21.4122,3.175));
#4305 = VECTOR('',#4306,1.);
#4306 = DIRECTION('',(-0.,-1.,-0.));
#4307 = ORIENTED_EDGE('',*,*,#4308,.F.);
#4308 = EDGE_CURVE('',#4213,#4301,#4309,.T.);
#4309 = LINE('',#4310,#4311);
#4310 = CARTESIAN_POINT('',(23.9141,21.4122,0.));
#4311 = VECTOR('',#4312,1.);
#4312 = DIRECTION('',(0.,0.,1.));
#4313 = ORIENTED_EDGE('',*,*,#4212,.T.);
#4314 = PLANE('',#4315);
#4315 = AXIS2_PLACEMENT_3D('',#4316,#4317,#4318);
#4316 = CARTESIAN_POINT('',(23.9141,21.4122,0.));
#4317 = DIRECTION('',(1.,0.,0.));
#4318 = DIRECTION('',(0.,0.,-1.));
#4319 = ADVANCED_FACE('',(#4320),#4345,.F.);
#4320 = FACE_BOUND('',#4321,.T.);
#4321 = EDGE_LOOP('',(#4322,#4330,#4336,#4337,#4338,#4344));
#4322 = ORIENTED_EDGE('',*,*,#4323,.F.);
#4323 = EDGE_CURVE('',#4324,#4293,#4326,.T.);
#4324 = VERTEX_POINT('',#4325);
#4325 = CARTESIAN_POINT('',(24.8793,17.907,3.175));
#4326 = LINE('',#4327,#4328);
#4327 = CARTESIAN_POINT('',(1.426581805902E-15,17.907,3.175));
#4328 = VECTOR('',#4329,1.);
#4329 = DIRECTION('',(-1.,0.,4.493171042211E-16));
#4330 = ORIENTED_EDGE('',*,*,#4331,.T.);
#4331 = EDGE_CURVE('',#4324,#2343,#4332,.T.);
#4332 = LINE('',#4333,#4334);
#4333 = CARTESIAN_POINT('',(24.8793,17.907,3.175));
#4334 = VECTOR('',#4335,1.);
#4335 = DIRECTION('',(-0.,-1.,-0.));
#4336 = ORIENTED_EDGE('',*,*,#2342,.F.);
#4337 = ORIENTED_EDGE('',*,*,#2737,.F.);
#4338 = ORIENTED_EDGE('',*,*,#4339,.F.);
#4339 = EDGE_CURVE('',#4301,#2730,#4340,.T.);
#4340 = LINE('',#4341,#4342);
#4341 = CARTESIAN_POINT('',(7.13290902951E-16,21.4122,3.175));
#4342 = VECTOR('',#4343,1.);
#4343 = DIRECTION('',(1.,0.,-2.246585521105E-16));
#4344 = ORIENTED_EDGE('',*,*,#4300,.T.);
#4345 = PLANE('',#4346);
#4346 = AXIS2_PLACEMENT_3D('',#4347,#4348,#4349);
#4347 = CARTESIAN_POINT('',(7.13290902951E-16,21.4122,3.175));
#4348 = DIRECTION('',(-2.246585521105E-16,0.,-1.));
#4349 = DIRECTION('',(-1.,0.,2.246585521105E-16));
#4350 = ADVANCED_FACE('',(#4351),#4376,.F.);
#4351 = FACE_BOUND('',#4352,.T.);
#4352 = EDGE_LOOP('',(#4353,#4354,#4362,#4368,#4369,#4375));
#4353 = ORIENTED_EDGE('',*,*,#2358,.F.);
#4354 = ORIENTED_EDGE('',*,*,#4355,.F.);
#4355 = EDGE_CURVE('',#4356,#2351,#4358,.T.);
#4356 = VERTEX_POINT('',#4357);
#4357 = CARTESIAN_POINT('',(24.8793,17.907,10.1092));
#4358 = LINE('',#4359,#4360);
#4359 = CARTESIAN_POINT('',(24.8793,17.907,10.1092));
#4360 = VECTOR('',#4361,1.);
#4361 = DIRECTION('',(-0.,-1.,-0.));
#4362 = ORIENTED_EDGE('',*,*,#4363,.T.);
#4363 = EDGE_CURVE('',#4356,#4253,#4364,.T.);
#4364 = LINE('',#4365,#4366);
#4365 = CARTESIAN_POINT('',(0.,17.907,10.1092));
#4366 = VECTOR('',#4367,1.);
#4367 = DIRECTION('',(-1.,0.,0.));
#4368 = ORIENTED_EDGE('',*,*,#4252,.F.);
#4369 = ORIENTED_EDGE('',*,*,#4370,.F.);
#4370 = EDGE_CURVE('',#2722,#4245,#4371,.T.);
#4371 = LINE('',#4372,#4373);
#4372 = CARTESIAN_POINT('',(0.,21.4122,10.1092));
#4373 = VECTOR('',#4374,1.);
#4374 = DIRECTION('',(-1.,0.,0.));
#4375 = ORIENTED_EDGE('',*,*,#2721,.T.);
#4376 = PLANE('',#4377);
#4377 = AXIS2_PLACEMENT_3D('',#4378,#4379,#4380);
#4378 = CARTESIAN_POINT('',(0.,21.4122,10.1092));
#4379 = DIRECTION('',(0.,-0.,1.));
#4380 = DIRECTION('',(1.,0.,0.));
#4381 = ADVANCED_FACE('',(#4382),#4400,.F.);
#4382 = FACE_BOUND('',#4383,.T.);
#4383 = EDGE_LOOP('',(#4384,#4385,#4393,#4399));
#4384 = ORIENTED_EDGE('',*,*,#3047,.F.);
#4385 = ORIENTED_EDGE('',*,*,#4386,.F.);
#4386 = EDGE_CURVE('',#4387,#3048,#4389,.T.);
#4387 = VERTEX_POINT('',#4388);
#4388 = CARTESIAN_POINT('',(19.5961,21.4122,10.7315));
#4389 = LINE('',#4390,#4391);
#4390 = CARTESIAN_POINT('',(19.5961,21.4122,10.7315));
#4391 = VECTOR('',#4392,1.);
#4392 = DIRECTION('',(-0.,-1.,-0.));
#4393 = ORIENTED_EDGE('',*,*,#4394,.F.);
#4394 = EDGE_CURVE('',#4237,#4387,#4395,.T.);
#4395 = LINE('',#4396,#4397);
#4396 = CARTESIAN_POINT('',(-1.724519220236E-14,21.4122,10.7315));
#4397 = VECTOR('',#4398,1.);
#4398 = DIRECTION('',(-1.,0.,-1.606969408038E-15));
#4399 = ORIENTED_EDGE('',*,*,#4236,.T.);
#4400 = PLANE('',#4401);
#4401 = AXIS2_PLACEMENT_3D('',#4402,#4403,#4404);
#4402 = CARTESIAN_POINT('',(-1.724519220236E-14,21.4122,10.7315));
#4403 = DIRECTION('',(-1.606969408038E-15,0.,1.));
#4404 = DIRECTION('',(1.,0.,1.606969408038E-15));
#4405 = ADVANCED_FACE('',(#4406),#4424,.F.);
#4406 = FACE_BOUND('',#4407,.T.);
#4407 = EDGE_LOOP('',(#4408,#4409,#4417,#4423));
#4408 = ORIENTED_EDGE('',*,*,#3333,.F.);
#4409 = ORIENTED_EDGE('',*,*,#4410,.F.);
#4410 = EDGE_CURVE('',#4411,#3326,#4413,.T.);
#4411 = VERTEX_POINT('',#4412);
#4412 = CARTESIAN_POINT('',(19.5961,21.4122,14.1605));
#4413 = LINE('',#4414,#4415);
#4414 = CARTESIAN_POINT('',(19.5961,21.4122,14.1605));
#4415 = VECTOR('',#4416,1.);
#4416 = DIRECTION('',(-0.,-1.,-0.));
#4417 = ORIENTED_EDGE('',*,*,#4418,.F.);
#4418 = EDGE_CURVE('',#4387,#4411,#4419,.T.);
#4419 = LINE('',#4420,#4421);
#4420 = CARTESIAN_POINT('',(19.5961,21.4122,0.));
#4421 = VECTOR('',#4422,1.);
#4422 = DIRECTION('',(0.,0.,1.));
#4423 = ORIENTED_EDGE('',*,*,#4386,.T.);
#4424 = PLANE('',#4425);
#4425 = AXIS2_PLACEMENT_3D('',#4426,#4427,#4428);
#4426 = CARTESIAN_POINT('',(19.5961,21.4122,0.));
#4427 = DIRECTION('',(1.,0.,0.));
#4428 = DIRECTION('',(0.,0.,-1.));
#4429 = ADVANCED_FACE('',(#4430),#4448,.F.);
#4430 = FACE_BOUND('',#4431,.T.);
#4431 = EDGE_LOOP('',(#4432,#4433,#4441,#4447));
#4432 = ORIENTED_EDGE('',*,*,#3325,.F.);
#4433 = ORIENTED_EDGE('',*,*,#4434,.F.);
#4434 = EDGE_CURVE('',#4435,#3318,#4437,.T.);
#4435 = VERTEX_POINT('',#4436);
#4436 = CARTESIAN_POINT('',(13.2461,21.4122,14.1605));
#4437 = LINE('',#4438,#4439);
#4438 = CARTESIAN_POINT('',(13.2461,21.4122,14.1605));
#4439 = VECTOR('',#4440,1.);
#4440 = DIRECTION('',(-0.,-1.,-0.));
#4441 = ORIENTED_EDGE('',*,*,#4442,.F.);
#4442 = EDGE_CURVE('',#4411,#4435,#4443,.T.);
#4443 = LINE('',#4444,#4445);
#4444 = CARTESIAN_POINT('',(0.,21.4122,14.1605));
#4445 = VECTOR('',#4446,1.);
#4446 = DIRECTION('',(-1.,0.,0.));
#4447 = ORIENTED_EDGE('',*,*,#4410,.T.);
#4448 = PLANE('',#4449);
#4449 = AXIS2_PLACEMENT_3D('',#4450,#4451,#4452);
#4450 = CARTESIAN_POINT('',(0.,21.4122,14.1605));
#4451 = DIRECTION('',(0.,-0.,1.));
#4452 = DIRECTION('',(1.,0.,0.));
#4453 = ADVANCED_FACE('',(#4454),#4472,.F.);
#4454 = FACE_BOUND('',#4455,.T.);
#4455 = EDGE_LOOP('',(#4456,#4457,#4465,#4471));
#4456 = ORIENTED_EDGE('',*,*,#3317,.F.);
#4457 = ORIENTED_EDGE('',*,*,#4458,.F.);
#4458 = EDGE_CURVE('',#4459,#3310,#4461,.T.);
#4459 = VERTEX_POINT('',#4460);
#4460 = CARTESIAN_POINT('',(13.2461,21.4122,12.6365));
#4461 = LINE('',#4462,#4463);
#4462 = CARTESIAN_POINT('',(13.2461,21.4122,12.6365));
#4463 = VECTOR('',#4464,1.);
#4464 = DIRECTION('',(-0.,-1.,-0.));
#4465 = ORIENTED_EDGE('',*,*,#4466,.F.);
#4466 = EDGE_CURVE('',#4435,#4459,#4467,.T.);
#4467 = LINE('',#4468,#4469);
#4468 = CARTESIAN_POINT('',(13.2461,21.4122,0.));
#4469 = VECTOR('',#4470,1.);
#4470 = DIRECTION('',(0.,0.,-1.));
#4471 = ORIENTED_EDGE('',*,*,#4434,.T.);
#4472 = PLANE('',#4473);
#4473 = AXIS2_PLACEMENT_3D('',#4474,#4475,#4476);
#4474 = CARTESIAN_POINT('',(13.2461,21.4122,0.));
#4475 = DIRECTION('',(-1.,0.,0.));
#4476 = DIRECTION('',(0.,0.,1.));
#4477 = ADVANCED_FACE('',(#4478),#4496,.F.);
#4478 = FACE_BOUND('',#4479,.T.);
#4479 = EDGE_LOOP('',(#4480,#4481,#4489,#4495));
#4480 = ORIENTED_EDGE('',*,*,#3309,.F.);
#4481 = ORIENTED_EDGE('',*,*,#4482,.F.);
#4482 = EDGE_CURVE('',#4483,#3302,#4485,.T.);
#4483 = VERTEX_POINT('',#4484);
#4484 = CARTESIAN_POINT('',(4.3561,21.4122,12.6365));
#4485 = LINE('',#4486,#4487);
#4486 = CARTESIAN_POINT('',(4.3561,21.4122,12.6365));
#4487 = VECTOR('',#4488,1.);
#4488 = DIRECTION('',(-0.,-1.,-0.));
#4489 = ORIENTED_EDGE('',*,*,#4490,.F.);
#4490 = EDGE_CURVE('',#4459,#4483,#4491,.T.);
#4491 = LINE('',#4492,#4493);
#4492 = CARTESIAN_POINT('',(0.,21.4122,12.6365));
#4493 = VECTOR('',#4494,1.);
#4494 = DIRECTION('',(-1.,0.,0.));
#4495 = ORIENTED_EDGE('',*,*,#4458,.T.);
#4496 = PLANE('',#4497);
#4497 = AXIS2_PLACEMENT_3D('',#4498,#4499,#4500);
#4498 = CARTESIAN_POINT('',(0.,21.4122,12.6365));
#4499 = DIRECTION('',(0.,-0.,1.));
#4500 = DIRECTION('',(1.,0.,0.));
#4501 = ADVANCED_FACE('',(#4502),#4513,.F.);
#4502 = FACE_BOUND('',#4503,.T.);
#4503 = EDGE_LOOP('',(#4504,#4505,#4506,#4512));
#4504 = ORIENTED_EDGE('',*,*,#3301,.F.);
#4505 = ORIENTED_EDGE('',*,*,#3609,.F.);
#4506 = ORIENTED_EDGE('',*,*,#4507,.F.);
#4507 = EDGE_CURVE('',#4483,#3602,#4508,.T.);
#4508 = LINE('',#4509,#4510);
#4509 = CARTESIAN_POINT('',(4.3561,21.4122,-2.47920896775E-15));
#4510 = VECTOR('',#4511,1.);
#4511 = DIRECTION('',(5.691349986801E-16,0.,1.));
#4512 = ORIENTED_EDGE('',*,*,#4482,.T.);
#4513 = PLANE('',#4514);
#4514 = AXIS2_PLACEMENT_3D('',#4515,#4516,#4517);
#4515 = CARTESIAN_POINT('',(4.3561,21.4122,-2.47920896775E-15));
#4516 = DIRECTION('',(1.,0.,-5.691349986801E-16));
#4517 = DIRECTION('',(-5.691349986801E-16,0.,-1.));
#4518 = ADVANCED_FACE('',(#4519),#4537,.F.);
#4519 = FACE_BOUND('',#4520,.T.);
#4520 = EDGE_LOOP('',(#4521,#4522,#4530,#4536));
#4521 = ORIENTED_EDGE('',*,*,#3205,.F.);
#4522 = ORIENTED_EDGE('',*,*,#4523,.F.);
#4523 = EDGE_CURVE('',#4524,#3198,#4526,.T.);
#4524 = VERTEX_POINT('',#4525);
#4525 = CARTESIAN_POINT('',(-4.9149,21.4122,-12.6365));
#4526 = LINE('',#4527,#4528);
#4527 = CARTESIAN_POINT('',(-4.9149,21.4122,-12.6365));
#4528 = VECTOR('',#4529,1.);
#4529 = DIRECTION('',(-0.,-1.,-0.));
#4530 = ORIENTED_EDGE('',*,*,#4531,.F.);
#4531 = EDGE_CURVE('',#3835,#4524,#4532,.T.);
#4532 = LINE('',#4533,#4534);
#4533 = CARTESIAN_POINT('',(-4.9149,21.4122,1.398620802506E-15));
#4534 = VECTOR('',#4535,1.);
#4535 = DIRECTION('',(2.8456749934E-16,0.,1.));
#4536 = ORIENTED_EDGE('',*,*,#3834,.T.);
#4537 = PLANE('',#4538);
#4538 = AXIS2_PLACEMENT_3D('',#4539,#4540,#4541);
#4539 = CARTESIAN_POINT('',(-4.9149,21.4122,1.398620802506E-15));
#4540 = DIRECTION('',(1.,0.,-2.8456749934E-16));
#4541 = DIRECTION('',(-2.8456749934E-16,0.,-1.));
#4542 = ADVANCED_FACE('',(#4543),#4561,.F.);
#4543 = FACE_BOUND('',#4544,.T.);
#4544 = EDGE_LOOP('',(#4545,#4546,#4554,#4560));
#4545 = ORIENTED_EDGE('',*,*,#3197,.F.);
#4546 = ORIENTED_EDGE('',*,*,#4547,.F.);
#4547 = EDGE_CURVE('',#4548,#3190,#4550,.T.);
#4548 = VERTEX_POINT('',#4549);
#4549 = CARTESIAN_POINT('',(4.3561,21.4122,-12.6365));
#4550 = LINE('',#4551,#4552);
#4551 = CARTESIAN_POINT('',(4.3561,21.4122,-12.6365));
#4552 = VECTOR('',#4553,1.);
#4553 = DIRECTION('',(-0.,-1.,-0.));
#4554 = ORIENTED_EDGE('',*,*,#4555,.F.);
#4555 = EDGE_CURVE('',#4524,#4548,#4556,.T.);
#4556 = LINE('',#4557,#4558);
#4557 = CARTESIAN_POINT('',(0.,21.4122,-12.6365));
#4558 = VECTOR('',#4559,1.);
#4559 = DIRECTION('',(1.,-0.,0.));
#4560 = ORIENTED_EDGE('',*,*,#4523,.T.);
#4561 = PLANE('',#4562);
#4562 = AXIS2_PLACEMENT_3D('',#4563,#4564,#4565);
#4563 = CARTESIAN_POINT('',(0.,21.4122,-12.6365));
#4564 = DIRECTION('',(0.,0.,-1.));
#4565 = DIRECTION('',(-1.,0.,-0.));
#4566 = ADVANCED_FACE('',(#4567),#4585,.F.);
#4567 = FACE_BOUND('',#4568,.T.);
#4568 = EDGE_LOOP('',(#4569,#4570,#4578,#4584));
#4569 = ORIENTED_EDGE('',*,*,#3189,.F.);
#4570 = ORIENTED_EDGE('',*,*,#4571,.F.);
#4571 = EDGE_CURVE('',#4572,#3182,#4574,.T.);
#4572 = VERTEX_POINT('',#4573);
#4573 = CARTESIAN_POINT('',(4.3561,21.4122,-14.1605));
#4574 = LINE('',#4575,#4576);
#4575 = CARTESIAN_POINT('',(4.3561,21.4122,-14.1605));
#4576 = VECTOR('',#4577,1.);
#4577 = DIRECTION('',(-0.,-1.,-0.));
#4578 = ORIENTED_EDGE('',*,*,#4579,.F.);
#4579 = EDGE_CURVE('',#4548,#4572,#4580,.T.);
#4580 = LINE('',#4581,#4582);
#4581 = CARTESIAN_POINT('',(4.3561,21.4122,-4.9584179355E-15));
#4582 = VECTOR('',#4583,1.);
#4583 = DIRECTION('',(-1.13826999736E-15,0.,-1.));
#4584 = ORIENTED_EDGE('',*,*,#4547,.T.);
#4585 = PLANE('',#4586);
#4586 = AXIS2_PLACEMENT_3D('',#4587,#4588,#4589);
#4587 = CARTESIAN_POINT('',(4.3561,21.4122,-4.9584179355E-15));
#4588 = DIRECTION('',(-1.,0.,1.13826999736E-15));
#4589 = DIRECTION('',(1.13826999736E-15,0.,1.));
#4590 = ADVANCED_FACE('',(#4591),#4609,.F.);
#4591 = FACE_BOUND('',#4592,.T.);
#4592 = EDGE_LOOP('',(#4593,#4594,#4602,#4608));
#4593 = ORIENTED_EDGE('',*,*,#3181,.F.);
#4594 = ORIENTED_EDGE('',*,*,#4595,.F.);
#4595 = EDGE_CURVE('',#4596,#3174,#4598,.T.);
#4596 = VERTEX_POINT('',#4597);
#4597 = CARTESIAN_POINT('',(19.5961,21.4122,-14.1605));
#4598 = LINE('',#4599,#4600);
#4599 = CARTESIAN_POINT('',(19.5961,21.4122,-14.1605));
#4600 = VECTOR('',#4601,1.);
#4601 = DIRECTION('',(-0.,-1.,-0.));
#4602 = ORIENTED_EDGE('',*,*,#4603,.F.);
#4603 = EDGE_CURVE('',#4572,#4596,#4604,.T.);
#4604 = LINE('',#4605,#4606);
#4605 = CARTESIAN_POINT('',(0.,21.4122,-14.1605));
#4606 = VECTOR('',#4607,1.);
#4607 = DIRECTION('',(1.,-0.,0.));
#4608 = ORIENTED_EDGE('',*,*,#4571,.T.);
#4609 = PLANE('',#4610);
#4610 = AXIS2_PLACEMENT_3D('',#4611,#4612,#4613);
#4611 = CARTESIAN_POINT('',(0.,21.4122,-14.1605));
#4612 = DIRECTION('',(0.,0.,-1.));
#4613 = DIRECTION('',(-1.,0.,-0.));
#4614 = ADVANCED_FACE('',(#4615),#4633,.F.);
#4615 = FACE_BOUND('',#4616,.T.);
#4616 = EDGE_LOOP('',(#4617,#4618,#4626,#4632));
#4617 = ORIENTED_EDGE('',*,*,#3173,.F.);
#4618 = ORIENTED_EDGE('',*,*,#4619,.F.);
#4619 = EDGE_CURVE('',#4620,#3166,#4622,.T.);
#4620 = VERTEX_POINT('',#4621);
#4621 = CARTESIAN_POINT('',(19.5961,21.4122,-10.7315));
#4622 = LINE('',#4623,#4624);
#4623 = CARTESIAN_POINT('',(19.5961,21.4122,-10.7315));
#4624 = VECTOR('',#4625,1.);
#4625 = DIRECTION('',(-0.,-1.,-0.));
#4626 = ORIENTED_EDGE('',*,*,#4627,.F.);
#4627 = EDGE_CURVE('',#4596,#4620,#4628,.T.);
#4628 = LINE('',#4629,#4630);
#4629 = CARTESIAN_POINT('',(19.5961,21.4122,1.982724684024E-14));
#4630 = VECTOR('',#4631,1.);
#4631 = DIRECTION('',(-1.011795553209E-15,0.,1.));
#4632 = ORIENTED_EDGE('',*,*,#4595,.T.);
#4633 = PLANE('',#4634);
#4634 = AXIS2_PLACEMENT_3D('',#4635,#4636,#4637);
#4635 = CARTESIAN_POINT('',(19.5961,21.4122,1.982724684024E-14));
#4636 = DIRECTION('',(1.,-0.,1.011795553209E-15));
#4637 = DIRECTION('',(1.011795553209E-15,0.,-1.));
#4638 = ADVANCED_FACE('',(#4639),#4666,.F.);
#4639 = FACE_BOUND('',#4640,.T.);
#4640 = EDGE_LOOP('',(#4641,#4649,#4650,#4651,#4652,#4658,#4659,#4660));
#4641 = ORIENTED_EDGE('',*,*,#4642,.F.);
#4642 = EDGE_CURVE('',#2653,#4643,#4645,.T.);
#4643 = VERTEX_POINT('',#4644);
#4644 = CARTESIAN_POINT('',(24.2189,17.907,-10.7315));
#4645 = LINE('',#4646,#4647);
#4646 = CARTESIAN_POINT('',(5.786215804739E-14,17.907,-10.7315));
#4647 = VECTOR('',#4648,1.);
#4648 = DIRECTION('',(-1.,0.,-5.391805250653E-15));
#4649 = ORIENTED_EDGE('',*,*,#2652,.T.);
#4650 = ORIENTED_EDGE('',*,*,#2398,.F.);
#4651 = ORIENTED_EDGE('',*,*,#2623,.F.);
#4652 = ORIENTED_EDGE('',*,*,#4653,.F.);
#4653 = EDGE_CURVE('',#4620,#2616,#4654,.T.);
#4654 = LINE('',#4655,#4656);
#4655 = CARTESIAN_POINT('',(-8.938056934149E-15,21.4122,-10.7315));
#4656 = VECTOR('',#4657,1.);
#4657 = DIRECTION('',(1.,0.,-8.328804858733E-16));
#4658 = ORIENTED_EDGE('',*,*,#4619,.T.);
#4659 = ORIENTED_EDGE('',*,*,#3165,.F.);
#4660 = ORIENTED_EDGE('',*,*,#4661,.F.);
#4661 = EDGE_CURVE('',#4643,#3158,#4662,.T.);
#4662 = LINE('',#4663,#4664);
#4663 = CARTESIAN_POINT('',(24.2189,17.907,-10.7315));
#4664 = VECTOR('',#4665,1.);
#4665 = DIRECTION('',(-0.,-1.,-0.));
#4666 = PLANE('',#4667);
#4667 = AXIS2_PLACEMENT_3D('',#4668,#4669,#4670);
#4668 = CARTESIAN_POINT('',(-8.938056934149E-15,21.4122,-10.7315));
#4669 = DIRECTION('',(-8.328804858733E-16,0.,-1.));
#4670 = DIRECTION('',(-1.,0.,8.328804858733E-16));
#4671 = ADVANCED_FACE('',(#4672),#4706,.F.);
#4672 = FACE_BOUND('',#4673,.T.);
#4673 = EDGE_LOOP('',(#4674,#4675,#4676,#4684,#4690,#4691,#4699,#4705));
#4674 = ORIENTED_EDGE('',*,*,#2438,.F.);
#4675 = ORIENTED_EDGE('',*,*,#2700,.F.);
#4676 = ORIENTED_EDGE('',*,*,#4677,.T.);
#4677 = EDGE_CURVE('',#2693,#4678,#4680,.T.);
#4678 = VERTEX_POINT('',#4679);
#4679 = CARTESIAN_POINT('',(24.2189,17.907,-2.2733));
#4680 = LINE('',#4681,#4682);
#4681 = CARTESIAN_POINT('',(0.,17.907,-2.2733));
#4682 = VECTOR('',#4683,1.);
#4683 = DIRECTION('',(-1.,0.,0.));
#4684 = ORIENTED_EDGE('',*,*,#4685,.T.);
#4685 = EDGE_CURVE('',#4678,#3150,#4686,.T.);
#4686 = LINE('',#4687,#4688);
#4687 = CARTESIAN_POINT('',(24.2189,17.907,-2.2733));
#4688 = VECTOR('',#4689,1.);
#4689 = DIRECTION('',(-0.,-1.,-0.));
#4690 = ORIENTED_EDGE('',*,*,#3149,.F.);
#4691 = ORIENTED_EDGE('',*,*,#4692,.F.);
#4692 = EDGE_CURVE('',#4693,#3141,#4695,.T.);
#4693 = VERTEX_POINT('',#4694);
#4694 = CARTESIAN_POINT('',(20.2946,21.4122,-2.2733));
#4695 = LINE('',#4696,#4697);
#4696 = CARTESIAN_POINT('',(20.2946,21.4122,-2.2733));
#4697 = VECTOR('',#4698,1.);
#4698 = DIRECTION('',(-0.,-1.,-0.));
#4699 = ORIENTED_EDGE('',*,*,#4700,.F.);
#4700 = EDGE_CURVE('',#2608,#4693,#4701,.T.);
#4701 = LINE('',#4702,#4703);
#4702 = CARTESIAN_POINT('',(-1.95404492231E-15,21.4122,-2.2733));
#4703 = VECTOR('',#4704,1.);
#4704 = DIRECTION('',(-1.,0.,8.595631559012E-16));
#4705 = ORIENTED_EDGE('',*,*,#2607,.T.);
#4706 = PLANE('',#4707);
#4707 = AXIS2_PLACEMENT_3D('',#4708,#4709,#4710);
#4708 = CARTESIAN_POINT('',(-1.95404492231E-15,21.4122,-2.2733));
#4709 = DIRECTION('',(8.595631559012E-16,-0.,1.));
#4710 = DIRECTION('',(1.,0.,-8.595631559012E-16));
#4711 = ADVANCED_FACE('',(#4712),#4731,.T.);
#4712 = FACE_BOUND('',#4713,.T.);
#4713 = EDGE_LOOP('',(#4714,#4715,#4723,#4730));
#4714 = ORIENTED_EDGE('',*,*,#3140,.F.);
#4715 = ORIENTED_EDGE('',*,*,#4716,.F.);
#4716 = EDGE_CURVE('',#4717,#3133,#4719,.T.);
#4717 = VERTEX_POINT('',#4718);
#4718 = CARTESIAN_POINT('',(19.5961,21.4122,-1.5748));
#4719 = LINE('',#4720,#4721);
#4720 = CARTESIAN_POINT('',(19.5961,21.4122,-1.5748));
#4721 = VECTOR('',#4722,1.);
#4722 = DIRECTION('',(-0.,-1.,-0.));
#4723 = ORIENTED_EDGE('',*,*,#4724,.F.);
#4724 = EDGE_CURVE('',#4693,#4717,#4725,.T.);
#4725 = CIRCLE('',#4726,0.6985);
#4726 = AXIS2_PLACEMENT_3D('',#4727,#4728,#4729);
#4727 = CARTESIAN_POINT('',(20.2946,21.4122,-1.5748));
#4728 = DIRECTION('',(0.,1.,-0.));
#4729 = DIRECTION('',(0.,0.,1.));
#4730 = ORIENTED_EDGE('',*,*,#4692,.T.);
#4731 = CYLINDRICAL_SURFACE('',#4732,0.6985);
#4732 = AXIS2_PLACEMENT_3D('',#4733,#4734,#4735);
#4733 = CARTESIAN_POINT('',(20.2946,21.4122,-1.5748));
#4734 = DIRECTION('',(-0.,-1.,-0.));
#4735 = DIRECTION('',(0.,0.,-1.));
#4736 = ADVANCED_FACE('',(#4737),#4755,.F.);
#4737 = FACE_BOUND('',#4738,.T.);
#4738 = EDGE_LOOP('',(#4739,#4740,#4748,#4754));
#4739 = ORIENTED_EDGE('',*,*,#3132,.F.);
#4740 = ORIENTED_EDGE('',*,*,#4741,.F.);
#4741 = EDGE_CURVE('',#4742,#3124,#4744,.T.);
#4742 = VERTEX_POINT('',#4743);
#4743 = CARTESIAN_POINT('',(19.5961,21.4122,-1.4478));
#4744 = LINE('',#4745,#4746);
#4745 = CARTESIAN_POINT('',(19.5961,21.4122,-1.4478));
#4746 = VECTOR('',#4747,1.);
#4747 = DIRECTION('',(-0.,-1.,-0.));
#4748 = ORIENTED_EDGE('',*,*,#4749,.F.);
#4749 = EDGE_CURVE('',#4717,#4742,#4750,.T.);
#4750 = LINE('',#4751,#4752);
#4751 = CARTESIAN_POINT('',(19.5961,21.4122,-5.353356646864E-13));
#4752 = VECTOR('',#4753,1.);
#4753 = DIRECTION('',(2.731847993664E-14,0.,1.));
#4754 = ORIENTED_EDGE('',*,*,#4716,.T.);
#4755 = PLANE('',#4756);
#4756 = AXIS2_PLACEMENT_3D('',#4757,#4758,#4759);
#4757 = CARTESIAN_POINT('',(19.5961,21.4122,-5.353356646864E-13));
#4758 = DIRECTION('',(1.,0.,-2.731847993664E-14));
#4759 = DIRECTION('',(-2.731847993664E-14,0.,-1.));
#4760 = ADVANCED_FACE('',(#4761),#4780,.T.);
#4761 = FACE_BOUND('',#4762,.T.);
#4762 = EDGE_LOOP('',(#4763,#4764,#4772,#4779));
#4763 = ORIENTED_EDGE('',*,*,#3123,.F.);
#4764 = ORIENTED_EDGE('',*,*,#4765,.F.);
#4765 = EDGE_CURVE('',#4766,#3116,#4768,.T.);
#4766 = VERTEX_POINT('',#4767);
#4767 = CARTESIAN_POINT('',(20.2946,21.4122,-0.7493));
#4768 = LINE('',#4769,#4770);
#4769 = CARTESIAN_POINT('',(20.2946,21.4122,-0.7493));
#4770 = VECTOR('',#4771,1.);
#4771 = DIRECTION('',(-0.,-1.,-0.));
#4772 = ORIENTED_EDGE('',*,*,#4773,.F.);
#4773 = EDGE_CURVE('',#4742,#4766,#4774,.T.);
#4774 = CIRCLE('',#4775,0.6985);
#4775 = AXIS2_PLACEMENT_3D('',#4776,#4777,#4778);
#4776 = CARTESIAN_POINT('',(20.2946,21.4122,-1.4478));
#4777 = DIRECTION('',(0.,1.,-0.));
#4778 = DIRECTION('',(0.,0.,1.));
#4779 = ORIENTED_EDGE('',*,*,#4741,.T.);
#4780 = CYLINDRICAL_SURFACE('',#4781,0.6985);
#4781 = AXIS2_PLACEMENT_3D('',#4782,#4783,#4784);
#4782 = CARTESIAN_POINT('',(20.2946,21.4122,-1.4478));
#4783 = DIRECTION('',(-0.,-1.,-0.));
#4784 = DIRECTION('',(0.,0.,-1.));
#4785 = ADVANCED_FACE('',(#4786),#4804,.F.);
#4786 = FACE_BOUND('',#4787,.T.);
#4787 = EDGE_LOOP('',(#4788,#4789,#4797,#4803));
#4788 = ORIENTED_EDGE('',*,*,#3115,.F.);
#4789 = ORIENTED_EDGE('',*,*,#4790,.F.);
#4790 = EDGE_CURVE('',#4791,#3108,#4793,.T.);
#4791 = VERTEX_POINT('',#4792);
#4792 = CARTESIAN_POINT('',(25.8445,21.4122,-0.7493));
#4793 = LINE('',#4794,#4795);
#4794 = CARTESIAN_POINT('',(25.8445,21.4122,-0.7493));
#4795 = VECTOR('',#4796,1.);
#4796 = DIRECTION('',(-0.,-1.,-0.));
#4797 = ORIENTED_EDGE('',*,*,#4798,.F.);
#4798 = EDGE_CURVE('',#4766,#4791,#4799,.T.);
#4799 = LINE('',#4800,#4801);
#4800 = CARTESIAN_POINT('',(-5.26966914041E-16,21.4122,-0.7493));
#4801 = VECTOR('',#4802,1.);
#4802 = DIRECTION('',(1.,0.,-7.032789457374E-16));
#4803 = ORIENTED_EDGE('',*,*,#4765,.T.);
#4804 = PLANE('',#4805);
#4805 = AXIS2_PLACEMENT_3D('',#4806,#4807,#4808);
#4806 = CARTESIAN_POINT('',(-5.26966914041E-16,21.4122,-0.7493));
#4807 = DIRECTION('',(-7.032789457374E-16,0.,-1.));
#4808 = DIRECTION('',(-1.,0.,7.032789457374E-16));
#4809 = ADVANCED_FACE('',(#4810),#4828,.F.);
#4810 = FACE_BOUND('',#4811,.T.);
#4811 = EDGE_LOOP('',(#4812,#4813,#4821,#4827));
#4812 = ORIENTED_EDGE('',*,*,#3107,.F.);
#4813 = ORIENTED_EDGE('',*,*,#4814,.F.);
#4814 = EDGE_CURVE('',#4815,#3100,#4817,.T.);
#4815 = VERTEX_POINT('',#4816);
#4816 = CARTESIAN_POINT('',(25.8445,21.4122,0.8255));
#4817 = LINE('',#4818,#4819);
#4818 = CARTESIAN_POINT('',(25.8445,21.4122,0.8255));
#4819 = VECTOR('',#4820,1.);
#4820 = DIRECTION('',(-0.,-1.,-0.));
#4821 = ORIENTED_EDGE('',*,*,#4822,.F.);
#4822 = EDGE_CURVE('',#4791,#4815,#4823,.T.);
#4823 = LINE('',#4824,#4825);
#4824 = CARTESIAN_POINT('',(25.8445,21.4122,0.));
#4825 = VECTOR('',#4826,1.);
#4826 = DIRECTION('',(0.,0.,1.));
#4827 = ORIENTED_EDGE('',*,*,#4790,.T.);
#4828 = PLANE('',#4829);
#4829 = AXIS2_PLACEMENT_3D('',#4830,#4831,#4832);
#4830 = CARTESIAN_POINT('',(25.8445,21.4122,0.));
#4831 = DIRECTION('',(1.,0.,0.));
#4832 = DIRECTION('',(0.,0.,-1.));
#4833 = ADVANCED_FACE('',(#4834),#4852,.F.);
#4834 = FACE_BOUND('',#4835,.T.);
#4835 = EDGE_LOOP('',(#4836,#4837,#4845,#4851));
#4836 = ORIENTED_EDGE('',*,*,#3099,.F.);
#4837 = ORIENTED_EDGE('',*,*,#4838,.F.);
#4838 = EDGE_CURVE('',#4839,#3091,#4841,.T.);
#4839 = VERTEX_POINT('',#4840);
#4840 = CARTESIAN_POINT('',(20.2946,21.4122,0.8255));
#4841 = LINE('',#4842,#4843);
#4842 = CARTESIAN_POINT('',(20.2946,21.4122,0.8255));
#4843 = VECTOR('',#4844,1.);
#4844 = DIRECTION('',(-0.,-1.,-0.));
#4845 = ORIENTED_EDGE('',*,*,#4846,.F.);
#4846 = EDGE_CURVE('',#4815,#4839,#4847,.T.);
#4847 = LINE('',#4848,#4849);
#4848 = CARTESIAN_POINT('',(-8.063288468142E-17,21.4122,0.8255));
#4849 = VECTOR('',#4850,1.);
#4850 = DIRECTION('',(-1.,0.,-9.767763135241E-17));
#4851 = ORIENTED_EDGE('',*,*,#4814,.T.);
#4852 = PLANE('',#4853);
#4853 = AXIS2_PLACEMENT_3D('',#4854,#4855,#4856);
#4854 = CARTESIAN_POINT('',(-8.063288468142E-17,21.4122,0.8255));
#4855 = DIRECTION('',(-9.767763135241E-17,0.,1.));
#4856 = DIRECTION('',(1.,0.,9.767763135241E-17));
#4857 = ADVANCED_FACE('',(#4858),#4870,.T.);
#4858 = FACE_BOUND('',#4859,.T.);
#4859 = EDGE_LOOP('',(#4860,#4861,#4862,#4869));
#4860 = ORIENTED_EDGE('',*,*,#3090,.F.);
#4861 = ORIENTED_EDGE('',*,*,#4172,.F.);
#4862 = ORIENTED_EDGE('',*,*,#4863,.F.);
#4863 = EDGE_CURVE('',#4839,#4165,#4864,.T.);
#4864 = CIRCLE('',#4865,0.6985);
#4865 = AXIS2_PLACEMENT_3D('',#4866,#4867,#4868);
#4866 = CARTESIAN_POINT('',(20.2946,21.4122,1.524));
#4867 = DIRECTION('',(0.,1.,-0.));
#4868 = DIRECTION('',(0.,0.,1.));
#4869 = ORIENTED_EDGE('',*,*,#4838,.T.);
#4870 = CYLINDRICAL_SURFACE('',#4871,0.6985);
#4871 = AXIS2_PLACEMENT_3D('',#4872,#4873,#4874);
#4872 = CARTESIAN_POINT('',(20.2946,21.4122,1.524));
#4873 = DIRECTION('',(-0.,-1.,-0.));
#4874 = DIRECTION('',(0.,0.,-1.));
#4875 = ADVANCED_FACE('',(#4876),#4914,.T.);
#4876 = FACE_BOUND('',#4877,.T.);
#4877 = EDGE_LOOP('',(#4878,#4879,#4880,#4881,#4882,#4883,#4884,#4885,
    #4886,#4887,#4888,#4889,#4890,#4891,#4892,#4893,#4894,#4895,#4896,
    #4897,#4898,#4899,#4900,#4901,#4902,#4903,#4904,#4905,#4906,#4907,
    #4908,#4909,#4910,#4911,#4912,#4913));
#4878 = ORIENTED_EDGE('',*,*,#4164,.T.);
#4879 = ORIENTED_EDGE('',*,*,#4195,.T.);
#4880 = ORIENTED_EDGE('',*,*,#4220,.T.);
#4881 = ORIENTED_EDGE('',*,*,#4308,.T.);
#4882 = ORIENTED_EDGE('',*,*,#4339,.T.);
#4883 = ORIENTED_EDGE('',*,*,#2729,.T.);
#4884 = ORIENTED_EDGE('',*,*,#4370,.T.);
#4885 = ORIENTED_EDGE('',*,*,#4244,.T.);
#4886 = ORIENTED_EDGE('',*,*,#4394,.T.);
#4887 = ORIENTED_EDGE('',*,*,#4418,.T.);
#4888 = ORIENTED_EDGE('',*,*,#4442,.T.);
#4889 = ORIENTED_EDGE('',*,*,#4466,.T.);
#4890 = ORIENTED_EDGE('',*,*,#4490,.T.);
#4891 = ORIENTED_EDGE('',*,*,#4507,.T.);
#4892 = ORIENTED_EDGE('',*,*,#3601,.T.);
#4893 = ORIENTED_EDGE('',*,*,#3666,.F.);
#4894 = ORIENTED_EDGE('',*,*,#3690,.T.);
#4895 = ORIENTED_EDGE('',*,*,#3714,.T.);
#4896 = ORIENTED_EDGE('',*,*,#3738,.F.);
#4897 = ORIENTED_EDGE('',*,*,#3762,.F.);
#4898 = ORIENTED_EDGE('',*,*,#3842,.F.);
#4899 = ORIENTED_EDGE('',*,*,#4531,.T.);
#4900 = ORIENTED_EDGE('',*,*,#4555,.T.);
#4901 = ORIENTED_EDGE('',*,*,#4579,.T.);
#4902 = ORIENTED_EDGE('',*,*,#4603,.T.);
#4903 = ORIENTED_EDGE('',*,*,#4627,.T.);
#4904 = ORIENTED_EDGE('',*,*,#4653,.T.);
#4905 = ORIENTED_EDGE('',*,*,#2615,.T.);
#4906 = ORIENTED_EDGE('',*,*,#4700,.T.);
#4907 = ORIENTED_EDGE('',*,*,#4724,.T.);
#4908 = ORIENTED_EDGE('',*,*,#4749,.T.);
#4909 = ORIENTED_EDGE('',*,*,#4773,.T.);
#4910 = ORIENTED_EDGE('',*,*,#4798,.T.);
#4911 = ORIENTED_EDGE('',*,*,#4822,.T.);
#4912 = ORIENTED_EDGE('',*,*,#4846,.T.);
#4913 = ORIENTED_EDGE('',*,*,#4863,.T.);
#4914 = PLANE('',#4915);
#4915 = AXIS2_PLACEMENT_3D('',#4916,#4917,#4918);
#4916 = CARTESIAN_POINT('',(0.,21.4122,0.));
#4917 = DIRECTION('',(0.,1.,-0.));
#4918 = DIRECTION('',(0.,0.,1.));
#4919 = ADVANCED_FACE('',(#4920),#4938,.T.);
#4920 = FACE_BOUND('',#4921,.T.);
#4921 = EDGE_LOOP('',(#4922,#4930,#4936,#4937));
#4922 = ORIENTED_EDGE('',*,*,#4923,.F.);
#4923 = EDGE_CURVE('',#4924,#3254,#4926,.T.);
#4924 = VERTEX_POINT('',#4925);
#4925 = CARTESIAN_POINT('',(-25.9461,6.35,4.953));
#4926 = LINE('',#4927,#4928);
#4927 = CARTESIAN_POINT('',(-25.9461,7.62,4.953));
#4928 = VECTOR('',#4929,1.);
#4929 = DIRECTION('',(-0.,-1.,-0.));
#4930 = ORIENTED_EDGE('',*,*,#4931,.T.);
#4931 = EDGE_CURVE('',#4924,#3896,#4932,.T.);
#4932 = LINE('',#4933,#4934);
#4933 = CARTESIAN_POINT('',(0.,6.35,4.953));
#4934 = VECTOR('',#4935,1.);
#4935 = DIRECTION('',(-1.,0.,0.));
#4936 = ORIENTED_EDGE('',*,*,#3895,.T.);
#4937 = ORIENTED_EDGE('',*,*,#3261,.F.);
#4938 = PLANE('',#4939);
#4939 = AXIS2_PLACEMENT_3D('',#4940,#4941,#4942);
#4940 = CARTESIAN_POINT('',(0.,7.62,4.953));
#4941 = DIRECTION('',(0.,-0.,1.));
#4942 = DIRECTION('',(1.,0.,0.));
#4943 = ADVANCED_FACE('',(#4944),#4980,.T.);
#4944 = FACE_BOUND('',#4945,.T.);
#4945 = EDGE_LOOP('',(#4946,#4954,#4963,#4971,#4978,#4979));
#4946 = ORIENTED_EDGE('',*,*,#4947,.F.);
#4947 = EDGE_CURVE('',#4948,#3246,#4950,.T.);
#4948 = VERTEX_POINT('',#4949);
#4949 = CARTESIAN_POINT('',(-25.9461,6.35,-4.953));
#4950 = LINE('',#4951,#4952);
#4951 = CARTESIAN_POINT('',(-25.9461,7.62,-4.953));
#4952 = VECTOR('',#4953,1.);
#4953 = DIRECTION('',(-0.,-1.,-0.));
#4954 = ORIENTED_EDGE('',*,*,#4955,.T.);
#4955 = EDGE_CURVE('',#4948,#4956,#4958,.T.);
#4956 = VERTEX_POINT('',#4957);
#4957 = CARTESIAN_POINT('',(-25.9461,7.62,-3.683));
#4958 = CIRCLE('',#4959,1.27);
#4959 = AXIS2_PLACEMENT_3D('',#4960,#4961,#4962);
#4960 = CARTESIAN_POINT('',(-25.9461,6.35,-3.683));
#4961 = DIRECTION('',(1.,0.,0.));
#4962 = DIRECTION('',(0.,0.,-1.));
#4963 = ORIENTED_EDGE('',*,*,#4964,.T.);
#4964 = EDGE_CURVE('',#4956,#4965,#4967,.T.);
#4965 = VERTEX_POINT('',#4966);
#4966 = CARTESIAN_POINT('',(-25.9461,7.62,3.683));
#4967 = LINE('',#4968,#4969);
#4968 = CARTESIAN_POINT('',(-25.9461,7.62,0.));
#4969 = VECTOR('',#4970,1.);
#4970 = DIRECTION('',(0.,0.,1.));
#4971 = ORIENTED_EDGE('',*,*,#4972,.T.);
#4972 = EDGE_CURVE('',#4965,#4924,#4973,.T.);
#4973 = CIRCLE('',#4974,1.27);
#4974 = AXIS2_PLACEMENT_3D('',#4975,#4976,#4977);
#4975 = CARTESIAN_POINT('',(-25.9461,6.35,3.683));
#4976 = DIRECTION('',(1.,0.,0.));
#4977 = DIRECTION('',(0.,0.,-1.));
#4978 = ORIENTED_EDGE('',*,*,#4923,.T.);
#4979 = ORIENTED_EDGE('',*,*,#3253,.F.);
#4980 = PLANE('',#4981);
#4981 = AXIS2_PLACEMENT_3D('',#4982,#4983,#4984);
#4982 = CARTESIAN_POINT('',(-25.9461,7.62,0.));
#4983 = DIRECTION('',(1.,0.,0.));
#4984 = DIRECTION('',(0.,0.,-1.));
#4985 = ADVANCED_FACE('',(#4986),#4997,.T.);
#4986 = FACE_BOUND('',#4987,.T.);
#4987 = EDGE_LOOP('',(#4988,#4989,#4995,#4996));
#4988 = ORIENTED_EDGE('',*,*,#3929,.F.);
#4989 = ORIENTED_EDGE('',*,*,#4990,.T.);
#4990 = EDGE_CURVE('',#3921,#4948,#4991,.T.);
#4991 = LINE('',#4992,#4993);
#4992 = CARTESIAN_POINT('',(0.,6.35,-4.953));
#4993 = VECTOR('',#4994,1.);
#4994 = DIRECTION('',(1.,0.,0.));
#4995 = ORIENTED_EDGE('',*,*,#4947,.T.);
#4996 = ORIENTED_EDGE('',*,*,#3245,.F.);
#4997 = PLANE('',#4998);
#4998 = AXIS2_PLACEMENT_3D('',#4999,#5000,#5001);
#4999 = CARTESIAN_POINT('',(0.,7.62,-4.953));
#5000 = DIRECTION('',(0.,0.,-1.));
#5001 = DIRECTION('',(-1.,0.,-0.));
#5002 = ADVANCED_FACE('',(#5003),#5019,.T.);
#5003 = FACE_BOUND('',#5004,.T.);
#5004 = EDGE_LOOP('',(#5005,#5006,#5012,#5013));
#5005 = ORIENTED_EDGE('',*,*,#4964,.F.);
#5006 = ORIENTED_EDGE('',*,*,#5007,.T.);
#5007 = EDGE_CURVE('',#4956,#3913,#5008,.T.);
#5008 = LINE('',#5009,#5010);
#5009 = CARTESIAN_POINT('',(0.,7.62,-3.683));
#5010 = VECTOR('',#5011,1.);
#5011 = DIRECTION('',(-1.,-0.,-0.));
#5012 = ORIENTED_EDGE('',*,*,#3912,.F.);
#5013 = ORIENTED_EDGE('',*,*,#5014,.T.);
#5014 = EDGE_CURVE('',#3904,#4965,#5015,.T.);
#5015 = LINE('',#5016,#5017);
#5016 = CARTESIAN_POINT('',(0.,7.62,3.683));
#5017 = VECTOR('',#5018,1.);
#5018 = DIRECTION('',(1.,-0.,-0.));
#5019 = PLANE('',#5020);
#5020 = AXIS2_PLACEMENT_3D('',#5021,#5022,#5023);
#5021 = CARTESIAN_POINT('',(0.,7.62,0.));
#5022 = DIRECTION('',(0.,1.,-0.));
#5023 = DIRECTION('',(0.,0.,1.));
#5024 = ADVANCED_FACE('',(#5025),#5031,.T.);
#5025 = FACE_BOUND('',#5026,.T.);
#5026 = EDGE_LOOP('',(#5027,#5028,#5029,#5030));
#5027 = ORIENTED_EDGE('',*,*,#4003,.F.);
#5028 = ORIENTED_EDGE('',*,*,#4053,.F.);
#5029 = ORIENTED_EDGE('',*,*,#3801,.F.);
#5030 = ORIENTED_EDGE('',*,*,#3944,.F.);
#5031 = CYLINDRICAL_SURFACE('',#5032,1.27);
#5032 = AXIS2_PLACEMENT_3D('',#5033,#5034,#5035);
#5033 = CARTESIAN_POINT('',(-26.2001,9.525,0.));
#5034 = DIRECTION('',(0.,0.,-1.));
#5035 = DIRECTION('',(-1.,0.,0.));
#5036 = ADVANCED_FACE('',(#5037),#5043,.T.);
#5037 = FACE_BOUND('',#5038,.T.);
#5038 = EDGE_LOOP('',(#5039,#5040,#5041,#5042));
#5039 = ORIENTED_EDGE('',*,*,#4020,.F.);
#5040 = ORIENTED_EDGE('',*,*,#4036,.F.);
#5041 = ORIENTED_EDGE('',*,*,#3818,.F.);
#5042 = ORIENTED_EDGE('',*,*,#4060,.F.);
#5043 = CYLINDRICAL_SURFACE('',#5044,1.27);
#5044 = AXIS2_PLACEMENT_3D('',#5045,#5046,#5047);
#5045 = CARTESIAN_POINT('',(-18.1991,9.525,0.));
#5046 = DIRECTION('',(0.,0.,1.));
#5047 = DIRECTION('',(1.,0.,-0.));
#5048 = ADVANCED_FACE('',(#5049),#5055,.T.);
#5049 = FACE_BOUND('',#5050,.T.);
#5050 = EDGE_LOOP('',(#5051,#5052,#5053,#5054));
#5051 = ORIENTED_EDGE('',*,*,#3641,.F.);
#5052 = ORIENTED_EDGE('',*,*,#4134,.F.);
#5053 = ORIENTED_EDGE('',*,*,#4099,.F.);
#5054 = ORIENTED_EDGE('',*,*,#3880,.F.);
#5055 = CYLINDRICAL_SURFACE('',#5056,1.27);
#5056 = AXIS2_PLACEMENT_3D('',#5057,#5058,#5059);
#5057 = CARTESIAN_POINT('',(-26.2001,9.525,0.));
#5058 = DIRECTION('',(0.,0.,-1.));
#5059 = DIRECTION('',(-1.,0.,0.));
#5060 = ADVANCED_FACE('',(#5061),#5067,.T.);
#5061 = FACE_BOUND('',#5062,.T.);
#5062 = EDGE_LOOP('',(#5063,#5064,#5065,#5066));
#5063 = ORIENTED_EDGE('',*,*,#4116,.F.);
#5064 = ORIENTED_EDGE('',*,*,#4141,.F.);
#5065 = ORIENTED_EDGE('',*,*,#3624,.F.);
#5066 = ORIENTED_EDGE('',*,*,#4082,.F.);
#5067 = CYLINDRICAL_SURFACE('',#5068,1.27);
#5068 = AXIS2_PLACEMENT_3D('',#5069,#5070,#5071);
#5069 = CARTESIAN_POINT('',(-18.1991,9.525,0.));
#5070 = DIRECTION('',(-0.,0.,1.));
#5071 = DIRECTION('',(1.,0.,0.));
#5072 = ADVANCED_FACE('',(#5073),#5079,.T.);
#5073 = FACE_BOUND('',#5074,.T.);
#5074 = EDGE_LOOP('',(#5075,#5076,#5077,#5078));
#5075 = ORIENTED_EDGE('',*,*,#3920,.F.);
#5076 = ORIENTED_EDGE('',*,*,#5007,.F.);
#5077 = ORIENTED_EDGE('',*,*,#4955,.F.);
#5078 = ORIENTED_EDGE('',*,*,#4990,.F.);
#5079 = CYLINDRICAL_SURFACE('',#5080,1.27);
#5080 = AXIS2_PLACEMENT_3D('',#5081,#5082,#5083);
#5081 = CARTESIAN_POINT('',(0.,6.35,-3.683));
#5082 = DIRECTION('',(1.,0.,0.));
#5083 = DIRECTION('',(0.,0.,-1.));
#5084 = ADVANCED_FACE('',(#5085),#5091,.T.);
#5085 = FACE_BOUND('',#5086,.T.);
#5086 = EDGE_LOOP('',(#5087,#5088,#5089,#5090));
#5087 = ORIENTED_EDGE('',*,*,#4972,.F.);
#5088 = ORIENTED_EDGE('',*,*,#5014,.F.);
#5089 = ORIENTED_EDGE('',*,*,#3903,.F.);
#5090 = ORIENTED_EDGE('',*,*,#4931,.F.);
#5091 = CYLINDRICAL_SURFACE('',#5092,1.27);
#5092 = AXIS2_PLACEMENT_3D('',#5093,#5094,#5095);
#5093 = CARTESIAN_POINT('',(0.,6.35,3.683));
#5094 = DIRECTION('',(-1.,0.,0.));
#5095 = DIRECTION('',(0.,0.,1.));
#5096 = ADVANCED_FACE('',(#5097),#5109,.F.);
#5097 = FACE_BOUND('',#5098,.F.);
#5098 = EDGE_LOOP('',(#5099,#5100,#5101,#5108));
#5099 = ORIENTED_EDGE('',*,*,#2759,.F.);
#5100 = ORIENTED_EDGE('',*,*,#2132,.F.);
#5101 = ORIENTED_EDGE('',*,*,#5102,.F.);
#5102 = EDGE_CURVE('',#2152,#2133,#5103,.T.);
#5103 = CIRCLE('',#5104,1.375);
#5104 = AXIS2_PLACEMENT_3D('',#5105,#5106,#5107);
#5105 = CARTESIAN_POINT('',(16.8275,4.191,6.5913));
#5106 = DIRECTION('',(0.,1.,-0.));
#5107 = DIRECTION('',(0.,0.,1.));
#5108 = ORIENTED_EDGE('',*,*,#2151,.T.);
#5109 = CYLINDRICAL_SURFACE('',#5110,1.375);
#5110 = AXIS2_PLACEMENT_3D('',#5111,#5112,#5113);
#5111 = CARTESIAN_POINT('',(16.8275,4.191,6.5913));
#5112 = DIRECTION('',(-0.,-1.,-0.));
#5113 = DIRECTION('',(0.,0.,-1.));
#5114 = ADVANCED_FACE('',(#5115),#5127,.T.);
#5115 = FACE_BOUND('',#5116,.T.);
#5116 = EDGE_LOOP('',(#5117,#5118,#5125,#5126));
#5117 = ORIENTED_EDGE('',*,*,#2101,.F.);
#5118 = ORIENTED_EDGE('',*,*,#5119,.F.);
#5119 = EDGE_CURVE('',#2093,#2091,#5120,.T.);
#5120 = CIRCLE('',#5121,1.629);
#5121 = AXIS2_PLACEMENT_3D('',#5122,#5123,#5124);
#5122 = CARTESIAN_POINT('',(16.8275,4.191,6.5913));
#5123 = DIRECTION('',(0.,1.,-0.));
#5124 = DIRECTION('',(0.,0.,1.));
#5125 = ORIENTED_EDGE('',*,*,#2118,.T.);
#5126 = ORIENTED_EDGE('',*,*,#3038,.F.);
#5127 = CYLINDRICAL_SURFACE('',#5128,1.629);
#5128 = AXIS2_PLACEMENT_3D('',#5129,#5130,#5131);
#5129 = CARTESIAN_POINT('',(16.8275,4.191,6.5913));
#5130 = DIRECTION('',(-0.,-1.,-0.));
#5131 = DIRECTION('',(0.,0.,-1.));
#5132 = ADVANCED_FACE('',(#5133,#5137),#5141,.T.);
#5133 = FACE_BOUND('',#5134,.T.);
#5134 = EDGE_LOOP('',(#5135,#5136));
#5135 = ORIENTED_EDGE('',*,*,#2159,.F.);
#5136 = ORIENTED_EDGE('',*,*,#5102,.F.);
#5137 = FACE_BOUND('',#5138,.T.);
#5138 = EDGE_LOOP('',(#5139,#5140));
#5139 = ORIENTED_EDGE('',*,*,#5119,.T.);
#5140 = ORIENTED_EDGE('',*,*,#2090,.T.);
#5141 = PLANE('',#5142);
#5142 = AXIS2_PLACEMENT_3D('',#5143,#5144,#5145);
#5143 = CARTESIAN_POINT('',(0.,4.191,0.));
#5144 = DIRECTION('',(0.,1.,-0.));
#5145 = DIRECTION('',(0.,0.,1.));
#5146 = ADVANCED_FACE('',(#5147),#5158,.F.);
#5147 = FACE_BOUND('',#5148,.T.);
#5148 = EDGE_LOOP('',(#5149,#5150,#5151,#5157));
#5149 = ORIENTED_EDGE('',*,*,#2843,.F.);
#5150 = ORIENTED_EDGE('',*,*,#2983,.F.);
#5151 = ORIENTED_EDGE('',*,*,#5152,.F.);
#5152 = EDGE_CURVE('',#2914,#2976,#5153,.T.);
#5153 = LINE('',#5154,#5155);
#5154 = CARTESIAN_POINT('',(17.577499999999,4.191,-1.680667033802E-12));
#5155 = VECTOR('',#5156,1.);
#5156 = DIRECTION('',(-9.561467977825E-14,0.,-1.));
#5157 = ORIENTED_EDGE('',*,*,#2913,.T.);
#5158 = PLANE('',#5159);
#5159 = AXIS2_PLACEMENT_3D('',#5160,#5161,#5162);
#5160 = CARTESIAN_POINT('',(17.577499999999,4.191,-1.680667033802E-12));
#5161 = DIRECTION('',(-1.,0.,9.561467977825E-14));
#5162 = DIRECTION('',(9.561467977825E-14,0.,1.));
#5163 = ADVANCED_FACE('',(#5164),#5175,.T.);
#5164 = FACE_BOUND('',#5165,.T.);
#5165 = EDGE_LOOP('',(#5166,#5167,#5168,#5169));
#5166 = ORIENTED_EDGE('',*,*,#2952,.T.);
#5167 = ORIENTED_EDGE('',*,*,#2795,.T.);
#5168 = ORIENTED_EDGE('',*,*,#2889,.F.);
#5169 = ORIENTED_EDGE('',*,*,#5170,.T.);
#5170 = EDGE_CURVE('',#2882,#2936,#5171,.T.);
#5171 = LINE('',#5172,#5173);
#5172 = CARTESIAN_POINT('',(16.0775,4.191,0.));
#5173 = VECTOR('',#5174,1.);
#5174 = DIRECTION('',(0.,0.,-1.));
#5175 = PLANE('',#5176);
#5176 = AXIS2_PLACEMENT_3D('',#5177,#5178,#5179);
#5177 = CARTESIAN_POINT('',(16.0775,4.191,0.));
#5178 = DIRECTION('',(-1.,0.,0.));
#5179 = DIRECTION('',(0.,0.,1.));
#5180 = ADVANCED_FACE('',(#5181),#5233,.T.);
#5181 = FACE_BOUND('',#5182,.T.);
#5182 = EDGE_LOOP('',(#5183,#5184,#5192,#5200,#5206,#5207,#5208,#5209,
    #5217,#5225,#5231,#5232));
#5183 = ORIENTED_EDGE('',*,*,#2975,.F.);
#5184 = ORIENTED_EDGE('',*,*,#5185,.T.);
#5185 = EDGE_CURVE('',#2968,#5186,#5188,.T.);
#5186 = VERTEX_POINT('',#5187);
#5187 = CARTESIAN_POINT('',(16.9545,4.191,5.8413));
#5188 = LINE('',#5189,#5190);
#5189 = CARTESIAN_POINT('',(16.9545,4.191,5.8413));
#5190 = VECTOR('',#5191,1.);
#5191 = DIRECTION('',(0.,0.,-1.));
#5192 = ORIENTED_EDGE('',*,*,#5193,.T.);
#5193 = EDGE_CURVE('',#5186,#5194,#5196,.T.);
#5194 = VERTEX_POINT('',#5195);
#5195 = CARTESIAN_POINT('',(16.7005,4.191,5.8413));
#5196 = LINE('',#5197,#5198);
#5197 = CARTESIAN_POINT('',(16.7005,4.191,5.8413));
#5198 = VECTOR('',#5199,1.);
#5199 = DIRECTION('',(-1.,0.,0.));
#5200 = ORIENTED_EDGE('',*,*,#5201,.T.);
#5201 = EDGE_CURVE('',#5194,#2938,#5202,.T.);
#5202 = LINE('',#5203,#5204);
#5203 = CARTESIAN_POINT('',(16.7005,4.191,5.8413));
#5204 = VECTOR('',#5205,1.);
#5205 = DIRECTION('',(-0.,0.,1.));
#5206 = ORIENTED_EDGE('',*,*,#2935,.F.);
#5207 = ORIENTED_EDGE('',*,*,#5170,.F.);
#5208 = ORIENTED_EDGE('',*,*,#2881,.T.);
#5209 = ORIENTED_EDGE('',*,*,#5210,.T.);
#5210 = EDGE_CURVE('',#2874,#5211,#5213,.T.);
#5211 = VERTEX_POINT('',#5212);
#5212 = CARTESIAN_POINT('',(16.7005,4.191,7.3413));
#5213 = LINE('',#5214,#5215);
#5214 = CARTESIAN_POINT('',(16.7005,4.191,5.8413));
#5215 = VECTOR('',#5216,1.);
#5216 = DIRECTION('',(-0.,0.,1.));
#5217 = ORIENTED_EDGE('',*,*,#5218,.T.);
#5218 = EDGE_CURVE('',#5211,#5219,#5221,.T.);
#5219 = VERTEX_POINT('',#5220);
#5220 = CARTESIAN_POINT('',(16.9545,4.191,7.3413));
#5221 = LINE('',#5222,#5223);
#5222 = CARTESIAN_POINT('',(16.7005,4.191,7.3413));
#5223 = VECTOR('',#5224,1.);
#5224 = DIRECTION('',(1.,0.,0.));
#5225 = ORIENTED_EDGE('',*,*,#5226,.T.);
#5226 = EDGE_CURVE('',#5219,#2905,#5227,.T.);
#5227 = LINE('',#5228,#5229);
#5228 = CARTESIAN_POINT('',(16.9545,4.191,5.8413));
#5229 = VECTOR('',#5230,1.);
#5230 = DIRECTION('',(0.,0.,-1.));
#5231 = ORIENTED_EDGE('',*,*,#2921,.T.);
#5232 = ORIENTED_EDGE('',*,*,#5152,.T.);
#5233 = PLANE('',#5234);
#5234 = AXIS2_PLACEMENT_3D('',#5235,#5236,#5237);
#5235 = CARTESIAN_POINT('',(0.,4.191,0.));
#5236 = DIRECTION('',(0.,1.,-0.));
#5237 = DIRECTION('',(0.,0.,1.));
#5238 = ADVANCED_FACE('',(#5239),#5257,.F.);
#5239 = FACE_BOUND('',#5240,.F.);
#5240 = EDGE_LOOP('',(#5241,#5248,#5249,#5256));
#5241 = ORIENTED_EDGE('',*,*,#5242,.F.);
#5242 = EDGE_CURVE('',#2051,#2059,#5243,.T.);
#5243 = CIRCLE('',#5244,1.375);
#5244 = AXIS2_PLACEMENT_3D('',#5245,#5246,#5247);
#5245 = CARTESIAN_POINT('',(16.8275,3.937,-6.5913));
#5246 = DIRECTION('',(0.,-1.,0.));
#5247 = DIRECTION('',(0.,0.,1.));
#5248 = ORIENTED_EDGE('',*,*,#2048,.F.);
#5249 = ORIENTED_EDGE('',*,*,#5250,.F.);
#5250 = EDGE_CURVE('',#2068,#2049,#5251,.T.);
#5251 = CIRCLE('',#5252,1.375);
#5252 = AXIS2_PLACEMENT_3D('',#5253,#5254,#5255);
#5253 = CARTESIAN_POINT('',(16.8275,4.191,-6.5913));
#5254 = DIRECTION('',(0.,1.,-0.));
#5255 = DIRECTION('',(0.,0.,1.));
#5256 = ORIENTED_EDGE('',*,*,#2067,.T.);
#5257 = CYLINDRICAL_SURFACE('',#5258,1.375);
#5258 = AXIS2_PLACEMENT_3D('',#5259,#5260,#5261);
#5259 = CARTESIAN_POINT('',(16.8275,4.191,-6.5913));
#5260 = DIRECTION('',(-0.,-1.,-0.));
#5261 = DIRECTION('',(0.,0.,-1.));
#5262 = ADVANCED_FACE('',(#5263),#5275,.T.);
#5263 = FACE_BOUND('',#5264,.T.);
#5264 = EDGE_LOOP('',(#5265,#5266,#5273,#5274));
#5265 = ORIENTED_EDGE('',*,*,#2017,.F.);
#5266 = ORIENTED_EDGE('',*,*,#5267,.F.);
#5267 = EDGE_CURVE('',#2009,#2007,#5268,.T.);
#5268 = CIRCLE('',#5269,1.629);
#5269 = AXIS2_PLACEMENT_3D('',#5270,#5271,#5272);
#5270 = CARTESIAN_POINT('',(16.8275,4.191,-6.5913));
#5271 = DIRECTION('',(0.,1.,-0.));
#5272 = DIRECTION('',(0.,0.,1.));
#5273 = ORIENTED_EDGE('',*,*,#2034,.T.);
#5274 = ORIENTED_EDGE('',*,*,#3028,.F.);
#5275 = CYLINDRICAL_SURFACE('',#5276,1.629);
#5276 = AXIS2_PLACEMENT_3D('',#5277,#5278,#5279);
#5277 = CARTESIAN_POINT('',(16.8275,4.191,-6.5913));
#5278 = DIRECTION('',(-0.,-1.,-0.));
#5279 = DIRECTION('',(0.,0.,-1.));
#5280 = ADVANCED_FACE('',(#5281,#5285),#5289,.T.);
#5281 = FACE_BOUND('',#5282,.T.);
#5282 = EDGE_LOOP('',(#5283,#5284));
#5283 = ORIENTED_EDGE('',*,*,#2075,.F.);
#5284 = ORIENTED_EDGE('',*,*,#5250,.F.);
#5285 = FACE_BOUND('',#5286,.T.);
#5286 = EDGE_LOOP('',(#5287,#5288));
#5287 = ORIENTED_EDGE('',*,*,#5267,.T.);
#5288 = ORIENTED_EDGE('',*,*,#2006,.T.);
#5289 = PLANE('',#5290);
#5290 = AXIS2_PLACEMENT_3D('',#5291,#5292,#5293);
#5291 = CARTESIAN_POINT('',(0.,4.191,0.));
#5292 = DIRECTION('',(0.,1.,-0.));
#5293 = DIRECTION('',(0.,0.,1.));
#5294 = ADVANCED_FACE('',(#5295),#5329,.T.);
#5295 = FACE_BOUND('',#5296,.T.);
#5296 = EDGE_LOOP('',(#5297,#5307,#5315,#5323));
#5297 = ORIENTED_EDGE('',*,*,#5298,.T.);
#5298 = EDGE_CURVE('',#5299,#5301,#5303,.T.);
#5299 = VERTEX_POINT('',#5300);
#5300 = CARTESIAN_POINT('',(16.9545,4.191,-5.8413));
#5301 = VERTEX_POINT('',#5302);
#5302 = CARTESIAN_POINT('',(16.9545,4.191,-7.3413));
#5303 = LINE('',#5304,#5305);
#5304 = CARTESIAN_POINT('',(16.9545,4.191,0.));
#5305 = VECTOR('',#5306,1.);
#5306 = DIRECTION('',(0.,0.,-1.));
#5307 = ORIENTED_EDGE('',*,*,#5308,.T.);
#5308 = EDGE_CURVE('',#5301,#5309,#5311,.T.);
#5309 = VERTEX_POINT('',#5310);
#5310 = CARTESIAN_POINT('',(16.7005,4.191,-7.3413));
#5311 = LINE('',#5312,#5313);
#5312 = CARTESIAN_POINT('',(-5.013828918972E-14,4.191,-7.3413));
#5313 = VECTOR('',#5314,1.);
#5314 = DIRECTION('',(-1.,0.,6.829619984161E-15));
#5315 = ORIENTED_EDGE('',*,*,#5316,.T.);
#5316 = EDGE_CURVE('',#5309,#5317,#5319,.T.);
#5317 = VERTEX_POINT('',#5318);
#5318 = CARTESIAN_POINT('',(16.7005,4.191,-5.8413));
#5319 = LINE('',#5320,#5321);
#5320 = CARTESIAN_POINT('',(16.7005,4.191,-9.30040109488E-14));
#5321 = VECTOR('',#5322,1.);
#5322 = DIRECTION('',(5.568935717422E-15,0.,1.));
#5323 = ORIENTED_EDGE('',*,*,#5324,.T.);
#5324 = EDGE_CURVE('',#5317,#5299,#5325,.T.);
#5325 = LINE('',#5326,#5327);
#5326 = CARTESIAN_POINT('',(0.,4.191,-5.8413));
#5327 = VECTOR('',#5328,1.);
#5328 = DIRECTION('',(1.,-0.,0.));
#5329 = PLANE('',#5330);
#5330 = AXIS2_PLACEMENT_3D('',#5331,#5332,#5333);
#5331 = CARTESIAN_POINT('',(0.,4.191,0.));
#5332 = DIRECTION('',(0.,1.,-0.));
#5333 = DIRECTION('',(0.,0.,1.));
#5334 = ADVANCED_FACE('',(#5335),#5360,.F.);
#5335 = FACE_BOUND('',#5336,.T.);
#5336 = EDGE_LOOP('',(#5337,#5347,#5353,#5354));
#5337 = ORIENTED_EDGE('',*,*,#5338,.F.);
#5338 = EDGE_CURVE('',#5339,#5341,#5343,.T.);
#5339 = VERTEX_POINT('',#5340);
#5340 = CARTESIAN_POINT('',(16.9545,3.937,-5.8413));
#5341 = VERTEX_POINT('',#5342);
#5342 = CARTESIAN_POINT('',(16.7005,3.937,-5.8413));
#5343 = LINE('',#5344,#5345);
#5344 = CARTESIAN_POINT('',(0.,3.937,-5.8413));
#5345 = VECTOR('',#5346,1.);
#5346 = DIRECTION('',(-1.,0.,0.));
#5347 = ORIENTED_EDGE('',*,*,#5348,.F.);
#5348 = EDGE_CURVE('',#5299,#5339,#5349,.T.);
#5349 = LINE('',#5350,#5351);
#5350 = CARTESIAN_POINT('',(16.9545,4.191,-5.8413));
#5351 = VECTOR('',#5352,1.);
#5352 = DIRECTION('',(-0.,-1.,-0.));
#5353 = ORIENTED_EDGE('',*,*,#5324,.F.);
#5354 = ORIENTED_EDGE('',*,*,#5355,.T.);
#5355 = EDGE_CURVE('',#5317,#5341,#5356,.T.);
#5356 = LINE('',#5357,#5358);
#5357 = CARTESIAN_POINT('',(16.7005,4.191,-5.8413));
#5358 = VECTOR('',#5359,1.);
#5359 = DIRECTION('',(-0.,-1.,-0.));
#5360 = PLANE('',#5361);
#5361 = AXIS2_PLACEMENT_3D('',#5362,#5363,#5364);
#5362 = CARTESIAN_POINT('',(0.,4.191,-5.8413));
#5363 = DIRECTION('',(0.,0.,-1.));
#5364 = DIRECTION('',(-1.,0.,-0.));
#5365 = ADVANCED_FACE('',(#5366),#5384,.F.);
#5366 = FACE_BOUND('',#5367,.T.);
#5367 = EDGE_LOOP('',(#5368,#5376,#5382,#5383));
#5368 = ORIENTED_EDGE('',*,*,#5369,.F.);
#5369 = EDGE_CURVE('',#5370,#5339,#5372,.T.);
#5370 = VERTEX_POINT('',#5371);
#5371 = CARTESIAN_POINT('',(16.9545,3.937,-7.3413));
#5372 = LINE('',#5373,#5374);
#5373 = CARTESIAN_POINT('',(16.9545,3.937,0.));
#5374 = VECTOR('',#5375,1.);
#5375 = DIRECTION('',(0.,0.,1.));
#5376 = ORIENTED_EDGE('',*,*,#5377,.F.);
#5377 = EDGE_CURVE('',#5301,#5370,#5378,.T.);
#5378 = LINE('',#5379,#5380);
#5379 = CARTESIAN_POINT('',(16.9545,4.191,-7.3413));
#5380 = VECTOR('',#5381,1.);
#5381 = DIRECTION('',(-0.,-1.,-0.));
#5382 = ORIENTED_EDGE('',*,*,#5298,.F.);
#5383 = ORIENTED_EDGE('',*,*,#5348,.T.);
#5384 = PLANE('',#5385);
#5385 = AXIS2_PLACEMENT_3D('',#5386,#5387,#5388);
#5386 = CARTESIAN_POINT('',(16.9545,4.191,0.));
#5387 = DIRECTION('',(-1.,0.,0.));
#5388 = DIRECTION('',(0.,0.,1.));
#5389 = ADVANCED_FACE('',(#5390),#5408,.F.);
#5390 = FACE_BOUND('',#5391,.T.);
#5391 = EDGE_LOOP('',(#5392,#5400,#5406,#5407));
#5392 = ORIENTED_EDGE('',*,*,#5393,.F.);
#5393 = EDGE_CURVE('',#5394,#5370,#5396,.T.);
#5394 = VERTEX_POINT('',#5395);
#5395 = CARTESIAN_POINT('',(16.7005,3.937,-7.3413));
#5396 = LINE('',#5397,#5398);
#5397 = CARTESIAN_POINT('',(-5.013828918972E-14,3.937,-7.3413));
#5398 = VECTOR('',#5399,1.);
#5399 = DIRECTION('',(1.,0.,-6.829619984161E-15));
#5400 = ORIENTED_EDGE('',*,*,#5401,.F.);
#5401 = EDGE_CURVE('',#5309,#5394,#5402,.T.);
#5402 = LINE('',#5403,#5404);
#5403 = CARTESIAN_POINT('',(16.7005,4.191,-7.3413));
#5404 = VECTOR('',#5405,1.);
#5405 = DIRECTION('',(-0.,-1.,-0.));
#5406 = ORIENTED_EDGE('',*,*,#5308,.F.);
#5407 = ORIENTED_EDGE('',*,*,#5377,.T.);
#5408 = PLANE('',#5409);
#5409 = AXIS2_PLACEMENT_3D('',#5410,#5411,#5412);
#5410 = CARTESIAN_POINT('',(-5.013828918972E-14,4.191,-7.3413));
#5411 = DIRECTION('',(6.829619984161E-15,-0.,1.));
#5412 = DIRECTION('',(1.,0.,-6.829619984161E-15));
#5413 = ADVANCED_FACE('',(#5414),#5425,.F.);
#5414 = FACE_BOUND('',#5415,.T.);
#5415 = EDGE_LOOP('',(#5416,#5422,#5423,#5424));
#5416 = ORIENTED_EDGE('',*,*,#5417,.F.);
#5417 = EDGE_CURVE('',#5341,#5394,#5418,.T.);
#5418 = LINE('',#5419,#5420);
#5419 = CARTESIAN_POINT('',(16.7005,3.937,-9.30040109488E-14));
#5420 = VECTOR('',#5421,1.);
#5421 = DIRECTION('',(-5.568935717422E-15,0.,-1.));
#5422 = ORIENTED_EDGE('',*,*,#5355,.F.);
#5423 = ORIENTED_EDGE('',*,*,#5316,.F.);
#5424 = ORIENTED_EDGE('',*,*,#5401,.T.);
#5425 = PLANE('',#5426);
#5426 = AXIS2_PLACEMENT_3D('',#5427,#5428,#5429);
#5427 = CARTESIAN_POINT('',(16.7005,4.191,-9.30040109488E-14));
#5428 = DIRECTION('',(1.,0.,-5.568935717422E-15));
#5429 = DIRECTION('',(-5.568935717422E-15,0.,-1.));
#5430 = ADVANCED_FACE('',(#5431,#5437),#5441,.T.);
#5431 = FACE_BOUND('',#5432,.T.);
#5432 = EDGE_LOOP('',(#5433,#5434,#5435,#5436));
#5433 = ORIENTED_EDGE('',*,*,#5338,.T.);
#5434 = ORIENTED_EDGE('',*,*,#5417,.T.);
#5435 = ORIENTED_EDGE('',*,*,#5393,.T.);
#5436 = ORIENTED_EDGE('',*,*,#5369,.T.);
#5437 = FACE_BOUND('',#5438,.T.);
#5438 = EDGE_LOOP('',(#5439,#5440));
#5439 = ORIENTED_EDGE('',*,*,#5242,.F.);
#5440 = ORIENTED_EDGE('',*,*,#2058,.F.);
#5441 = PLANE('',#5442);
#5442 = AXIS2_PLACEMENT_3D('',#5443,#5444,#5445);
#5443 = CARTESIAN_POINT('',(0.,3.937,0.));
#5444 = DIRECTION('',(0.,1.,-0.));
#5445 = DIRECTION('',(0.,0.,1.));
#5446 = ADVANCED_FACE('',(#5447),#5453,.T.);
#5447 = FACE_BOUND('',#5448,.T.);
#5448 = EDGE_LOOP('',(#5449,#5450,#5451,#5452));
#5449 = ORIENTED_EDGE('',*,*,#1975,.F.);
#5450 = ORIENTED_EDGE('',*,*,#3347,.F.);
#5451 = ORIENTED_EDGE('',*,*,#1992,.T.);
#5452 = ORIENTED_EDGE('',*,*,#3521,.T.);
#5453 = CYLINDRICAL_SURFACE('',#5454,2.286);
#5454 = AXIS2_PLACEMENT_3D('',#5455,#5456,#5457);
#5455 = CARTESIAN_POINT('',(-0.2667,1.397,11.2141));
#5456 = DIRECTION('',(0.,-1.,0.));
#5457 = DIRECTION('',(0.,0.,-1.));
#5458 = ADVANCED_FACE('',(#5459),#5465,.T.);
#5459 = FACE_BOUND('',#5460,.T.);
#5460 = EDGE_LOOP('',(#5461,#5462,#5463,#5464));
#5461 = ORIENTED_EDGE('',*,*,#1933,.F.);
#5462 = ORIENTED_EDGE('',*,*,#3357,.F.);
#5463 = ORIENTED_EDGE('',*,*,#1950,.T.);
#5464 = ORIENTED_EDGE('',*,*,#3541,.T.);
#5465 = CYLINDRICAL_SURFACE('',#5466,2.286);
#5466 = AXIS2_PLACEMENT_3D('',#5467,#5468,#5469);
#5467 = CARTESIAN_POINT('',(13.2207,1.397,-11.1379));
#5468 = DIRECTION('',(0.,-1.,0.));
#5469 = DIRECTION('',(0.,0.,-1.));
#5470 = ADVANCED_FACE('',(#5471),#5477,.T.);
#5471 = FACE_BOUND('',#5472,.T.);
#5472 = EDGE_LOOP('',(#5473,#5474,#5475,#5476));
#5473 = ORIENTED_EDGE('',*,*,#1891,.F.);
#5474 = ORIENTED_EDGE('',*,*,#3367,.F.);
#5475 = ORIENTED_EDGE('',*,*,#1908,.T.);
#5476 = ORIENTED_EDGE('',*,*,#3973,.T.);
#5477 = CYLINDRICAL_SURFACE('',#5478,2.286);
#5478 = AXIS2_PLACEMENT_3D('',#5479,#5480,#5481);
#5479 = CARTESIAN_POINT('',(-13.7541,1.397,-11.1379));
#5480 = DIRECTION('',(0.,-1.,0.));
#5481 = DIRECTION('',(0.,0.,-1.));
#5482 = ADVANCED_FACE('',(#5483),#5495,.F.);
#5483 = FACE_BOUND('',#5484,.F.);
#5484 = EDGE_LOOP('',(#5485,#5486,#5487,#5494));
#5485 = ORIENTED_EDGE('',*,*,#3017,.F.);
#5486 = ORIENTED_EDGE('',*,*,#1838,.F.);
#5487 = ORIENTED_EDGE('',*,*,#5488,.T.);
#5488 = EDGE_CURVE('',#1839,#1858,#5489,.T.);
#5489 = CIRCLE('',#5490,2.286);
#5490 = AXIS2_PLACEMENT_3D('',#5491,#5492,#5493);
#5491 = CARTESIAN_POINT('',(13.2207,2.921,-11.1379));
#5492 = DIRECTION('',(0.,1.,-0.));
#5493 = DIRECTION('',(0.,0.,1.));
#5494 = ORIENTED_EDGE('',*,*,#1857,.T.);
#5495 = CYLINDRICAL_SURFACE('',#5496,2.286);
#5496 = AXIS2_PLACEMENT_3D('',#5497,#5498,#5499);
#5497 = CARTESIAN_POINT('',(13.2207,2.921,-11.1379));
#5498 = DIRECTION('',(-0.,1.,-0.));
#5499 = DIRECTION('',(0.,0.,1.));
#5500 = ADVANCED_FACE('',(#5501,#5505),#5509,.T.);
#5501 = FACE_BOUND('',#5502,.T.);
#5502 = EDGE_LOOP('',(#5503,#5504));
#5503 = ORIENTED_EDGE('',*,*,#2201,.F.);
#5504 = ORIENTED_EDGE('',*,*,#3505,.F.);
#5505 = FACE_BOUND('',#5506,.T.);
#5506 = EDGE_LOOP('',(#5507,#5508));
#5507 = ORIENTED_EDGE('',*,*,#5488,.T.);
#5508 = ORIENTED_EDGE('',*,*,#1865,.T.);
#5509 = PLANE('',#5510);
#5510 = AXIS2_PLACEMENT_3D('',#5511,#5512,#5513);
#5511 = CARTESIAN_POINT('',(0.,2.921,0.));
#5512 = DIRECTION('',(0.,1.,-0.));
#5513 = DIRECTION('',(0.,0.,1.));
#5514 = ADVANCED_FACE('',(#5515),#5527,.F.);
#5515 = FACE_BOUND('',#5516,.F.);
#5516 = EDGE_LOOP('',(#5517,#5518,#5519,#5526));
#5517 = ORIENTED_EDGE('',*,*,#3007,.F.);
#5518 = ORIENTED_EDGE('',*,*,#1796,.F.);
#5519 = ORIENTED_EDGE('',*,*,#5520,.T.);
#5520 = EDGE_CURVE('',#1797,#1816,#5521,.T.);
#5521 = CIRCLE('',#5522,2.286);
#5522 = AXIS2_PLACEMENT_3D('',#5523,#5524,#5525);
#5523 = CARTESIAN_POINT('',(-13.7541,2.921,-11.1379));
#5524 = DIRECTION('',(0.,1.,-0.));
#5525 = DIRECTION('',(0.,0.,1.));
#5526 = ORIENTED_EDGE('',*,*,#1815,.T.);
#5527 = CYLINDRICAL_SURFACE('',#5528,2.286);
#5528 = AXIS2_PLACEMENT_3D('',#5529,#5530,#5531);
#5529 = CARTESIAN_POINT('',(-13.7541,2.921,-11.1379));
#5530 = DIRECTION('',(-0.,1.,-0.));
#5531 = DIRECTION('',(0.,0.,1.));
#5532 = ADVANCED_FACE('',(#5533,#5537),#5541,.T.);
#5533 = FACE_BOUND('',#5534,.T.);
#5534 = EDGE_LOOP('',(#5535,#5536));
#5535 = ORIENTED_EDGE('',*,*,#2243,.F.);
#5536 = ORIENTED_EDGE('',*,*,#3481,.F.);
#5537 = FACE_BOUND('',#5538,.T.);
#5538 = EDGE_LOOP('',(#5539,#5540));
#5539 = ORIENTED_EDGE('',*,*,#5520,.T.);
#5540 = ORIENTED_EDGE('',*,*,#1823,.T.);
#5541 = PLANE('',#5542);
#5542 = AXIS2_PLACEMENT_3D('',#5543,#5544,#5545);
#5543 = CARTESIAN_POINT('',(0.,2.921,0.));
#5544 = DIRECTION('',(0.,1.,-0.));
#5545 = DIRECTION('',(0.,0.,1.));
#5546 = ADVANCED_FACE('',(#5547),#5559,.F.);
#5547 = FACE_BOUND('',#5548,.F.);
#5548 = EDGE_LOOP('',(#5549,#5550,#5551,#5558));
#5549 = ORIENTED_EDGE('',*,*,#2997,.F.);
#5550 = ORIENTED_EDGE('',*,*,#1754,.F.);
#5551 = ORIENTED_EDGE('',*,*,#5552,.T.);
#5552 = EDGE_CURVE('',#1755,#1774,#5553,.T.);
#5553 = CIRCLE('',#5554,2.286);
#5554 = AXIS2_PLACEMENT_3D('',#5555,#5556,#5557);
#5555 = CARTESIAN_POINT('',(-0.2667,2.921,11.2141));
#5556 = DIRECTION('',(0.,1.,-0.));
#5557 = DIRECTION('',(0.,0.,1.));
#5558 = ORIENTED_EDGE('',*,*,#1773,.T.);
#5559 = CYLINDRICAL_SURFACE('',#5560,2.286);
#5560 = AXIS2_PLACEMENT_3D('',#5561,#5562,#5563);
#5561 = CARTESIAN_POINT('',(-0.2667,2.921,11.2141));
#5562 = DIRECTION('',(-0.,1.,-0.));
#5563 = DIRECTION('',(0.,0.,1.));
#5564 = ADVANCED_FACE('',(#5565,#5569),#5573,.T.);
#5565 = FACE_BOUND('',#5566,.T.);
#5566 = EDGE_LOOP('',(#5567,#5568));
#5567 = ORIENTED_EDGE('',*,*,#2285,.F.);
#5568 = ORIENTED_EDGE('',*,*,#3457,.F.);
#5569 = FACE_BOUND('',#5570,.T.);
#5570 = EDGE_LOOP('',(#5571,#5572));
#5571 = ORIENTED_EDGE('',*,*,#5552,.T.);
#5572 = ORIENTED_EDGE('',*,*,#1781,.T.);
#5573 = PLANE('',#5574);
#5574 = AXIS2_PLACEMENT_3D('',#5575,#5576,#5577);
#5575 = CARTESIAN_POINT('',(0.,2.921,0.));
#5576 = DIRECTION('',(0.,1.,-0.));
#5577 = DIRECTION('',(0.,0.,1.));
#5578 = ADVANCED_FACE('',(#5579),#5585,.F.);
#5579 = FACE_BOUND('',#5580,.T.);
#5580 = EDGE_LOOP('',(#5581,#5582,#5583,#5584));
#5581 = ORIENTED_EDGE('',*,*,#3403,.T.);
#5582 = ORIENTED_EDGE('',*,*,#3850,.F.);
#5583 = ORIENTED_EDGE('',*,*,#2462,.F.);
#5584 = ORIENTED_EDGE('',*,*,#3586,.T.);
#5585 = PLANE('',#5586);
#5586 = AXIS2_PLACEMENT_3D('',#5587,#5588,#5589);
#5587 = CARTESIAN_POINT('',(17.3101,0.,3.829033356691E-15));
#5588 = DIRECTION('',(1.,0.,2.212022666935E-16));
#5589 = DIRECTION('',(2.212022666935E-16,0.,-1.));
#5590 = ADVANCED_FACE('',(#5591),#5609,.T.);
#5591 = FACE_BOUND('',#5592,.T.);
#5592 = EDGE_LOOP('',(#5593,#5594,#5602,#5608));
#5593 = ORIENTED_EDGE('',*,*,#3427,.F.);
#5594 = ORIENTED_EDGE('',*,*,#5595,.F.);
#5595 = EDGE_CURVE('',#5596,#3420,#5598,.T.);
#5596 = VERTEX_POINT('',#5597);
#5597 = CARTESIAN_POINT('',(-21.3741,0.,9.3345));
#5598 = LINE('',#5599,#5600);
#5599 = CARTESIAN_POINT('',(-21.3741,0.,9.3345));
#5600 = VECTOR('',#5601,1.);
#5601 = DIRECTION('',(-0.,1.,-0.));
#5602 = ORIENTED_EDGE('',*,*,#5603,.T.);
#5603 = EDGE_CURVE('',#5596,#3866,#5604,.T.);
#5604 = LINE('',#5605,#5606);
#5605 = CARTESIAN_POINT('',(-2.656295322589E-15,0.,9.3345));
#5606 = VECTOR('',#5607,1.);
#5607 = DIRECTION('',(-1.,0.,-2.8456749934E-16));
#5608 = ORIENTED_EDGE('',*,*,#3865,.T.);
#5609 = PLANE('',#5610);
#5610 = AXIS2_PLACEMENT_3D('',#5611,#5612,#5613);
#5611 = CARTESIAN_POINT('',(-2.656295322589E-15,0.,9.3345));
#5612 = DIRECTION('',(2.8456749934E-16,0.,-1.));
#5613 = DIRECTION('',(-1.,0.,-2.8456749934E-16));
#5614 = ADVANCED_FACE('',(#5615),#5626,.T.);
#5615 = FACE_BOUND('',#5616,.T.);
#5616 = EDGE_LOOP('',(#5617,#5618,#5619,#5625));
#5617 = ORIENTED_EDGE('',*,*,#3419,.F.);
#5618 = ORIENTED_EDGE('',*,*,#3579,.F.);
#5619 = ORIENTED_EDGE('',*,*,#5620,.T.);
#5620 = EDGE_CURVE('',#3572,#5596,#5621,.T.);
#5621 = LINE('',#5622,#5623);
#5622 = CARTESIAN_POINT('',(-21.3741,0.,-2.363999684266E-15));
#5623 = VECTOR('',#5624,1.);
#5624 = DIRECTION('',(1.106011333467E-16,0.,-1.));
#5625 = ORIENTED_EDGE('',*,*,#5595,.T.);
#5626 = PLANE('',#5627);
#5627 = AXIS2_PLACEMENT_3D('',#5628,#5629,#5630);
#5628 = CARTESIAN_POINT('',(-21.3741,0.,-2.363999684266E-15));
#5629 = DIRECTION('',(1.,0.,1.106011333467E-16));
#5630 = DIRECTION('',(1.106011333467E-16,0.,-1.));
#5631 = ADVANCED_FACE('',(#5632),#5638,.T.);
#5632 = FACE_BOUND('',#5633,.T.);
#5633 = EDGE_LOOP('',(#5634,#5635,#5636,#5637));
#5634 = ORIENTED_EDGE('',*,*,#5603,.F.);
#5635 = ORIENTED_EDGE('',*,*,#5620,.F.);
#5636 = ORIENTED_EDGE('',*,*,#3571,.T.);
#5637 = ORIENTED_EDGE('',*,*,#3873,.T.);
#5638 = PLANE('',#5639);
#5639 = AXIS2_PLACEMENT_3D('',#5640,#5641,#5642);
#5640 = CARTESIAN_POINT('',(0.,0.,0.));
#5641 = DIRECTION('',(0.,-1.,0.));
#5642 = DIRECTION('',(0.,-0.,-1.));
#5643 = ADVANCED_FACE('',(#5644),#5662,.T.);
#5644 = FACE_BOUND('',#5645,.T.);
#5645 = EDGE_LOOP('',(#5646,#5647,#5655,#5661));
#5646 = ORIENTED_EDGE('',*,*,#3387,.F.);
#5647 = ORIENTED_EDGE('',*,*,#5648,.F.);
#5648 = EDGE_CURVE('',#5649,#3378,#5651,.T.);
#5649 = VERTEX_POINT('',#5650);
#5650 = CARTESIAN_POINT('',(-21.3741,0.,-9.3345));
#5651 = LINE('',#5652,#5653);
#5652 = CARTESIAN_POINT('',(-21.3741,0.,-9.3345));
#5653 = VECTOR('',#5654,1.);
#5654 = DIRECTION('',(-0.,1.,-0.));
#5655 = ORIENTED_EDGE('',*,*,#5656,.T.);
#5656 = EDGE_CURVE('',#5649,#3778,#5657,.T.);
#5657 = LINE('',#5658,#5659);
#5658 = CARTESIAN_POINT('',(-21.3741,0.,-2.363999684266E-15));
#5659 = VECTOR('',#5660,1.);
#5660 = DIRECTION('',(1.106011333467E-16,0.,-1.));
#5661 = ORIENTED_EDGE('',*,*,#3777,.T.);
#5662 = PLANE('',#5663);
#5663 = AXIS2_PLACEMENT_3D('',#5664,#5665,#5666);
#5664 = CARTESIAN_POINT('',(-21.3741,0.,-2.363999684266E-15));
#5665 = DIRECTION('',(1.,0.,1.106011333467E-16));
#5666 = DIRECTION('',(1.106011333467E-16,0.,-1.));
#5667 = ADVANCED_FACE('',(#5668),#5679,.F.);
#5668 = FACE_BOUND('',#5669,.T.);
#5669 = EDGE_LOOP('',(#5670,#5671,#5672,#5678));
#5670 = ORIENTED_EDGE('',*,*,#3377,.T.);
#5671 = ORIENTED_EDGE('',*,*,#3959,.F.);
#5672 = ORIENTED_EDGE('',*,*,#5673,.F.);
#5673 = EDGE_CURVE('',#5649,#3952,#5674,.T.);
#5674 = LINE('',#5675,#5676);
#5675 = CARTESIAN_POINT('',(2.656295322589E-15,0.,-9.3345));
#5676 = VECTOR('',#5677,1.);
#5677 = DIRECTION('',(-1.,0.,-2.8456749934E-16));
#5678 = ORIENTED_EDGE('',*,*,#5648,.T.);
#5679 = PLANE('',#5680);
#5680 = AXIS2_PLACEMENT_3D('',#5681,#5682,#5683);
#5681 = CARTESIAN_POINT('',(2.656295322589E-15,0.,-9.3345));
#5682 = DIRECTION('',(2.8456749934E-16,0.,-1.));
#5683 = DIRECTION('',(-1.,0.,-2.8456749934E-16));
#5684 = ADVANCED_FACE('',(#5685),#5691,.T.);
#5685 = FACE_BOUND('',#5686,.T.);
#5686 = EDGE_LOOP('',(#5687,#5688,#5689,#5690));
#5687 = ORIENTED_EDGE('',*,*,#5656,.F.);
#5688 = ORIENTED_EDGE('',*,*,#5673,.T.);
#5689 = ORIENTED_EDGE('',*,*,#3951,.T.);
#5690 = ORIENTED_EDGE('',*,*,#3785,.T.);
#5691 = PLANE('',#5692);
#5692 = AXIS2_PLACEMENT_3D('',#5693,#5694,#5695);
#5693 = CARTESIAN_POINT('',(0.,0.,0.));
#5694 = DIRECTION('',(0.,-1.,0.));
#5695 = DIRECTION('',(0.,-0.,-1.));
#5696 = ADVANCED_FACE('',(#5697),#5722,.F.);
#5697 = FACE_BOUND('',#5698,.T.);
#5698 = EDGE_LOOP('',(#5699,#5700,#5708,#5716));
#5699 = ORIENTED_EDGE('',*,*,#2684,.T.);
#5700 = ORIENTED_EDGE('',*,*,#5701,.T.);
#5701 = EDGE_CURVE('',#2677,#5702,#5704,.T.);
#5702 = VERTEX_POINT('',#5703);
#5703 = CARTESIAN_POINT('',(24.2189,10.287,-4.5974));
#5704 = LINE('',#5705,#5706);
#5705 = CARTESIAN_POINT('',(1.652552363957E-14,10.287,-4.5974));
#5706 = VECTOR('',#5707,1.);
#5707 = DIRECTION('',(-1.,0.,-3.594536833769E-15));
#5708 = ORIENTED_EDGE('',*,*,#5709,.F.);
#5709 = EDGE_CURVE('',#5710,#5702,#5712,.T.);
#5710 = VERTEX_POINT('',#5711);
#5711 = CARTESIAN_POINT('',(24.2189,17.907,-4.5974));
#5712 = LINE('',#5713,#5714);
#5713 = CARTESIAN_POINT('',(24.2189,17.907,-4.5974));
#5714 = VECTOR('',#5715,1.);
#5715 = DIRECTION('',(-0.,-1.,-0.));
#5716 = ORIENTED_EDGE('',*,*,#5717,.F.);
#5717 = EDGE_CURVE('',#2685,#5710,#5718,.T.);
#5718 = LINE('',#5719,#5720);
#5719 = CARTESIAN_POINT('',(1.652552363957E-14,17.907,-4.5974));
#5720 = VECTOR('',#5721,1.);
#5721 = DIRECTION('',(-1.,0.,-3.594536833769E-15));
#5722 = PLANE('',#5723);
#5723 = AXIS2_PLACEMENT_3D('',#5724,#5725,#5726);
#5724 = CARTESIAN_POINT('',(1.652552363957E-14,17.907,-4.5974));
#5725 = DIRECTION('',(-3.594536833769E-15,0.,1.));
#5726 = DIRECTION('',(1.,0.,3.594536833769E-15));
#5727 = ADVANCED_FACE('',(#5728),#5762,.F.);
#5728 = FACE_BOUND('',#5729,.T.);
#5729 = EDGE_LOOP('',(#5730,#5731,#5732,#5738,#5739,#5747,#5755,#5761));
#5730 = ORIENTED_EDGE('',*,*,#3157,.T.);
#5731 = ORIENTED_EDGE('',*,*,#4685,.F.);
#5732 = ORIENTED_EDGE('',*,*,#5733,.F.);
#5733 = EDGE_CURVE('',#5710,#4678,#5734,.T.);
#5734 = LINE('',#5735,#5736);
#5735 = CARTESIAN_POINT('',(24.2189,17.907,0.));
#5736 = VECTOR('',#5737,1.);
#5737 = DIRECTION('',(0.,0.,1.));
#5738 = ORIENTED_EDGE('',*,*,#5709,.T.);
#5739 = ORIENTED_EDGE('',*,*,#5740,.F.);
#5740 = EDGE_CURVE('',#5741,#5702,#5743,.T.);
#5741 = VERTEX_POINT('',#5742);
#5742 = CARTESIAN_POINT('',(24.2189,10.287,-8.4074));
#5743 = LINE('',#5744,#5745);
#5744 = CARTESIAN_POINT('',(24.2189,10.287,0.));
#5745 = VECTOR('',#5746,1.);
#5746 = DIRECTION('',(0.,0.,1.));
#5747 = ORIENTED_EDGE('',*,*,#5748,.F.);
#5748 = EDGE_CURVE('',#5749,#5741,#5751,.T.);
#5749 = VERTEX_POINT('',#5750);
#5750 = CARTESIAN_POINT('',(24.2189,17.907,-8.4074));
#5751 = LINE('',#5752,#5753);
#5752 = CARTESIAN_POINT('',(24.2189,17.907,-8.4074));
#5753 = VECTOR('',#5754,1.);
#5754 = DIRECTION('',(-0.,-1.,-0.));
#5755 = ORIENTED_EDGE('',*,*,#5756,.F.);
#5756 = EDGE_CURVE('',#4643,#5749,#5757,.T.);
#5757 = LINE('',#5758,#5759);
#5758 = CARTESIAN_POINT('',(24.2189,17.907,0.));
#5759 = VECTOR('',#5760,1.);
#5760 = DIRECTION('',(0.,0.,1.));
#5761 = ORIENTED_EDGE('',*,*,#4661,.T.);
#5762 = PLANE('',#5763);
#5763 = AXIS2_PLACEMENT_3D('',#5764,#5765,#5766);
#5764 = CARTESIAN_POINT('',(24.2189,17.907,0.));
#5765 = DIRECTION('',(1.,0.,0.));
#5766 = DIRECTION('',(0.,0.,-1.));
#5767 = ADVANCED_FACE('',(#5768),#5774,.T.);
#5768 = FACE_BOUND('',#5769,.T.);
#5769 = EDGE_LOOP('',(#5770,#5771,#5772,#5773));
#5770 = ORIENTED_EDGE('',*,*,#2692,.F.);
#5771 = ORIENTED_EDGE('',*,*,#5717,.T.);
#5772 = ORIENTED_EDGE('',*,*,#5733,.T.);
#5773 = ORIENTED_EDGE('',*,*,#4677,.F.);
#5774 = PLANE('',#5775);
#5775 = AXIS2_PLACEMENT_3D('',#5776,#5777,#5778);
#5776 = CARTESIAN_POINT('',(0.,17.907,0.));
#5777 = DIRECTION('',(0.,1.,-0.));
#5778 = DIRECTION('',(0.,0.,1.));
#5779 = ADVANCED_FACE('',(#5780),#5796,.T.);
#5780 = FACE_BOUND('',#5781,.T.);
#5781 = EDGE_LOOP('',(#5782,#5788,#5789,#5795));
#5782 = ORIENTED_EDGE('',*,*,#5783,.F.);
#5783 = EDGE_CURVE('',#2669,#5741,#5784,.T.);
#5784 = LINE('',#5785,#5786);
#5785 = CARTESIAN_POINT('',(3.022070897623E-14,10.287,-8.4074));
#5786 = VECTOR('',#5787,1.);
#5787 = DIRECTION('',(-1.,0.,-3.594536833769E-15));
#5788 = ORIENTED_EDGE('',*,*,#2668,.F.);
#5789 = ORIENTED_EDGE('',*,*,#5790,.T.);
#5790 = EDGE_CURVE('',#2661,#5749,#5791,.T.);
#5791 = LINE('',#5792,#5793);
#5792 = CARTESIAN_POINT('',(3.022070897623E-14,17.907,-8.4074));
#5793 = VECTOR('',#5794,1.);
#5794 = DIRECTION('',(-1.,0.,-3.594536833769E-15));
#5795 = ORIENTED_EDGE('',*,*,#5748,.T.);
#5796 = PLANE('',#5797);
#5797 = AXIS2_PLACEMENT_3D('',#5798,#5799,#5800);
#5798 = CARTESIAN_POINT('',(3.022070897623E-14,17.907,-8.4074));
#5799 = DIRECTION('',(-3.594536833769E-15,0.,1.));
#5800 = DIRECTION('',(1.,0.,3.594536833769E-15));
#5801 = ADVANCED_FACE('',(#5802),#5808,.T.);
#5802 = FACE_BOUND('',#5803,.T.);
#5803 = EDGE_LOOP('',(#5804,#5805,#5806,#5807));
#5804 = ORIENTED_EDGE('',*,*,#5790,.F.);
#5805 = ORIENTED_EDGE('',*,*,#2660,.F.);
#5806 = ORIENTED_EDGE('',*,*,#4642,.T.);
#5807 = ORIENTED_EDGE('',*,*,#5756,.T.);
#5808 = PLANE('',#5809);
#5809 = AXIS2_PLACEMENT_3D('',#5810,#5811,#5812);
#5810 = CARTESIAN_POINT('',(0.,17.907,0.));
#5811 = DIRECTION('',(0.,1.,-0.));
#5812 = DIRECTION('',(0.,0.,1.));
#5813 = ADVANCED_FACE('',(#5814),#5839,.T.);
#5814 = FACE_BOUND('',#5815,.T.);
#5815 = EDGE_LOOP('',(#5816,#5824,#5832,#5838));
#5816 = ORIENTED_EDGE('',*,*,#5817,.F.);
#5817 = EDGE_CURVE('',#5818,#4277,#5820,.T.);
#5818 = VERTEX_POINT('',#5819);
#5819 = CARTESIAN_POINT('',(24.8793,10.287,4.7371));
#5820 = LINE('',#5821,#5822);
#5821 = CARTESIAN_POINT('',(0.,10.287,4.7371));
#5822 = VECTOR('',#5823,1.);
#5823 = DIRECTION('',(-1.,0.,0.));
#5824 = ORIENTED_EDGE('',*,*,#5825,.F.);
#5825 = EDGE_CURVE('',#5826,#5818,#5828,.T.);
#5826 = VERTEX_POINT('',#5827);
#5827 = CARTESIAN_POINT('',(24.8793,17.907,4.7371));
#5828 = LINE('',#5829,#5830);
#5829 = CARTESIAN_POINT('',(24.8793,17.907,4.7371));
#5830 = VECTOR('',#5831,1.);
#5831 = DIRECTION('',(-0.,-1.,-0.));
#5832 = ORIENTED_EDGE('',*,*,#5833,.T.);
#5833 = EDGE_CURVE('',#5826,#4285,#5834,.T.);
#5834 = LINE('',#5835,#5836);
#5835 = CARTESIAN_POINT('',(0.,17.907,4.7371));
#5836 = VECTOR('',#5837,1.);
#5837 = DIRECTION('',(-1.,0.,0.));
#5838 = ORIENTED_EDGE('',*,*,#4284,.T.);
#5839 = PLANE('',#5840);
#5840 = AXIS2_PLACEMENT_3D('',#5841,#5842,#5843);
#5841 = CARTESIAN_POINT('',(0.,17.907,4.7371));
#5842 = DIRECTION('',(0.,-0.,1.));
#5843 = DIRECTION('',(1.,0.,0.));
#5844 = ADVANCED_FACE('',(#5845),#5879,.T.);
#5845 = FACE_BOUND('',#5846,.T.);
#5846 = EDGE_LOOP('',(#5847,#5848,#5849,#5855,#5856,#5864,#5872,#5878));
#5847 = ORIENTED_EDGE('',*,*,#2350,.F.);
#5848 = ORIENTED_EDGE('',*,*,#4331,.F.);
#5849 = ORIENTED_EDGE('',*,*,#5850,.T.);
#5850 = EDGE_CURVE('',#4324,#5826,#5851,.T.);
#5851 = LINE('',#5852,#5853);
#5852 = CARTESIAN_POINT('',(24.8793,17.907,0.));
#5853 = VECTOR('',#5854,1.);
#5854 = DIRECTION('',(0.,0.,1.));
#5855 = ORIENTED_EDGE('',*,*,#5825,.T.);
#5856 = ORIENTED_EDGE('',*,*,#5857,.T.);
#5857 = EDGE_CURVE('',#5818,#5858,#5860,.T.);
#5858 = VERTEX_POINT('',#5859);
#5859 = CARTESIAN_POINT('',(24.8793,10.287,8.5471));
#5860 = LINE('',#5861,#5862);
#5861 = CARTESIAN_POINT('',(24.8793,10.287,0.));
#5862 = VECTOR('',#5863,1.);
#5863 = DIRECTION('',(0.,0.,1.));
#5864 = ORIENTED_EDGE('',*,*,#5865,.F.);
#5865 = EDGE_CURVE('',#5866,#5858,#5868,.T.);
#5866 = VERTEX_POINT('',#5867);
#5867 = CARTESIAN_POINT('',(24.8793,17.907,8.5471));
#5868 = LINE('',#5869,#5870);
#5869 = CARTESIAN_POINT('',(24.8793,17.907,8.5471));
#5870 = VECTOR('',#5871,1.);
#5871 = DIRECTION('',(-0.,-1.,-0.));
#5872 = ORIENTED_EDGE('',*,*,#5873,.T.);
#5873 = EDGE_CURVE('',#5866,#4356,#5874,.T.);
#5874 = LINE('',#5875,#5876);
#5875 = CARTESIAN_POINT('',(24.8793,17.907,0.));
#5876 = VECTOR('',#5877,1.);
#5877 = DIRECTION('',(0.,0.,1.));
#5878 = ORIENTED_EDGE('',*,*,#4355,.T.);
#5879 = PLANE('',#5880);
#5880 = AXIS2_PLACEMENT_3D('',#5881,#5882,#5883);
#5881 = CARTESIAN_POINT('',(24.8793,17.907,0.));
#5882 = DIRECTION('',(1.,0.,0.));
#5883 = DIRECTION('',(0.,0.,-1.));
#5884 = ADVANCED_FACE('',(#5885),#5891,.T.);
#5885 = FACE_BOUND('',#5886,.T.);
#5886 = EDGE_LOOP('',(#5887,#5888,#5889,#5890));
#5887 = ORIENTED_EDGE('',*,*,#5833,.F.);
#5888 = ORIENTED_EDGE('',*,*,#5850,.F.);
#5889 = ORIENTED_EDGE('',*,*,#4323,.T.);
#5890 = ORIENTED_EDGE('',*,*,#4292,.T.);
#5891 = PLANE('',#5892);
#5892 = AXIS2_PLACEMENT_3D('',#5893,#5894,#5895);
#5893 = CARTESIAN_POINT('',(0.,17.907,0.));
#5894 = DIRECTION('',(0.,1.,-0.));
#5895 = DIRECTION('',(0.,0.,1.));
#5896 = ADVANCED_FACE('',(#5897),#5913,.F.);
#5897 = FACE_BOUND('',#5898,.T.);
#5898 = EDGE_LOOP('',(#5899,#5900,#5906,#5907));
#5899 = ORIENTED_EDGE('',*,*,#5865,.T.);
#5900 = ORIENTED_EDGE('',*,*,#5901,.T.);
#5901 = EDGE_CURVE('',#5858,#4269,#5902,.T.);
#5902 = LINE('',#5903,#5904);
#5903 = CARTESIAN_POINT('',(0.,10.287,8.5471));
#5904 = VECTOR('',#5905,1.);
#5905 = DIRECTION('',(-1.,0.,0.));
#5906 = ORIENTED_EDGE('',*,*,#4268,.F.);
#5907 = ORIENTED_EDGE('',*,*,#5908,.F.);
#5908 = EDGE_CURVE('',#5866,#4261,#5909,.T.);
#5909 = LINE('',#5910,#5911);
#5910 = CARTESIAN_POINT('',(0.,17.907,8.5471));
#5911 = VECTOR('',#5912,1.);
#5912 = DIRECTION('',(-1.,0.,0.));
#5913 = PLANE('',#5914);
#5914 = AXIS2_PLACEMENT_3D('',#5915,#5916,#5917);
#5915 = CARTESIAN_POINT('',(0.,17.907,8.5471));
#5916 = DIRECTION('',(0.,-0.,1.));
#5917 = DIRECTION('',(1.,0.,0.));
#5918 = ADVANCED_FACE('',(#5919),#5925,.T.);
#5919 = FACE_BOUND('',#5920,.T.);
#5920 = EDGE_LOOP('',(#5921,#5922,#5923,#5924));
#5921 = ORIENTED_EDGE('',*,*,#5873,.F.);
#5922 = ORIENTED_EDGE('',*,*,#5908,.T.);
#5923 = ORIENTED_EDGE('',*,*,#4260,.T.);
#5924 = ORIENTED_EDGE('',*,*,#4363,.F.);
#5925 = PLANE('',#5926);
#5926 = AXIS2_PLACEMENT_3D('',#5927,#5928,#5929);
#5927 = CARTESIAN_POINT('',(0.,17.907,0.));
#5928 = DIRECTION('',(0.,1.,-0.));
#5929 = DIRECTION('',(0.,0.,1.));
#5930 = ADVANCED_FACE('',(#5931),#5937,.T.);
#5931 = FACE_BOUND('',#5932,.T.);
#5932 = EDGE_LOOP('',(#5933,#5934,#5935,#5936));
#5933 = ORIENTED_EDGE('',*,*,#5701,.F.);
#5934 = ORIENTED_EDGE('',*,*,#2676,.F.);
#5935 = ORIENTED_EDGE('',*,*,#5783,.T.);
#5936 = ORIENTED_EDGE('',*,*,#5740,.T.);
#5937 = PLANE('',#5938);
#5938 = AXIS2_PLACEMENT_3D('',#5939,#5940,#5941);
#5939 = CARTESIAN_POINT('',(0.,10.287,0.));
#5940 = DIRECTION('',(0.,1.,-0.));
#5941 = DIRECTION('',(0.,0.,1.));
#5942 = ADVANCED_FACE('',(#5943),#5949,.T.);
#5943 = FACE_BOUND('',#5944,.T.);
#5944 = EDGE_LOOP('',(#5945,#5946,#5947,#5948));
#5945 = ORIENTED_EDGE('',*,*,#5901,.F.);
#5946 = ORIENTED_EDGE('',*,*,#5857,.F.);
#5947 = ORIENTED_EDGE('',*,*,#5817,.T.);
#5948 = ORIENTED_EDGE('',*,*,#4276,.T.);
#5949 = PLANE('',#5950);
#5950 = AXIS2_PLACEMENT_3D('',#5951,#5952,#5953);
#5951 = CARTESIAN_POINT('',(0.,10.287,0.));
#5952 = DIRECTION('',(0.,1.,-0.));
#5953 = DIRECTION('',(0.,0.,1.));
#5954 = ADVANCED_FACE('',(#5955),#5966,.F.);
#5955 = FACE_BOUND('',#5956,.T.);
#5956 = EDGE_LOOP('',(#5957,#5958,#5959,#5965));
#5957 = ORIENTED_EDGE('',*,*,#2967,.F.);
#5958 = ORIENTED_EDGE('',*,*,#2827,.T.);
#5959 = ORIENTED_EDGE('',*,*,#5960,.F.);
#5960 = EDGE_CURVE('',#5186,#2820,#5961,.T.);
#5961 = LINE('',#5962,#5963);
#5962 = CARTESIAN_POINT('',(16.9545,5.712353344887,5.8413));
#5963 = VECTOR('',#5964,1.);
#5964 = DIRECTION('',(-0.,-1.,-0.));
#5965 = ORIENTED_EDGE('',*,*,#5185,.F.);
#5966 = PLANE('',#5967);
#5967 = AXIS2_PLACEMENT_3D('',#5968,#5969,#5970);
#5968 = CARTESIAN_POINT('',(16.9545,5.712353344887,5.8413));
#5969 = DIRECTION('',(-1.,0.,0.));
#5970 = DIRECTION('',(0.,0.,1.));
#5971 = ADVANCED_FACE('',(#5972),#5983,.F.);
#5972 = FACE_BOUND('',#5973,.T.);
#5973 = EDGE_LOOP('',(#5974,#5975,#5976,#5982));
#5974 = ORIENTED_EDGE('',*,*,#2945,.F.);
#5975 = ORIENTED_EDGE('',*,*,#5201,.F.);
#5976 = ORIENTED_EDGE('',*,*,#5977,.T.);
#5977 = EDGE_CURVE('',#5194,#2812,#5978,.T.);
#5978 = LINE('',#5979,#5980);
#5979 = CARTESIAN_POINT('',(16.7005,5.712353344887,5.8413));
#5980 = VECTOR('',#5981,1.);
#5981 = DIRECTION('',(-0.,-1.,-0.));
#5982 = ORIENTED_EDGE('',*,*,#2811,.T.);
#5983 = PLANE('',#5984);
#5984 = AXIS2_PLACEMENT_3D('',#5985,#5986,#5987);
#5985 = CARTESIAN_POINT('',(16.7005,5.712353344887,5.8413));
#5986 = DIRECTION('',(1.,0.,0.));
#5987 = DIRECTION('',(0.,0.,-1.));
#5988 = ADVANCED_FACE('',(#5989),#5995,.F.);
#5989 = FACE_BOUND('',#5990,.T.);
#5990 = EDGE_LOOP('',(#5991,#5992,#5993,#5994));
#5991 = ORIENTED_EDGE('',*,*,#5193,.F.);
#5992 = ORIENTED_EDGE('',*,*,#5960,.T.);
#5993 = ORIENTED_EDGE('',*,*,#2819,.T.);
#5994 = ORIENTED_EDGE('',*,*,#5977,.F.);
#5995 = PLANE('',#5996);
#5996 = AXIS2_PLACEMENT_3D('',#5997,#5998,#5999);
#5997 = CARTESIAN_POINT('',(16.7005,5.712353344887,5.8413));
#5998 = DIRECTION('',(0.,0.,1.));
#5999 = DIRECTION('',(1.,0.,-0.));
#6000 = ADVANCED_FACE('',(#6001),#6012,.F.);
#6001 = FACE_BOUND('',#6002,.T.);
#6002 = EDGE_LOOP('',(#6003,#6004,#6005,#6006));
#6003 = ORIENTED_EDGE('',*,*,#5210,.F.);
#6004 = ORIENTED_EDGE('',*,*,#2873,.T.);
#6005 = ORIENTED_EDGE('',*,*,#2779,.T.);
#6006 = ORIENTED_EDGE('',*,*,#6007,.F.);
#6007 = EDGE_CURVE('',#5211,#2770,#6008,.T.);
#6008 = LINE('',#6009,#6010);
#6009 = CARTESIAN_POINT('',(16.7005,5.712353344887,7.3413));
#6010 = VECTOR('',#6011,1.);
#6011 = DIRECTION('',(-0.,-1.,-0.));
#6012 = PLANE('',#6013);
#6013 = AXIS2_PLACEMENT_3D('',#6014,#6015,#6016);
#6014 = CARTESIAN_POINT('',(16.7005,5.712353344887,5.8413));
#6015 = DIRECTION('',(1.,0.,0.));
#6016 = DIRECTION('',(0.,0.,-1.));
#6017 = ADVANCED_FACE('',(#6018),#6029,.F.);
#6018 = FACE_BOUND('',#6019,.T.);
#6019 = EDGE_LOOP('',(#6020,#6021,#6022,#6023));
#6020 = ORIENTED_EDGE('',*,*,#2859,.T.);
#6021 = ORIENTED_EDGE('',*,*,#2904,.T.);
#6022 = ORIENTED_EDGE('',*,*,#5226,.F.);
#6023 = ORIENTED_EDGE('',*,*,#6024,.T.);
#6024 = EDGE_CURVE('',#5219,#2772,#6025,.T.);
#6025 = LINE('',#6026,#6027);
#6026 = CARTESIAN_POINT('',(16.9545,5.712353344887,7.3413));
#6027 = VECTOR('',#6028,1.);
#6028 = DIRECTION('',(-0.,-1.,-0.));
#6029 = PLANE('',#6030);
#6030 = AXIS2_PLACEMENT_3D('',#6031,#6032,#6033);
#6031 = CARTESIAN_POINT('',(16.9545,5.712353344887,5.8413));
#6032 = DIRECTION('',(-1.,0.,0.));
#6033 = DIRECTION('',(0.,0.,1.));
#6034 = ADVANCED_FACE('',(#6035),#6041,.F.);
#6035 = FACE_BOUND('',#6036,.T.);
#6036 = EDGE_LOOP('',(#6037,#6038,#6039,#6040));
#6037 = ORIENTED_EDGE('',*,*,#5218,.F.);
#6038 = ORIENTED_EDGE('',*,*,#6007,.T.);
#6039 = ORIENTED_EDGE('',*,*,#2769,.T.);
#6040 = ORIENTED_EDGE('',*,*,#6024,.F.);
#6041 = PLANE('',#6042);
#6042 = AXIS2_PLACEMENT_3D('',#6043,#6044,#6045);
#6043 = CARTESIAN_POINT('',(16.7005,5.712353344887,7.3413));
#6044 = DIRECTION('',(0.,0.,-1.));
#6045 = DIRECTION('',(-1.,0.,-0.));
#6046 = ADVANCED_FACE('',(#6047),#6058,.T.);
#6047 = FACE_BOUND('',#6048,.T.);
#6048 = EDGE_LOOP('',(#6049,#6050,#6051,#6057));
#6049 = ORIENTED_EDGE('',*,*,#2714,.F.);
#6050 = ORIENTED_EDGE('',*,*,#2518,.F.);
#6051 = ORIENTED_EDGE('',*,*,#6052,.T.);
#6052 = EDGE_CURVE('',#2519,#2311,#6053,.T.);
#6053 = LINE('',#6054,#6055);
#6054 = CARTESIAN_POINT('',(25.1841,-5.461,7.4422));
#6055 = VECTOR('',#6056,1.);
#6056 = DIRECTION('',(0.,1.,0.));
#6057 = ORIENTED_EDGE('',*,*,#2310,.F.);
#6058 = PLANE('',#6059);
#6059 = AXIS2_PLACEMENT_3D('',#6060,#6061,#6062);
#6060 = CARTESIAN_POINT('',(10.742038816083,-5.461,7.4422));
#6061 = DIRECTION('',(0.,0.,-1.));
#6062 = DIRECTION('',(-1.,0.,-0.));
#6063 = ADVANCED_FACE('',(#6064),#6075,.T.);
#6064 = FACE_BOUND('',#6065,.T.);
#6065 = EDGE_LOOP('',(#6066,#6072,#6073,#6074));
#6066 = ORIENTED_EDGE('',*,*,#6067,.T.);
#6067 = EDGE_CURVE('',#2319,#2537,#6068,.T.);
#6068 = LINE('',#6069,#6070);
#6069 = CARTESIAN_POINT('',(25.1841,4.1529,5.5372));
#6070 = VECTOR('',#6071,1.);
#6071 = DIRECTION('',(0.,-1.,0.));
#6072 = ORIENTED_EDGE('',*,*,#2536,.F.);
#6073 = ORIENTED_EDGE('',*,*,#2744,.F.);
#6074 = ORIENTED_EDGE('',*,*,#2326,.F.);
#6075 = PLANE('',#6076);
#6076 = AXIS2_PLACEMENT_3D('',#6077,#6078,#6079);
#6077 = CARTESIAN_POINT('',(10.742038816083,4.1529,5.5372));
#6078 = DIRECTION('',(-0.,0.,1.));
#6079 = DIRECTION('',(1.,0.,0.));
#6080 = ADVANCED_FACE('',(#6081),#6087,.F.);
#6081 = FACE_BOUND('',#6082,.T.);
#6082 = EDGE_LOOP('',(#6083,#6084,#6085,#6086));
#6083 = ORIENTED_EDGE('',*,*,#2318,.T.);
#6084 = ORIENTED_EDGE('',*,*,#6052,.F.);
#6085 = ORIENTED_EDGE('',*,*,#2544,.T.);
#6086 = ORIENTED_EDGE('',*,*,#6067,.F.);
#6087 = PLANE('',#6088);
#6088 = AXIS2_PLACEMENT_3D('',#6089,#6090,#6091);
#6089 = CARTESIAN_POINT('',(25.1841,3.937,0.));
#6090 = DIRECTION('',(-1.,0.,0.));
#6091 = DIRECTION('',(0.,0.,1.));
#6092 = ADVANCED_FACE('',(#6093),#6099,.T.);
#6093 = FACE_BOUND('',#6094,.T.);
#6094 = EDGE_LOOP('',(#6095,#6096,#6097,#6098));
#6095 = ORIENTED_EDGE('',*,*,#2645,.T.);
#6096 = ORIENTED_EDGE('',*,*,#2570,.F.);
#6097 = ORIENTED_EDGE('',*,*,#2593,.F.);
#6098 = ORIENTED_EDGE('',*,*,#2382,.F.);
#6099 = PLANE('',#6100);
#6100 = AXIS2_PLACEMENT_3D('',#6101,#6102,#6103);
#6101 = CARTESIAN_POINT('',(10.742038816083,4.1529,-7.3406));
#6102 = DIRECTION('',(-0.,0.,1.));
#6103 = DIRECTION('',(1.,0.,0.));
#6104 = ADVANCED_FACE('',(#6105),#6111,.T.);
#6105 = FACE_BOUND('',#6106,.T.);
#6106 = EDGE_LOOP('',(#6107,#6108,#6109,#6110));
#6107 = ORIENTED_EDGE('',*,*,#2600,.F.);
#6108 = ORIENTED_EDGE('',*,*,#2552,.F.);
#6109 = ORIENTED_EDGE('',*,*,#2638,.T.);
#6110 = ORIENTED_EDGE('',*,*,#2422,.F.);
#6111 = PLANE('',#6112);
#6112 = AXIS2_PLACEMENT_3D('',#6113,#6114,#6115);
#6113 = CARTESIAN_POINT('',(10.742038816083,-5.461,-5.4356));
#6114 = DIRECTION('',(0.,0.,-1.));
#6115 = DIRECTION('',(-1.,0.,-0.));
#6116 = MANIFOLD_SOLID_BREP('',#6117);
#6117 = CLOSED_SHELL('',(#6118,#6160,#6202,#6274,#6346,#6368,#6390,#6423
    ,#6454,#6478,#6509,#6540,#6571,#6595,#6626,#6650,#6677,#6704,#6716,
    #6728,#6768,#6799,#6830,#6852,#6870));
#6118 = ADVANCED_FACE('',(#6119),#6155,.F.);
#6119 = FACE_BOUND('',#6120,.F.);
#6120 = EDGE_LOOP('',(#6121,#6131,#6140,#6148));
#6121 = ORIENTED_EDGE('',*,*,#6122,.T.);
#6122 = EDGE_CURVE('',#6123,#6125,#6127,.T.);
#6123 = VERTEX_POINT('',#6124);
#6124 = CARTESIAN_POINT('',(20.05345174351,12.651810190676,-2.7813));
#6125 = VERTEX_POINT('',#6126);
#6126 = CARTESIAN_POINT('',(20.05345174351,12.651810190676,-10.4013));
#6127 = LINE('',#6128,#6129);
#6128 = CARTESIAN_POINT('',(20.05345174351,12.651810190676,-2.7813));
#6129 = VECTOR('',#6130,1.);
#6130 = DIRECTION('',(-0.,-0.,-1.));
#6131 = ORIENTED_EDGE('',*,*,#6132,.T.);
#6132 = EDGE_CURVE('',#6125,#6133,#6135,.T.);
#6133 = VERTEX_POINT('',#6134);
#6134 = CARTESIAN_POINT('',(19.968377874913,12.334310190676,-10.4013));
#6135 = CIRCLE('',#6136,0.635);
#6136 = AXIS2_PLACEMENT_3D('',#6137,#6138,#6139);
#6137 = CARTESIAN_POINT('',(20.603377874913,12.334310190676,-10.4013));
#6138 = DIRECTION('',(-0.,0.,1.));
#6139 = DIRECTION('',(1.,0.,0.));
#6140 = ORIENTED_EDGE('',*,*,#6141,.F.);
#6141 = EDGE_CURVE('',#6142,#6133,#6144,.T.);
#6142 = VERTEX_POINT('',#6143);
#6143 = CARTESIAN_POINT('',(19.968377874913,12.334310190676,-2.7813));
#6144 = LINE('',#6145,#6146);
#6145 = CARTESIAN_POINT('',(19.968377874913,12.334310190676,-2.7813));
#6146 = VECTOR('',#6147,1.);
#6147 = DIRECTION('',(-0.,-0.,-1.));
#6148 = ORIENTED_EDGE('',*,*,#6149,.F.);
#6149 = EDGE_CURVE('',#6123,#6142,#6150,.T.);
#6150 = CIRCLE('',#6151,0.635);
#6151 = AXIS2_PLACEMENT_3D('',#6152,#6153,#6154);
#6152 = CARTESIAN_POINT('',(20.603377874913,12.334310190676,-2.7813));
#6153 = DIRECTION('',(-0.,0.,1.));
#6154 = DIRECTION('',(1.,0.,0.));
#6155 = CYLINDRICAL_SURFACE('',#6156,0.635);
#6156 = AXIS2_PLACEMENT_3D('',#6157,#6158,#6159);
#6157 = CARTESIAN_POINT('',(20.603377874913,12.334310190676,-2.7813));
#6158 = DIRECTION('',(-0.,-0.,-1.));
#6159 = DIRECTION('',(-1.,0.,0.));
#6160 = ADVANCED_FACE('',(#6161),#6197,.T.);
#6161 = FACE_BOUND('',#6162,.T.);
#6162 = EDGE_LOOP('',(#6163,#6174,#6182,#6191));
#6163 = ORIENTED_EDGE('',*,*,#6164,.T.);
#6164 = EDGE_CURVE('',#6165,#6167,#6169,.T.);
#6165 = VERTEX_POINT('',#6166);
#6166 = CARTESIAN_POINT('',(19.379375117037,11.995447474128,-2.7813));
#6167 = VERTEX_POINT('',#6168);
#6168 = CARTESIAN_POINT('',(19.335235432411,12.330721665153,-2.7813));
#6169 = CIRCLE('',#6170,1.2954);
#6170 = AXIS2_PLACEMENT_3D('',#6171,#6172,#6173);
#6171 = CARTESIAN_POINT('',(20.630635432411,12.330721665153,-2.7813));
#6172 = DIRECTION('',(0.,0.,-1.));
#6173 = DIRECTION('',(1.,1.071312938692E-14,0.));
#6174 = ORIENTED_EDGE('',*,*,#6175,.T.);
#6175 = EDGE_CURVE('',#6167,#6176,#6178,.T.);
#6176 = VERTEX_POINT('',#6177);
#6177 = CARTESIAN_POINT('',(19.335235432411,12.330721665153,-10.4013));
#6178 = LINE('',#6179,#6180);
#6179 = CARTESIAN_POINT('',(19.335235432411,12.330721665153,-2.7813));
#6180 = VECTOR('',#6181,1.);
#6181 = DIRECTION('',(-0.,-0.,-1.));
#6182 = ORIENTED_EDGE('',*,*,#6183,.F.);
#6183 = EDGE_CURVE('',#6184,#6176,#6186,.T.);
#6184 = VERTEX_POINT('',#6185);
#6185 = CARTESIAN_POINT('',(19.379375117037,11.995447474128,-10.4013));
#6186 = CIRCLE('',#6187,1.2954);
#6187 = AXIS2_PLACEMENT_3D('',#6188,#6189,#6190);
#6188 = CARTESIAN_POINT('',(20.630635432411,12.330721665153,-10.4013));
#6189 = DIRECTION('',(0.,0.,-1.));
#6190 = DIRECTION('',(1.,1.071312938692E-14,0.));
#6191 = ORIENTED_EDGE('',*,*,#6192,.F.);
#6192 = EDGE_CURVE('',#6165,#6184,#6193,.T.);
#6193 = LINE('',#6194,#6195);
#6194 = CARTESIAN_POINT('',(19.379375117037,11.995447474128,-2.7813));
#6195 = VECTOR('',#6196,1.);
#6196 = DIRECTION('',(-0.,-0.,-1.));
#6197 = CYLINDRICAL_SURFACE('',#6198,1.2954);
#6198 = AXIS2_PLACEMENT_3D('',#6199,#6200,#6201);
#6199 = CARTESIAN_POINT('',(20.630635432411,12.330721665153,-2.7813));
#6200 = DIRECTION('',(-0.,-0.,-1.));
#6201 = DIRECTION('',(-1.,0.,0.));
#6202 = ADVANCED_FACE('',(#6203),#6269,.F.);
#6203 = FACE_BOUND('',#6204,.T.);
#6204 = EDGE_LOOP('',(#6205,#6215,#6223,#6231,#6239,#6247,#6255,#6263));
#6205 = ORIENTED_EDGE('',*,*,#6206,.T.);
#6206 = EDGE_CURVE('',#6207,#6209,#6211,.T.);
#6207 = VERTEX_POINT('',#6208);
#6208 = CARTESIAN_POINT('',(25.1841,0.,-7.3406));
#6209 = VERTEX_POINT('',#6210);
#6210 = CARTESIAN_POINT('',(25.1841,0.,-5.4356));
#6211 = LINE('',#6212,#6213);
#6212 = CARTESIAN_POINT('',(25.1841,0.,-5.4356));
#6213 = VECTOR('',#6214,1.);
#6214 = DIRECTION('',(0.,0.,1.));
#6215 = ORIENTED_EDGE('',*,*,#6216,.T.);
#6216 = EDGE_CURVE('',#6209,#6217,#6219,.T.);
#6217 = VERTEX_POINT('',#6218);
#6218 = CARTESIAN_POINT('',(25.1841,4.1529,-5.4356));
#6219 = LINE('',#6220,#6221);
#6220 = CARTESIAN_POINT('',(25.1841,-5.461,-5.4356));
#6221 = VECTOR('',#6222,1.);
#6222 = DIRECTION('',(0.,1.,0.));
#6223 = ORIENTED_EDGE('',*,*,#6224,.T.);
#6224 = EDGE_CURVE('',#6217,#6225,#6227,.T.);
#6225 = VERTEX_POINT('',#6226);
#6226 = CARTESIAN_POINT('',(25.1841,6.8072,-2.7813));
#6227 = LINE('',#6228,#6229);
#6228 = CARTESIAN_POINT('',(25.1841,4.1529,-5.4356));
#6229 = VECTOR('',#6230,1.);
#6230 = DIRECTION('',(0.,0.707106781187,0.707106781187));
#6231 = ORIENTED_EDGE('',*,*,#6232,.F.);
#6232 = EDGE_CURVE('',#6233,#6225,#6235,.T.);
#6233 = VERTEX_POINT('',#6234);
#6234 = CARTESIAN_POINT('',(25.1841,19.168501383875,-2.7813));
#6235 = LINE('',#6236,#6237);
#6236 = CARTESIAN_POINT('',(25.1841,3.547570761619E-15,-2.7813));
#6237 = VECTOR('',#6238,1.);
#6238 = DIRECTION('',(1.408654969453E-16,-1.,0.));
#6239 = ORIENTED_EDGE('',*,*,#6240,.T.);
#6240 = EDGE_CURVE('',#6233,#6241,#6243,.T.);
#6241 = VERTEX_POINT('',#6242);
#6242 = CARTESIAN_POINT('',(25.1841,19.168501383875,-10.4013));
#6243 = LINE('',#6244,#6245);
#6244 = CARTESIAN_POINT('',(25.1841,19.168501383875,-2.7813));
#6245 = VECTOR('',#6246,1.);
#6246 = DIRECTION('',(-0.,-0.,-1.));
#6247 = ORIENTED_EDGE('',*,*,#6248,.T.);
#6248 = EDGE_CURVE('',#6241,#6249,#6251,.T.);
#6249 = VERTEX_POINT('',#6250);
#6250 = CARTESIAN_POINT('',(25.1841,6.8072,-10.4013));
#6251 = LINE('',#6252,#6253);
#6252 = CARTESIAN_POINT('',(25.1841,3.547570761619E-15,-10.4013));
#6253 = VECTOR('',#6254,1.);
#6254 = DIRECTION('',(1.408654969453E-16,-1.,0.));
#6255 = ORIENTED_EDGE('',*,*,#6256,.T.);
#6256 = EDGE_CURVE('',#6249,#6257,#6259,.T.);
#6257 = VERTEX_POINT('',#6258);
#6258 = CARTESIAN_POINT('',(25.1841,4.1529,-7.3406));
#6259 = LINE('',#6260,#6261);
#6260 = CARTESIAN_POINT('',(25.1841,6.8072,-10.4013));
#6261 = VECTOR('',#6262,1.);
#6262 = DIRECTION('',(0.,-0.655169194644,0.755482181384));
#6263 = ORIENTED_EDGE('',*,*,#6264,.T.);
#6264 = EDGE_CURVE('',#6257,#6207,#6265,.T.);
#6265 = LINE('',#6266,#6267);
#6266 = CARTESIAN_POINT('',(25.1841,-5.461,-7.3406));
#6267 = VECTOR('',#6268,1.);
#6268 = DIRECTION('',(-0.,-1.,-0.));
#6269 = PLANE('',#6270);
#6270 = AXIS2_PLACEMENT_3D('',#6271,#6272,#6273);
#6271 = CARTESIAN_POINT('',(25.1841,3.547570761619E-15,-2.7813));
#6272 = DIRECTION('',(1.,1.408654969453E-16,-0.));
#6273 = DIRECTION('',(-1.408654969453E-16,1.,0.));
#6274 = ADVANCED_FACE('',(#6275),#6341,.T.);
#6275 = FACE_BOUND('',#6276,.T.);
#6276 = EDGE_LOOP('',(#6277,#6287,#6295,#6303,#6311,#6319,#6327,#6335));
#6277 = ORIENTED_EDGE('',*,*,#6278,.T.);
#6278 = EDGE_CURVE('',#6279,#6281,#6283,.T.);
#6279 = VERTEX_POINT('',#6280);
#6280 = CARTESIAN_POINT('',(25.8445,4.1529,-5.4356));
#6281 = VERTEX_POINT('',#6282);
#6282 = CARTESIAN_POINT('',(25.8445,0.,-5.4356));
#6283 = LINE('',#6284,#6285);
#6284 = CARTESIAN_POINT('',(25.8445,-5.461,-5.4356));
#6285 = VECTOR('',#6286,1.);
#6286 = DIRECTION('',(1.411566419953E-16,-1.,-0.));
#6287 = ORIENTED_EDGE('',*,*,#6288,.T.);
#6288 = EDGE_CURVE('',#6281,#6289,#6291,.T.);
#6289 = VERTEX_POINT('',#6290);
#6290 = CARTESIAN_POINT('',(25.8445,0.,-7.3406));
#6291 = LINE('',#6292,#6293);
#6292 = CARTESIAN_POINT('',(25.8445,0.,-7.3406));
#6293 = VECTOR('',#6294,1.);
#6294 = DIRECTION('',(0.,0.,-1.));
#6295 = ORIENTED_EDGE('',*,*,#6296,.T.);
#6296 = EDGE_CURVE('',#6289,#6297,#6299,.T.);
#6297 = VERTEX_POINT('',#6298);
#6298 = CARTESIAN_POINT('',(25.8445,4.1529,-7.3406));
#6299 = LINE('',#6300,#6301);
#6300 = CARTESIAN_POINT('',(25.8445,-5.461,-7.3406));
#6301 = VECTOR('',#6302,1.);
#6302 = DIRECTION('',(-1.411566419953E-16,1.,0.));
#6303 = ORIENTED_EDGE('',*,*,#6304,.T.);
#6304 = EDGE_CURVE('',#6297,#6305,#6307,.T.);
#6305 = VERTEX_POINT('',#6306);
#6306 = CARTESIAN_POINT('',(25.8445,6.8072,-10.4013));
#6307 = LINE('',#6308,#6309);
#6308 = CARTESIAN_POINT('',(25.8445,6.8072,-10.4013));
#6309 = VECTOR('',#6310,1.);
#6310 = DIRECTION('',(-9.248148345478E-17,0.655169194644,-0.755482181384
    ));
#6311 = ORIENTED_EDGE('',*,*,#6312,.F.);
#6312 = EDGE_CURVE('',#6313,#6305,#6315,.T.);
#6313 = VERTEX_POINT('',#6314);
#6314 = CARTESIAN_POINT('',(25.8445,19.117701383875,-10.4013));
#6315 = LINE('',#6316,#6317);
#6316 = CARTESIAN_POINT('',(25.8445,3.648122834048E-15,-10.4013));
#6317 = VECTOR('',#6318,1.);
#6318 = DIRECTION('',(1.411566419953E-16,-1.,0.));
#6319 = ORIENTED_EDGE('',*,*,#6320,.F.);
#6320 = EDGE_CURVE('',#6321,#6313,#6323,.T.);
#6321 = VERTEX_POINT('',#6322);
#6322 = CARTESIAN_POINT('',(25.8445,19.117701383875,-2.7813));
#6323 = LINE('',#6324,#6325);
#6324 = CARTESIAN_POINT('',(25.8445,19.117701383875,-2.7813));
#6325 = VECTOR('',#6326,1.);
#6326 = DIRECTION('',(-0.,-0.,-1.));
#6327 = ORIENTED_EDGE('',*,*,#6328,.T.);
#6328 = EDGE_CURVE('',#6321,#6329,#6331,.T.);
#6329 = VERTEX_POINT('',#6330);
#6330 = CARTESIAN_POINT('',(25.8445,6.8072,-2.7813));
#6331 = LINE('',#6332,#6333);
#6332 = CARTESIAN_POINT('',(25.8445,3.648122834048E-15,-2.7813));
#6333 = VECTOR('',#6334,1.);
#6334 = DIRECTION('',(1.411566419953E-16,-1.,0.));
#6335 = ORIENTED_EDGE('',*,*,#6336,.T.);
#6336 = EDGE_CURVE('',#6329,#6279,#6337,.T.);
#6337 = LINE('',#6338,#6339);
#6338 = CARTESIAN_POINT('',(25.8445,4.1529,-5.4356));
#6339 = VECTOR('',#6340,1.);
#6340 = DIRECTION('',(9.981281876441E-17,-0.707106781187,-0.707106781187
    ));
#6341 = PLANE('',#6342);
#6342 = AXIS2_PLACEMENT_3D('',#6343,#6344,#6345);
#6343 = CARTESIAN_POINT('',(25.8445,3.648122834048E-15,-2.7813));
#6344 = DIRECTION('',(1.,1.411566419953E-16,-0.));
#6345 = DIRECTION('',(-1.411566419953E-16,1.,0.));
#6346 = ADVANCED_FACE('',(#6347),#6363,.T.);
#6347 = FACE_BOUND('',#6348,.T.);
#6348 = EDGE_LOOP('',(#6349,#6350,#6356,#6357));
#6349 = ORIENTED_EDGE('',*,*,#6296,.F.);
#6350 = ORIENTED_EDGE('',*,*,#6351,.T.);
#6351 = EDGE_CURVE('',#6289,#6207,#6352,.T.);
#6352 = LINE('',#6353,#6354);
#6353 = CARTESIAN_POINT('',(25.1841,0.,-7.3406));
#6354 = VECTOR('',#6355,1.);
#6355 = DIRECTION('',(-1.,0.,0.));
#6356 = ORIENTED_EDGE('',*,*,#6264,.F.);
#6357 = ORIENTED_EDGE('',*,*,#6358,.F.);
#6358 = EDGE_CURVE('',#6297,#6257,#6359,.T.);
#6359 = LINE('',#6360,#6361);
#6360 = CARTESIAN_POINT('',(40.286561183917,4.1529,-7.3406));
#6361 = VECTOR('',#6362,1.);
#6362 = DIRECTION('',(-1.,-1.408654969453E-16,0.));
#6363 = PLANE('',#6364);
#6364 = AXIS2_PLACEMENT_3D('',#6365,#6366,#6367);
#6365 = CARTESIAN_POINT('',(40.286561183917,-5.461,-7.3406));
#6366 = DIRECTION('',(0.,0.,-1.));
#6367 = DIRECTION('',(-1.,0.,0.));
#6368 = ADVANCED_FACE('',(#6369),#6385,.T.);
#6369 = FACE_BOUND('',#6370,.T.);
#6370 = EDGE_LOOP('',(#6371,#6372,#6378,#6379));
#6371 = ORIENTED_EDGE('',*,*,#6216,.F.);
#6372 = ORIENTED_EDGE('',*,*,#6373,.T.);
#6373 = EDGE_CURVE('',#6209,#6281,#6374,.T.);
#6374 = LINE('',#6375,#6376);
#6375 = CARTESIAN_POINT('',(25.8445,0.,-5.4356));
#6376 = VECTOR('',#6377,1.);
#6377 = DIRECTION('',(1.,0.,-0.));
#6378 = ORIENTED_EDGE('',*,*,#6278,.F.);
#6379 = ORIENTED_EDGE('',*,*,#6380,.T.);
#6380 = EDGE_CURVE('',#6279,#6217,#6381,.T.);
#6381 = LINE('',#6382,#6383);
#6382 = CARTESIAN_POINT('',(40.286561183917,4.1529,-5.4356));
#6383 = VECTOR('',#6384,1.);
#6384 = DIRECTION('',(-1.,-1.408654969453E-16,0.));
#6385 = PLANE('',#6386);
#6386 = AXIS2_PLACEMENT_3D('',#6387,#6388,#6389);
#6387 = CARTESIAN_POINT('',(40.286561183917,-5.461,-5.4356));
#6388 = DIRECTION('',(0.,-0.,1.));
#6389 = DIRECTION('',(1.,0.,0.));
#6390 = ADVANCED_FACE('',(#6391),#6418,.T.);
#6391 = FACE_BOUND('',#6392,.T.);
#6392 = EDGE_LOOP('',(#6393,#6402,#6410,#6417));
#6393 = ORIENTED_EDGE('',*,*,#6394,.F.);
#6394 = EDGE_CURVE('',#6395,#6313,#6397,.T.);
#6395 = VERTEX_POINT('',#6396);
#6396 = CARTESIAN_POINT('',(23.427250691938,19.765401383875,-10.4013));
#6397 = CIRCLE('',#6398,1.2954);
#6398 = AXIS2_PLACEMENT_3D('',#6399,#6400,#6401);
#6399 = CARTESIAN_POINT('',(24.5491,19.117701383875,-10.4013));
#6400 = DIRECTION('',(0.,0.,-1.));
#6401 = DIRECTION('',(1.,0.,0.));
#6402 = ORIENTED_EDGE('',*,*,#6403,.F.);
#6403 = EDGE_CURVE('',#6404,#6395,#6406,.T.);
#6404 = VERTEX_POINT('',#6405);
#6405 = CARTESIAN_POINT('',(23.427250691938,19.765401383875,-2.7813));
#6406 = LINE('',#6407,#6408);
#6407 = CARTESIAN_POINT('',(23.427250691938,19.765401383875,-2.7813));
#6408 = VECTOR('',#6409,1.);
#6409 = DIRECTION('',(-0.,-0.,-1.));
#6410 = ORIENTED_EDGE('',*,*,#6411,.T.);
#6411 = EDGE_CURVE('',#6404,#6321,#6412,.T.);
#6412 = CIRCLE('',#6413,1.2954);
#6413 = AXIS2_PLACEMENT_3D('',#6414,#6415,#6416);
#6414 = CARTESIAN_POINT('',(24.5491,19.117701383875,-2.7813));
#6415 = DIRECTION('',(0.,0.,-1.));
#6416 = DIRECTION('',(1.,0.,0.));
#6417 = ORIENTED_EDGE('',*,*,#6320,.T.);
#6418 = CYLINDRICAL_SURFACE('',#6419,1.2954);
#6419 = AXIS2_PLACEMENT_3D('',#6420,#6421,#6422);
#6420 = CARTESIAN_POINT('',(24.5491,19.117701383875,-2.7813));
#6421 = DIRECTION('',(-0.,-0.,-1.));
#6422 = DIRECTION('',(-1.,0.,0.));
#6423 = ADVANCED_FACE('',(#6424),#6449,.T.);
#6424 = FACE_BOUND('',#6425,.T.);
#6425 = EDGE_LOOP('',(#6426,#6434,#6442,#6448));
#6426 = ORIENTED_EDGE('',*,*,#6427,.F.);
#6427 = EDGE_CURVE('',#6428,#6395,#6430,.T.);
#6428 = VERTEX_POINT('',#6429);
#6429 = CARTESIAN_POINT('',(19.508786124349,12.978421665153,-10.4013));
#6430 = LINE('',#6431,#6432);
#6431 = CARTESIAN_POINT('',(9.011768161737,-5.202946774053,-10.4013));
#6432 = VECTOR('',#6433,1.);
#6433 = DIRECTION('',(0.5,0.866025403784,0.));
#6434 = ORIENTED_EDGE('',*,*,#6435,.F.);
#6435 = EDGE_CURVE('',#6436,#6428,#6438,.T.);
#6436 = VERTEX_POINT('',#6437);
#6437 = CARTESIAN_POINT('',(19.508786124349,12.978421665153,-2.7813));
#6438 = LINE('',#6439,#6440);
#6439 = CARTESIAN_POINT('',(19.508786124349,12.978421665153,-2.7813));
#6440 = VECTOR('',#6441,1.);
#6441 = DIRECTION('',(-0.,-0.,-1.));
#6442 = ORIENTED_EDGE('',*,*,#6443,.T.);
#6443 = EDGE_CURVE('',#6436,#6404,#6444,.T.);
#6444 = LINE('',#6445,#6446);
#6445 = CARTESIAN_POINT('',(9.011768161737,-5.202946774053,-2.7813));
#6446 = VECTOR('',#6447,1.);
#6447 = DIRECTION('',(0.5,0.866025403784,0.));
#6448 = ORIENTED_EDGE('',*,*,#6403,.T.);
#6449 = PLANE('',#6450);
#6450 = AXIS2_PLACEMENT_3D('',#6451,#6452,#6453);
#6451 = CARTESIAN_POINT('',(9.011768161737,-5.202946774053,-2.7813));
#6452 = DIRECTION('',(-0.866025403784,0.5,0.));
#6453 = DIRECTION('',(-0.5,-0.866025403784,0.));
#6454 = ADVANCED_FACE('',(#6455),#6473,.T.);
#6455 = FACE_BOUND('',#6456,.T.);
#6456 = EDGE_LOOP('',(#6457,#6458,#6465,#6466));
#6457 = ORIENTED_EDGE('',*,*,#6175,.F.);
#6458 = ORIENTED_EDGE('',*,*,#6459,.T.);
#6459 = EDGE_CURVE('',#6167,#6436,#6460,.T.);
#6460 = CIRCLE('',#6461,1.2954);
#6461 = AXIS2_PLACEMENT_3D('',#6462,#6463,#6464);
#6462 = CARTESIAN_POINT('',(20.630635432411,12.330721665153,-2.7813));
#6463 = DIRECTION('',(0.,0.,-1.));
#6464 = DIRECTION('',(1.,2.67828234673E-15,0.));
#6465 = ORIENTED_EDGE('',*,*,#6435,.T.);
#6466 = ORIENTED_EDGE('',*,*,#6467,.F.);
#6467 = EDGE_CURVE('',#6176,#6428,#6468,.T.);
#6468 = CIRCLE('',#6469,1.2954);
#6469 = AXIS2_PLACEMENT_3D('',#6470,#6471,#6472);
#6470 = CARTESIAN_POINT('',(20.630635432411,12.330721665153,-10.4013));
#6471 = DIRECTION('',(0.,0.,-1.));
#6472 = DIRECTION('',(1.,2.67828234673E-15,0.));
#6473 = CYLINDRICAL_SURFACE('',#6474,1.2954);
#6474 = AXIS2_PLACEMENT_3D('',#6475,#6476,#6477);
#6475 = CARTESIAN_POINT('',(20.630635432411,12.330721665153,-2.7813));
#6476 = DIRECTION('',(-0.,-0.,-1.));
#6477 = DIRECTION('',(-1.,0.,0.));
#6478 = ADVANCED_FACE('',(#6479),#6504,.T.);
#6479 = FACE_BOUND('',#6480,.T.);
#6480 = EDGE_LOOP('',(#6481,#6489,#6497,#6503));
#6481 = ORIENTED_EDGE('',*,*,#6482,.F.);
#6482 = EDGE_CURVE('',#6483,#6184,#6485,.T.);
#6483 = VERTEX_POINT('',#6484);
#6484 = CARTESIAN_POINT('',(20.029380449472,9.569594548286,-10.4013));
#6485 = LINE('',#6486,#6487);
#6486 = CARTESIAN_POINT('',(21.080065007461,5.648386395145,-10.4013));
#6487 = VECTOR('',#6488,1.);
#6488 = DIRECTION('',(-0.258819045103,0.965925826289,0.));
#6489 = ORIENTED_EDGE('',*,*,#6490,.F.);
#6490 = EDGE_CURVE('',#6491,#6483,#6493,.T.);
#6491 = VERTEX_POINT('',#6492);
#6492 = CARTESIAN_POINT('',(20.029380449472,9.569594548286,-2.7813));
#6493 = LINE('',#6494,#6495);
#6494 = CARTESIAN_POINT('',(20.029380449472,9.569594548286,-2.7813));
#6495 = VECTOR('',#6496,1.);
#6496 = DIRECTION('',(-0.,-0.,-1.));
#6497 = ORIENTED_EDGE('',*,*,#6498,.T.);
#6498 = EDGE_CURVE('',#6491,#6165,#6499,.T.);
#6499 = LINE('',#6500,#6501);
#6500 = CARTESIAN_POINT('',(21.080065007461,5.648386395145,-2.7813));
#6501 = VECTOR('',#6502,1.);
#6502 = DIRECTION('',(-0.258819045103,0.965925826289,0.));
#6503 = ORIENTED_EDGE('',*,*,#6192,.T.);
#6504 = PLANE('',#6505);
#6505 = AXIS2_PLACEMENT_3D('',#6506,#6507,#6508);
#6506 = CARTESIAN_POINT('',(21.080065007461,5.648386395145,-2.7813));
#6507 = DIRECTION('',(-0.965925826289,-0.258819045103,0.));
#6508 = DIRECTION('',(0.258819045103,-0.965925826289,0.));
#6509 = ADVANCED_FACE('',(#6510),#6535,.T.);
#6510 = FACE_BOUND('',#6511,.T.);
#6511 = EDGE_LOOP('',(#6512,#6520,#6528,#6534));
#6512 = ORIENTED_EDGE('',*,*,#6513,.F.);
#6513 = EDGE_CURVE('',#6514,#6483,#6516,.T.);
#6514 = VERTEX_POINT('',#6515);
#6515 = CARTESIAN_POINT('',(20.642743349166,9.733944641926,-10.4013));
#6516 = LINE('',#6517,#6518);
#6517 = CARTESIAN_POINT('',(-1.050684557989,3.921208153141,-10.4013));
#6518 = VECTOR('',#6519,1.);
#6519 = DIRECTION('',(-0.965925826289,-0.258819045103,0.));
#6520 = ORIENTED_EDGE('',*,*,#6521,.F.);
#6521 = EDGE_CURVE('',#6522,#6514,#6524,.T.);
#6522 = VERTEX_POINT('',#6523);
#6523 = CARTESIAN_POINT('',(20.642743349166,9.733944641926,-2.7813));
#6524 = LINE('',#6525,#6526);
#6525 = CARTESIAN_POINT('',(20.642743349166,9.733944641926,-2.7813));
#6526 = VECTOR('',#6527,1.);
#6527 = DIRECTION('',(-0.,-0.,-1.));
#6528 = ORIENTED_EDGE('',*,*,#6529,.T.);
#6529 = EDGE_CURVE('',#6522,#6491,#6530,.T.);
#6530 = LINE('',#6531,#6532);
#6531 = CARTESIAN_POINT('',(-1.050684557989,3.921208153141,-2.7813));
#6532 = VECTOR('',#6533,1.);
#6533 = DIRECTION('',(-0.965925826289,-0.258819045103,0.));
#6534 = ORIENTED_EDGE('',*,*,#6490,.T.);
#6535 = PLANE('',#6536);
#6536 = AXIS2_PLACEMENT_3D('',#6537,#6538,#6539);
#6537 = CARTESIAN_POINT('',(-1.050684557989,3.921208153141,-2.7813));
#6538 = DIRECTION('',(0.258819045103,-0.965925826289,0.));
#6539 = DIRECTION('',(0.965925826289,0.258819045103,0.));
#6540 = ADVANCED_FACE('',(#6541),#6566,.T.);
#6541 = FACE_BOUND('',#6542,.T.);
#6542 = EDGE_LOOP('',(#6543,#6551,#6559,#6565));
#6543 = ORIENTED_EDGE('',*,*,#6544,.F.);
#6544 = EDGE_CURVE('',#6545,#6514,#6547,.T.);
#6545 = VERTEX_POINT('',#6546);
#6546 = CARTESIAN_POINT('',(19.99001497522,12.169960097036,-10.4013));
#6547 = LINE('',#6548,#6549);
#6548 = CARTESIAN_POINT('',(21.693427907155,5.812736488785,-10.4013));
#6549 = VECTOR('',#6550,1.);
#6550 = DIRECTION('',(0.258819045103,-0.965925826289,0.));
#6551 = ORIENTED_EDGE('',*,*,#6552,.F.);
#6552 = EDGE_CURVE('',#6553,#6545,#6555,.T.);
#6553 = VERTEX_POINT('',#6554);
#6554 = CARTESIAN_POINT('',(19.99001497522,12.169960097036,-2.7813));
#6555 = LINE('',#6556,#6557);
#6556 = CARTESIAN_POINT('',(19.99001497522,12.169960097036,-2.7813));
#6557 = VECTOR('',#6558,1.);
#6558 = DIRECTION('',(-0.,-0.,-1.));
#6559 = ORIENTED_EDGE('',*,*,#6560,.T.);
#6560 = EDGE_CURVE('',#6553,#6522,#6561,.T.);
#6561 = LINE('',#6562,#6563);
#6562 = CARTESIAN_POINT('',(21.693427907155,5.812736488785,-2.7813));
#6563 = VECTOR('',#6564,1.);
#6564 = DIRECTION('',(0.258819045103,-0.965925826289,0.));
#6565 = ORIENTED_EDGE('',*,*,#6521,.T.);
#6566 = PLANE('',#6567);
#6567 = AXIS2_PLACEMENT_3D('',#6568,#6569,#6570);
#6568 = CARTESIAN_POINT('',(21.693427907155,5.812736488785,-2.7813));
#6569 = DIRECTION('',(0.965925826289,0.258819045103,-0.));
#6570 = DIRECTION('',(-0.258819045103,0.965925826289,0.));
#6571 = ADVANCED_FACE('',(#6572),#6590,.F.);
#6572 = FACE_BOUND('',#6573,.F.);
#6573 = EDGE_LOOP('',(#6574,#6581,#6582,#6589));
#6574 = ORIENTED_EDGE('',*,*,#6575,.T.);
#6575 = EDGE_CURVE('',#6133,#6545,#6576,.T.);
#6576 = CIRCLE('',#6577,0.635);
#6577 = AXIS2_PLACEMENT_3D('',#6578,#6579,#6580);
#6578 = CARTESIAN_POINT('',(20.603377874913,12.334310190676,-10.4013));
#6579 = DIRECTION('',(-0.,0.,1.));
#6580 = DIRECTION('',(1.,0.,0.));
#6581 = ORIENTED_EDGE('',*,*,#6552,.F.);
#6582 = ORIENTED_EDGE('',*,*,#6583,.F.);
#6583 = EDGE_CURVE('',#6142,#6553,#6584,.T.);
#6584 = CIRCLE('',#6585,0.635);
#6585 = AXIS2_PLACEMENT_3D('',#6586,#6587,#6588);
#6586 = CARTESIAN_POINT('',(20.603377874913,12.334310190676,-2.7813));
#6587 = DIRECTION('',(-0.,0.,1.));
#6588 = DIRECTION('',(1.,0.,0.));
#6589 = ORIENTED_EDGE('',*,*,#6141,.T.);
#6590 = CYLINDRICAL_SURFACE('',#6591,0.635);
#6591 = AXIS2_PLACEMENT_3D('',#6592,#6593,#6594);
#6592 = CARTESIAN_POINT('',(20.603377874913,12.334310190676,-2.7813));
#6593 = DIRECTION('',(-0.,-0.,-1.));
#6594 = DIRECTION('',(-1.,0.,0.));
#6595 = ADVANCED_FACE('',(#6596),#6621,.T.);
#6596 = FACE_BOUND('',#6597,.T.);
#6597 = EDGE_LOOP('',(#6598,#6606,#6614,#6620));
#6598 = ORIENTED_EDGE('',*,*,#6599,.F.);
#6599 = EDGE_CURVE('',#6600,#6125,#6602,.T.);
#6600 = VERTEX_POINT('',#6601);
#6601 = CARTESIAN_POINT('',(23.999173868597,19.486001383875,-10.4013));
#6602 = LINE('',#6603,#6604);
#6603 = CARTESIAN_POINT('',(9.56169429314,-5.520446774053,-10.4013));
#6604 = VECTOR('',#6605,1.);
#6605 = DIRECTION('',(-0.5,-0.866025403784,0.));
#6606 = ORIENTED_EDGE('',*,*,#6607,.F.);
#6607 = EDGE_CURVE('',#6608,#6600,#6610,.T.);
#6608 = VERTEX_POINT('',#6609);
#6609 = CARTESIAN_POINT('',(23.999173868597,19.486001383875,-2.7813));
#6610 = LINE('',#6611,#6612);
#6611 = CARTESIAN_POINT('',(23.999173868597,19.486001383875,-2.7813));
#6612 = VECTOR('',#6613,1.);
#6613 = DIRECTION('',(-0.,-0.,-1.));
#6614 = ORIENTED_EDGE('',*,*,#6615,.T.);
#6615 = EDGE_CURVE('',#6608,#6123,#6616,.T.);
#6616 = LINE('',#6617,#6618);
#6617 = CARTESIAN_POINT('',(9.56169429314,-5.520446774053,-2.7813));
#6618 = VECTOR('',#6619,1.);
#6619 = DIRECTION('',(-0.5,-0.866025403784,0.));
#6620 = ORIENTED_EDGE('',*,*,#6122,.T.);
#6621 = PLANE('',#6622);
#6622 = AXIS2_PLACEMENT_3D('',#6623,#6624,#6625);
#6623 = CARTESIAN_POINT('',(9.56169429314,-5.520446774053,-2.7813));
#6624 = DIRECTION('',(0.866025403784,-0.5,0.));
#6625 = DIRECTION('',(0.5,0.866025403784,0.));
#6626 = ADVANCED_FACE('',(#6627),#6645,.F.);
#6627 = FACE_BOUND('',#6628,.F.);
#6628 = EDGE_LOOP('',(#6629,#6630,#6637,#6638));
#6629 = ORIENTED_EDGE('',*,*,#6607,.F.);
#6630 = ORIENTED_EDGE('',*,*,#6631,.F.);
#6631 = EDGE_CURVE('',#6233,#6608,#6632,.T.);
#6632 = CIRCLE('',#6633,0.635);
#6633 = AXIS2_PLACEMENT_3D('',#6634,#6635,#6636);
#6634 = CARTESIAN_POINT('',(24.5491,19.168501383875,-2.7813));
#6635 = DIRECTION('',(-0.,0.,1.));
#6636 = DIRECTION('',(1.,0.,0.));
#6637 = ORIENTED_EDGE('',*,*,#6240,.T.);
#6638 = ORIENTED_EDGE('',*,*,#6639,.T.);
#6639 = EDGE_CURVE('',#6241,#6600,#6640,.T.);
#6640 = CIRCLE('',#6641,0.635);
#6641 = AXIS2_PLACEMENT_3D('',#6642,#6643,#6644);
#6642 = CARTESIAN_POINT('',(24.5491,19.168501383875,-10.4013));
#6643 = DIRECTION('',(-0.,0.,1.));
#6644 = DIRECTION('',(1.,0.,0.));
#6645 = CYLINDRICAL_SURFACE('',#6646,0.635);
#6646 = AXIS2_PLACEMENT_3D('',#6647,#6648,#6649);
#6647 = CARTESIAN_POINT('',(24.5491,19.168501383875,-2.7813));
#6648 = DIRECTION('',(-0.,-0.,-1.));
#6649 = DIRECTION('',(-1.,0.,0.));
#6650 = ADVANCED_FACE('',(#6651),#6672,.T.);
#6651 = FACE_BOUND('',#6652,.T.);
#6652 = EDGE_LOOP('',(#6653,#6654,#6655,#6656,#6657,#6658,#6659,#6660,
    #6661,#6662,#6663,#6664,#6665,#6671));
#6653 = ORIENTED_EDGE('',*,*,#6411,.F.);
#6654 = ORIENTED_EDGE('',*,*,#6443,.F.);
#6655 = ORIENTED_EDGE('',*,*,#6459,.F.);
#6656 = ORIENTED_EDGE('',*,*,#6164,.F.);
#6657 = ORIENTED_EDGE('',*,*,#6498,.F.);
#6658 = ORIENTED_EDGE('',*,*,#6529,.F.);
#6659 = ORIENTED_EDGE('',*,*,#6560,.F.);
#6660 = ORIENTED_EDGE('',*,*,#6583,.F.);
#6661 = ORIENTED_EDGE('',*,*,#6149,.F.);
#6662 = ORIENTED_EDGE('',*,*,#6615,.F.);
#6663 = ORIENTED_EDGE('',*,*,#6631,.F.);
#6664 = ORIENTED_EDGE('',*,*,#6232,.T.);
#6665 = ORIENTED_EDGE('',*,*,#6666,.T.);
#6666 = EDGE_CURVE('',#6225,#6329,#6667,.T.);
#6667 = LINE('',#6668,#6669);
#6668 = CARTESIAN_POINT('',(0.,6.8072,-2.7813));
#6669 = VECTOR('',#6670,1.);
#6670 = DIRECTION('',(1.,0.,0.));
#6671 = ORIENTED_EDGE('',*,*,#6328,.F.);
#6672 = PLANE('',#6673);
#6673 = AXIS2_PLACEMENT_3D('',#6674,#6675,#6676);
#6674 = CARTESIAN_POINT('',(0.,0.,-2.7813));
#6675 = DIRECTION('',(-0.,0.,1.));
#6676 = DIRECTION('',(1.,0.,0.));
#6677 = ADVANCED_FACE('',(#6678),#6699,.F.);
#6678 = FACE_BOUND('',#6679,.T.);
#6679 = EDGE_LOOP('',(#6680,#6681,#6682,#6688,#6689,#6690,#6691,#6692,
    #6693,#6694,#6695,#6696,#6697,#6698));
#6680 = ORIENTED_EDGE('',*,*,#6394,.T.);
#6681 = ORIENTED_EDGE('',*,*,#6312,.T.);
#6682 = ORIENTED_EDGE('',*,*,#6683,.F.);
#6683 = EDGE_CURVE('',#6249,#6305,#6684,.T.);
#6684 = LINE('',#6685,#6686);
#6685 = CARTESIAN_POINT('',(0.,6.8072,-10.4013));
#6686 = VECTOR('',#6687,1.);
#6687 = DIRECTION('',(1.,0.,0.));
#6688 = ORIENTED_EDGE('',*,*,#6248,.F.);
#6689 = ORIENTED_EDGE('',*,*,#6639,.T.);
#6690 = ORIENTED_EDGE('',*,*,#6599,.T.);
#6691 = ORIENTED_EDGE('',*,*,#6132,.T.);
#6692 = ORIENTED_EDGE('',*,*,#6575,.T.);
#6693 = ORIENTED_EDGE('',*,*,#6544,.T.);
#6694 = ORIENTED_EDGE('',*,*,#6513,.T.);
#6695 = ORIENTED_EDGE('',*,*,#6482,.T.);
#6696 = ORIENTED_EDGE('',*,*,#6183,.T.);
#6697 = ORIENTED_EDGE('',*,*,#6467,.T.);
#6698 = ORIENTED_EDGE('',*,*,#6427,.T.);
#6699 = PLANE('',#6700);
#6700 = AXIS2_PLACEMENT_3D('',#6701,#6702,#6703);
#6701 = CARTESIAN_POINT('',(0.,0.,-10.4013));
#6702 = DIRECTION('',(-0.,0.,1.));
#6703 = DIRECTION('',(1.,0.,0.));
#6704 = ADVANCED_FACE('',(#6705),#6711,.T.);
#6705 = FACE_BOUND('',#6706,.T.);
#6706 = EDGE_LOOP('',(#6707,#6708,#6709,#6710));
#6707 = ORIENTED_EDGE('',*,*,#6304,.F.);
#6708 = ORIENTED_EDGE('',*,*,#6358,.T.);
#6709 = ORIENTED_EDGE('',*,*,#6256,.F.);
#6710 = ORIENTED_EDGE('',*,*,#6683,.T.);
#6711 = PLANE('',#6712);
#6712 = AXIS2_PLACEMENT_3D('',#6713,#6714,#6715);
#6713 = CARTESIAN_POINT('',(40.286561183917,6.8072,-10.4013));
#6714 = DIRECTION('',(1.06421372914E-16,-0.755482181384,-0.655169194644)
  );
#6715 = DIRECTION('',(6.162975822039E-33,0.655169194644,-0.755482181384)
  );
#6716 = ADVANCED_FACE('',(#6717),#6723,.T.);
#6717 = FACE_BOUND('',#6718,.T.);
#6718 = EDGE_LOOP('',(#6719,#6720,#6721,#6722));
#6719 = ORIENTED_EDGE('',*,*,#6336,.F.);
#6720 = ORIENTED_EDGE('',*,*,#6666,.F.);
#6721 = ORIENTED_EDGE('',*,*,#6224,.F.);
#6722 = ORIENTED_EDGE('',*,*,#6380,.F.);
#6723 = PLANE('',#6724);
#6724 = AXIS2_PLACEMENT_3D('',#6725,#6726,#6727);
#6725 = CARTESIAN_POINT('',(40.286561183917,4.1529,-5.4356));
#6726 = DIRECTION('',(9.960694812521E-17,-0.707106781187,0.707106781187)
  );
#6727 = DIRECTION('',(0.,-0.707106781187,-0.707106781187));
#6728 = ADVANCED_FACE('',(#6729),#6763,.T.);
#6729 = FACE_BOUND('',#6730,.T.);
#6730 = EDGE_LOOP('',(#6731,#6741,#6749,#6757));
#6731 = ORIENTED_EDGE('',*,*,#6732,.T.);
#6732 = EDGE_CURVE('',#6733,#6735,#6737,.T.);
#6733 = VERTEX_POINT('',#6734);
#6734 = CARTESIAN_POINT('',(25.3619,0.,-5.4991));
#6735 = VERTEX_POINT('',#6736);
#6736 = CARTESIAN_POINT('',(25.3619,-5.461,-5.4991));
#6737 = LINE('',#6738,#6739);
#6738 = CARTESIAN_POINT('',(25.3619,2.016222497643,-5.4991));
#6739 = VECTOR('',#6740,1.);
#6740 = DIRECTION('',(1.408654969453E-16,-1.,-0.));
#6741 = ORIENTED_EDGE('',*,*,#6742,.F.);
#6742 = EDGE_CURVE('',#6743,#6735,#6745,.T.);
#6743 = VERTEX_POINT('',#6744);
#6744 = CARTESIAN_POINT('',(25.6667,-5.461,-5.4991));
#6745 = LINE('',#6746,#6747);
#6746 = CARTESIAN_POINT('',(25.3619,-5.461,-5.4991));
#6747 = VECTOR('',#6748,1.);
#6748 = DIRECTION('',(-1.,-0.,-0.));
#6749 = ORIENTED_EDGE('',*,*,#6750,.F.);
#6750 = EDGE_CURVE('',#6751,#6743,#6753,.T.);
#6751 = VERTEX_POINT('',#6752);
#6752 = CARTESIAN_POINT('',(25.6667,0.,-5.4991));
#6753 = LINE('',#6754,#6755);
#6754 = CARTESIAN_POINT('',(25.6667,2.016222497643,-5.4991));
#6755 = VECTOR('',#6756,1.);
#6756 = DIRECTION('',(1.408654969453E-16,-1.,-0.));
#6757 = ORIENTED_EDGE('',*,*,#6758,.F.);
#6758 = EDGE_CURVE('',#6733,#6751,#6759,.T.);
#6759 = LINE('',#6760,#6761);
#6760 = CARTESIAN_POINT('',(25.3619,0.,-5.4991));
#6761 = VECTOR('',#6762,1.);
#6762 = DIRECTION('',(1.,0.,0.));
#6763 = PLANE('',#6764);
#6764 = AXIS2_PLACEMENT_3D('',#6765,#6766,#6767);
#6765 = CARTESIAN_POINT('',(25.3619,2.016222497643,-5.4991));
#6766 = DIRECTION('',(0.,-0.,1.));
#6767 = DIRECTION('',(1.,0.,0.));
#6768 = ADVANCED_FACE('',(#6769),#6794,.T.);
#6769 = FACE_BOUND('',#6770,.T.);
#6770 = EDGE_LOOP('',(#6771,#6781,#6787,#6788));
#6771 = ORIENTED_EDGE('',*,*,#6772,.T.);
#6772 = EDGE_CURVE('',#6773,#6775,#6777,.T.);
#6773 = VERTEX_POINT('',#6774);
#6774 = CARTESIAN_POINT('',(25.3619,0.,-7.2771));
#6775 = VERTEX_POINT('',#6776);
#6776 = CARTESIAN_POINT('',(25.3619,-5.461,-7.2771));
#6777 = LINE('',#6778,#6779);
#6778 = CARTESIAN_POINT('',(25.3619,2.016222497643,-7.2771));
#6779 = VECTOR('',#6780,1.);
#6780 = DIRECTION('',(1.408654969453E-16,-1.,-0.));
#6781 = ORIENTED_EDGE('',*,*,#6782,.F.);
#6782 = EDGE_CURVE('',#6735,#6775,#6783,.T.);
#6783 = LINE('',#6784,#6785);
#6784 = CARTESIAN_POINT('',(25.3619,-5.461,-5.4991));
#6785 = VECTOR('',#6786,1.);
#6786 = DIRECTION('',(0.,0.,-1.));
#6787 = ORIENTED_EDGE('',*,*,#6732,.F.);
#6788 = ORIENTED_EDGE('',*,*,#6789,.F.);
#6789 = EDGE_CURVE('',#6773,#6733,#6790,.T.);
#6790 = LINE('',#6791,#6792);
#6791 = CARTESIAN_POINT('',(25.3619,0.,-5.4991));
#6792 = VECTOR('',#6793,1.);
#6793 = DIRECTION('',(0.,0.,1.));
#6794 = PLANE('',#6795);
#6795 = AXIS2_PLACEMENT_3D('',#6796,#6797,#6798);
#6796 = CARTESIAN_POINT('',(25.3619,2.016222497643,-5.4991));
#6797 = DIRECTION('',(-1.,-1.408654969453E-16,0.));
#6798 = DIRECTION('',(1.408654969453E-16,-1.,0.));
#6799 = ADVANCED_FACE('',(#6800),#6825,.T.);
#6800 = FACE_BOUND('',#6801,.T.);
#6801 = EDGE_LOOP('',(#6802,#6812,#6818,#6819));
#6802 = ORIENTED_EDGE('',*,*,#6803,.T.);
#6803 = EDGE_CURVE('',#6804,#6806,#6808,.T.);
#6804 = VERTEX_POINT('',#6805);
#6805 = CARTESIAN_POINT('',(25.6667,0.,-7.2771));
#6806 = VERTEX_POINT('',#6807);
#6807 = CARTESIAN_POINT('',(25.6667,-5.461,-7.2771));
#6808 = LINE('',#6809,#6810);
#6809 = CARTESIAN_POINT('',(25.6667,2.016222497643,-7.2771));
#6810 = VECTOR('',#6811,1.);
#6811 = DIRECTION('',(1.408654969453E-16,-1.,-0.));
#6812 = ORIENTED_EDGE('',*,*,#6813,.F.);
#6813 = EDGE_CURVE('',#6775,#6806,#6814,.T.);
#6814 = LINE('',#6815,#6816);
#6815 = CARTESIAN_POINT('',(25.3619,-5.461,-7.2771));
#6816 = VECTOR('',#6817,1.);
#6817 = DIRECTION('',(1.,0.,0.));
#6818 = ORIENTED_EDGE('',*,*,#6772,.F.);
#6819 = ORIENTED_EDGE('',*,*,#6820,.F.);
#6820 = EDGE_CURVE('',#6804,#6773,#6821,.T.);
#6821 = LINE('',#6822,#6823);
#6822 = CARTESIAN_POINT('',(25.3619,0.,-7.2771));
#6823 = VECTOR('',#6824,1.);
#6824 = DIRECTION('',(-1.,0.,0.));
#6825 = PLANE('',#6826);
#6826 = AXIS2_PLACEMENT_3D('',#6827,#6828,#6829);
#6827 = CARTESIAN_POINT('',(25.3619,2.016222497643,-7.2771));
#6828 = DIRECTION('',(0.,0.,-1.));
#6829 = DIRECTION('',(-1.,0.,-0.));
#6830 = ADVANCED_FACE('',(#6831),#6847,.T.);
#6831 = FACE_BOUND('',#6832,.T.);
#6832 = EDGE_LOOP('',(#6833,#6834,#6840,#6841));
#6833 = ORIENTED_EDGE('',*,*,#6750,.T.);
#6834 = ORIENTED_EDGE('',*,*,#6835,.F.);
#6835 = EDGE_CURVE('',#6806,#6743,#6836,.T.);
#6836 = LINE('',#6837,#6838);
#6837 = CARTESIAN_POINT('',(25.6667,-5.461,-5.4991));
#6838 = VECTOR('',#6839,1.);
#6839 = DIRECTION('',(-0.,-0.,1.));
#6840 = ORIENTED_EDGE('',*,*,#6803,.F.);
#6841 = ORIENTED_EDGE('',*,*,#6842,.F.);
#6842 = EDGE_CURVE('',#6751,#6804,#6843,.T.);
#6843 = LINE('',#6844,#6845);
#6844 = CARTESIAN_POINT('',(25.6667,0.,-5.4991));
#6845 = VECTOR('',#6846,1.);
#6846 = DIRECTION('',(0.,0.,-1.));
#6847 = PLANE('',#6848);
#6848 = AXIS2_PLACEMENT_3D('',#6849,#6850,#6851);
#6849 = CARTESIAN_POINT('',(25.6667,2.016222497643,-5.4991));
#6850 = DIRECTION('',(1.,1.408654969453E-16,0.));
#6851 = DIRECTION('',(-1.408654969453E-16,1.,0.));
#6852 = ADVANCED_FACE('',(#6853,#6859),#6865,.T.);
#6853 = FACE_BOUND('',#6854,.T.);
#6854 = EDGE_LOOP('',(#6855,#6856,#6857,#6858));
#6855 = ORIENTED_EDGE('',*,*,#6351,.F.);
#6856 = ORIENTED_EDGE('',*,*,#6288,.F.);
#6857 = ORIENTED_EDGE('',*,*,#6373,.F.);
#6858 = ORIENTED_EDGE('',*,*,#6206,.F.);
#6859 = FACE_BOUND('',#6860,.T.);
#6860 = EDGE_LOOP('',(#6861,#6862,#6863,#6864));
#6861 = ORIENTED_EDGE('',*,*,#6758,.T.);
#6862 = ORIENTED_EDGE('',*,*,#6842,.T.);
#6863 = ORIENTED_EDGE('',*,*,#6820,.T.);
#6864 = ORIENTED_EDGE('',*,*,#6789,.T.);
#6865 = PLANE('',#6866);
#6866 = AXIS2_PLACEMENT_3D('',#6867,#6868,#6869);
#6867 = CARTESIAN_POINT('',(0.,0.,0.));
#6868 = DIRECTION('',(0.,-1.,0.));
#6869 = DIRECTION('',(0.,-0.,-1.));
#6870 = ADVANCED_FACE('',(#6871),#6877,.T.);
#6871 = FACE_BOUND('',#6872,.T.);
#6872 = EDGE_LOOP('',(#6873,#6874,#6875,#6876));
#6873 = ORIENTED_EDGE('',*,*,#6835,.T.);
#6874 = ORIENTED_EDGE('',*,*,#6742,.T.);
#6875 = ORIENTED_EDGE('',*,*,#6782,.T.);
#6876 = ORIENTED_EDGE('',*,*,#6813,.T.);
#6877 = PLANE('',#6878);
#6878 = AXIS2_PLACEMENT_3D('',#6879,#6880,#6881);
#6879 = CARTESIAN_POINT('',(40.286561183917,-5.461,-7.3406));
#6880 = DIRECTION('',(1.408654969453E-16,-1.,0.));
#6881 = DIRECTION('',(1.,1.408654969453E-16,0.));
#6882 = MANIFOLD_SOLID_BREP('',#6883);
#6883 = CLOSED_SHELL('',(#6884,#6926,#6968,#7040,#7112,#7134,#7156,#7189
    ,#7220,#7244,#7275,#7306,#7337,#7361,#7392,#7416,#7443,#7470,#7482,
    #7494,#7534,#7565,#7596,#7618,#7636));
#6884 = ADVANCED_FACE('',(#6885),#6921,.F.);
#6885 = FACE_BOUND('',#6886,.F.);
#6886 = EDGE_LOOP('',(#6887,#6897,#6906,#6914));
#6887 = ORIENTED_EDGE('',*,*,#6888,.T.);
#6888 = EDGE_CURVE('',#6889,#6891,#6893,.T.);
#6889 = VERTEX_POINT('',#6890);
#6890 = CARTESIAN_POINT('',(20.05345174351,12.651810190676,9.7663));
#6891 = VERTEX_POINT('',#6892);
#6892 = CARTESIAN_POINT('',(20.05345174351,12.651810190676,3.4163));
#6893 = LINE('',#6894,#6895);
#6894 = CARTESIAN_POINT('',(20.05345174351,12.651810190676,9.7663));
#6895 = VECTOR('',#6896,1.);
#6896 = DIRECTION('',(-0.,-0.,-1.));
#6897 = ORIENTED_EDGE('',*,*,#6898,.T.);
#6898 = EDGE_CURVE('',#6891,#6899,#6901,.T.);
#6899 = VERTEX_POINT('',#6900);
#6900 = CARTESIAN_POINT('',(19.968377874913,12.334310190676,3.4163));
#6901 = CIRCLE('',#6902,0.635);
#6902 = AXIS2_PLACEMENT_3D('',#6903,#6904,#6905);
#6903 = CARTESIAN_POINT('',(20.603377874913,12.334310190676,3.4163));
#6904 = DIRECTION('',(-0.,0.,1.));
#6905 = DIRECTION('',(1.,0.,0.));
#6906 = ORIENTED_EDGE('',*,*,#6907,.F.);
#6907 = EDGE_CURVE('',#6908,#6899,#6910,.T.);
#6908 = VERTEX_POINT('',#6909);
#6909 = CARTESIAN_POINT('',(19.968377874913,12.334310190676,9.7663));
#6910 = LINE('',#6911,#6912);
#6911 = CARTESIAN_POINT('',(19.968377874913,12.334310190676,9.7663));
#6912 = VECTOR('',#6913,1.);
#6913 = DIRECTION('',(-0.,-0.,-1.));
#6914 = ORIENTED_EDGE('',*,*,#6915,.F.);
#6915 = EDGE_CURVE('',#6889,#6908,#6916,.T.);
#6916 = CIRCLE('',#6917,0.635);
#6917 = AXIS2_PLACEMENT_3D('',#6918,#6919,#6920);
#6918 = CARTESIAN_POINT('',(20.603377874913,12.334310190676,9.7663));
#6919 = DIRECTION('',(-0.,0.,1.));
#6920 = DIRECTION('',(1.,0.,0.));
#6921 = CYLINDRICAL_SURFACE('',#6922,0.635);
#6922 = AXIS2_PLACEMENT_3D('',#6923,#6924,#6925);
#6923 = CARTESIAN_POINT('',(20.603377874913,12.334310190676,9.7663));
#6924 = DIRECTION('',(-0.,-0.,-1.));
#6925 = DIRECTION('',(-1.,0.,0.));
#6926 = ADVANCED_FACE('',(#6927),#6963,.T.);
#6927 = FACE_BOUND('',#6928,.T.);
#6928 = EDGE_LOOP('',(#6929,#6940,#6948,#6957));
#6929 = ORIENTED_EDGE('',*,*,#6930,.F.);
#6930 = EDGE_CURVE('',#6931,#6933,#6935,.T.);
#6931 = VERTEX_POINT('',#6932);
#6932 = CARTESIAN_POINT('',(19.335235432411,12.330721665153,9.7663));
#6933 = VERTEX_POINT('',#6934);
#6934 = CARTESIAN_POINT('',(19.379375117037,11.995447474128,9.7663));
#6935 = CIRCLE('',#6936,1.2954);
#6936 = AXIS2_PLACEMENT_3D('',#6937,#6938,#6939);
#6937 = CARTESIAN_POINT('',(20.630635432411,12.330721665153,9.7663));
#6938 = DIRECTION('',(-0.,0.,1.));
#6939 = DIRECTION('',(1.,0.,0.));
#6940 = ORIENTED_EDGE('',*,*,#6941,.T.);
#6941 = EDGE_CURVE('',#6931,#6942,#6944,.T.);
#6942 = VERTEX_POINT('',#6943);
#6943 = CARTESIAN_POINT('',(19.335235432411,12.330721665153,3.4163));
#6944 = LINE('',#6945,#6946);
#6945 = CARTESIAN_POINT('',(19.335235432411,12.330721665153,9.7663));
#6946 = VECTOR('',#6947,1.);
#6947 = DIRECTION('',(-0.,-0.,-1.));
#6948 = ORIENTED_EDGE('',*,*,#6949,.T.);
#6949 = EDGE_CURVE('',#6942,#6950,#6952,.T.);
#6950 = VERTEX_POINT('',#6951);
#6951 = CARTESIAN_POINT('',(19.379375117037,11.995447474128,3.4163));
#6952 = CIRCLE('',#6953,1.2954);
#6953 = AXIS2_PLACEMENT_3D('',#6954,#6955,#6956);
#6954 = CARTESIAN_POINT('',(20.630635432411,12.330721665153,3.4163));
#6955 = DIRECTION('',(-0.,0.,1.));
#6956 = DIRECTION('',(1.,0.,0.));
#6957 = ORIENTED_EDGE('',*,*,#6958,.F.);
#6958 = EDGE_CURVE('',#6933,#6950,#6959,.T.);
#6959 = LINE('',#6960,#6961);
#6960 = CARTESIAN_POINT('',(19.379375117037,11.995447474128,9.7663));
#6961 = VECTOR('',#6962,1.);
#6962 = DIRECTION('',(-0.,-0.,-1.));
#6963 = CYLINDRICAL_SURFACE('',#6964,1.2954);
#6964 = AXIS2_PLACEMENT_3D('',#6965,#6966,#6967);
#6965 = CARTESIAN_POINT('',(20.630635432411,12.330721665153,9.7663));
#6966 = DIRECTION('',(-0.,-0.,-1.));
#6967 = DIRECTION('',(-1.,0.,0.));
#6968 = ADVANCED_FACE('',(#6969),#7035,.F.);
#6969 = FACE_BOUND('',#6970,.T.);
#6970 = EDGE_LOOP('',(#6971,#6981,#6989,#6997,#7005,#7013,#7021,#7029));
#6971 = ORIENTED_EDGE('',*,*,#6972,.T.);
#6972 = EDGE_CURVE('',#6973,#6975,#6977,.T.);
#6973 = VERTEX_POINT('',#6974);
#6974 = CARTESIAN_POINT('',(25.8445,0.,7.4422));
#6975 = VERTEX_POINT('',#6976);
#6976 = CARTESIAN_POINT('',(25.8445,0.,5.5372));
#6977 = LINE('',#6978,#6979);
#6978 = CARTESIAN_POINT('',(25.8445,0.,5.5372));
#6979 = VECTOR('',#6980,1.);
#6980 = DIRECTION('',(0.,0.,-1.));
#6981 = ORIENTED_EDGE('',*,*,#6982,.T.);
#6982 = EDGE_CURVE('',#6975,#6983,#6985,.T.);
#6983 = VERTEX_POINT('',#6984);
#6984 = CARTESIAN_POINT('',(25.8445,4.1529,5.5372));
#6985 = LINE('',#6986,#6987);
#6986 = CARTESIAN_POINT('',(25.8445,-5.461,5.5372));
#6987 = VECTOR('',#6988,1.);
#6988 = DIRECTION('',(-1.411566419953E-16,1.,0.));
#6989 = ORIENTED_EDGE('',*,*,#6990,.T.);
#6990 = EDGE_CURVE('',#6983,#6991,#6993,.T.);
#6991 = VERTEX_POINT('',#6992);
#6992 = CARTESIAN_POINT('',(25.8445,6.8072,3.4163));
#6993 = LINE('',#6994,#6995);
#6994 = CARTESIAN_POINT('',(25.8445,4.1529,5.5372));
#6995 = VECTOR('',#6996,1.);
#6996 = DIRECTION('',(-1.102762770459E-16,0.781233355279,-0.624239092496
    ));
#6997 = ORIENTED_EDGE('',*,*,#6998,.T.);
#6998 = EDGE_CURVE('',#6991,#6999,#7001,.T.);
#6999 = VERTEX_POINT('',#7000);
#7000 = CARTESIAN_POINT('',(25.8445,19.117701383875,3.4163));
#7001 = LINE('',#7002,#7003);
#7002 = CARTESIAN_POINT('',(25.8445,3.648122834048E-15,3.4163));
#7003 = VECTOR('',#7004,1.);
#7004 = DIRECTION('',(-1.411566419953E-16,1.,0.));
#7005 = ORIENTED_EDGE('',*,*,#7006,.F.);
#7006 = EDGE_CURVE('',#7007,#6999,#7009,.T.);
#7007 = VERTEX_POINT('',#7008);
#7008 = CARTESIAN_POINT('',(25.8445,19.117701383875,9.7663));
#7009 = LINE('',#7010,#7011);
#7010 = CARTESIAN_POINT('',(25.8445,19.117701383875,9.7663));
#7011 = VECTOR('',#7012,1.);
#7012 = DIRECTION('',(-0.,-0.,-1.));
#7013 = ORIENTED_EDGE('',*,*,#7014,.F.);
#7014 = EDGE_CURVE('',#7015,#7007,#7017,.T.);
#7015 = VERTEX_POINT('',#7016);
#7016 = CARTESIAN_POINT('',(25.8445,6.8072,9.7663));
#7017 = LINE('',#7018,#7019);
#7018 = CARTESIAN_POINT('',(25.8445,3.648122834048E-15,9.7663));
#7019 = VECTOR('',#7020,1.);
#7020 = DIRECTION('',(-1.411566419953E-16,1.,0.));
#7021 = ORIENTED_EDGE('',*,*,#7022,.T.);
#7022 = EDGE_CURVE('',#7015,#7023,#7025,.T.);
#7023 = VERTEX_POINT('',#7024);
#7024 = CARTESIAN_POINT('',(25.8445,4.1529,7.4422));
#7025 = LINE('',#7026,#7027);
#7026 = CARTESIAN_POINT('',(25.8445,6.8072,9.7663));
#7027 = VECTOR('',#7028,1.);
#7028 = DIRECTION('',(1.061997157363E-16,-0.752353656442,-0.658759421669
    ));
#7029 = ORIENTED_EDGE('',*,*,#7030,.T.);
#7030 = EDGE_CURVE('',#7023,#6973,#7031,.T.);
#7031 = LINE('',#7032,#7033);
#7032 = CARTESIAN_POINT('',(25.8445,-5.461,7.4422));
#7033 = VECTOR('',#7034,1.);
#7034 = DIRECTION('',(1.411566419953E-16,-1.,-0.));
#7035 = PLANE('',#7036);
#7036 = AXIS2_PLACEMENT_3D('',#7037,#7038,#7039);
#7037 = CARTESIAN_POINT('',(25.8445,3.648122834048E-15,9.7663));
#7038 = DIRECTION('',(-1.,-1.411566419953E-16,0.));
#7039 = DIRECTION('',(1.411566419953E-16,-1.,0.));
#7040 = ADVANCED_FACE('',(#7041),#7107,.F.);
#7041 = FACE_BOUND('',#7042,.T.);
#7042 = EDGE_LOOP('',(#7043,#7053,#7061,#7069,#7077,#7085,#7093,#7101));
#7043 = ORIENTED_EDGE('',*,*,#7044,.T.);
#7044 = EDGE_CURVE('',#7045,#7047,#7049,.T.);
#7045 = VERTEX_POINT('',#7046);
#7046 = CARTESIAN_POINT('',(25.1841,0.,5.5372));
#7047 = VERTEX_POINT('',#7048);
#7048 = CARTESIAN_POINT('',(25.1841,0.,7.4422));
#7049 = LINE('',#7050,#7051);
#7050 = CARTESIAN_POINT('',(25.1841,0.,7.4422));
#7051 = VECTOR('',#7052,1.);
#7052 = DIRECTION('',(0.,0.,1.));
#7053 = ORIENTED_EDGE('',*,*,#7054,.T.);
#7054 = EDGE_CURVE('',#7047,#7055,#7057,.T.);
#7055 = VERTEX_POINT('',#7056);
#7056 = CARTESIAN_POINT('',(25.1841,4.1529,7.4422));
#7057 = LINE('',#7058,#7059);
#7058 = CARTESIAN_POINT('',(25.1841,-5.461,7.4422));
#7059 = VECTOR('',#7060,1.);
#7060 = DIRECTION('',(0.,1.,0.));
#7061 = ORIENTED_EDGE('',*,*,#7062,.T.);
#7062 = EDGE_CURVE('',#7055,#7063,#7065,.T.);
#7063 = VERTEX_POINT('',#7064);
#7064 = CARTESIAN_POINT('',(25.1841,6.8072,9.7663));
#7065 = LINE('',#7066,#7067);
#7066 = CARTESIAN_POINT('',(25.1841,6.8072,9.7663));
#7067 = VECTOR('',#7068,1.);
#7068 = DIRECTION('',(-0.,0.752353656442,0.658759421669));
#7069 = ORIENTED_EDGE('',*,*,#7070,.F.);
#7070 = EDGE_CURVE('',#7071,#7063,#7073,.T.);
#7071 = VERTEX_POINT('',#7072);
#7072 = CARTESIAN_POINT('',(25.1841,19.168501383875,9.7663));
#7073 = LINE('',#7074,#7075);
#7074 = CARTESIAN_POINT('',(25.1841,3.547570761619E-15,9.7663));
#7075 = VECTOR('',#7076,1.);
#7076 = DIRECTION('',(1.408654969453E-16,-1.,0.));
#7077 = ORIENTED_EDGE('',*,*,#7078,.T.);
#7078 = EDGE_CURVE('',#7071,#7079,#7081,.T.);
#7079 = VERTEX_POINT('',#7080);
#7080 = CARTESIAN_POINT('',(25.1841,19.168501383875,3.4163));
#7081 = LINE('',#7082,#7083);
#7082 = CARTESIAN_POINT('',(25.1841,19.168501383875,9.7663));
#7083 = VECTOR('',#7084,1.);
#7084 = DIRECTION('',(-0.,-0.,-1.));
#7085 = ORIENTED_EDGE('',*,*,#7086,.T.);
#7086 = EDGE_CURVE('',#7079,#7087,#7089,.T.);
#7087 = VERTEX_POINT('',#7088);
#7088 = CARTESIAN_POINT('',(25.1841,6.8072,3.4163));
#7089 = LINE('',#7090,#7091);
#7090 = CARTESIAN_POINT('',(25.1841,3.547570761619E-15,3.4163));
#7091 = VECTOR('',#7092,1.);
#7092 = DIRECTION('',(1.408654969453E-16,-1.,0.));
#7093 = ORIENTED_EDGE('',*,*,#7094,.T.);
#7094 = EDGE_CURVE('',#7087,#7095,#7097,.T.);
#7095 = VERTEX_POINT('',#7096);
#7096 = CARTESIAN_POINT('',(25.1841,4.1529,5.5372));
#7097 = LINE('',#7098,#7099);
#7098 = CARTESIAN_POINT('',(25.1841,4.1529,5.5372));
#7099 = VECTOR('',#7100,1.);
#7100 = DIRECTION('',(-0.,-0.781233355279,0.624239092496));
#7101 = ORIENTED_EDGE('',*,*,#7102,.T.);
#7102 = EDGE_CURVE('',#7095,#7045,#7103,.T.);
#7103 = LINE('',#7104,#7105);
#7104 = CARTESIAN_POINT('',(25.1841,-5.461,5.5372));
#7105 = VECTOR('',#7106,1.);
#7106 = DIRECTION('',(-0.,-1.,-0.));
#7107 = PLANE('',#7108);
#7108 = AXIS2_PLACEMENT_3D('',#7109,#7110,#7111);
#7109 = CARTESIAN_POINT('',(25.1841,3.547570761619E-15,9.7663));
#7110 = DIRECTION('',(1.,1.408654969453E-16,-0.));
#7111 = DIRECTION('',(-1.408654969453E-16,1.,0.));
#7112 = ADVANCED_FACE('',(#7113),#7129,.T.);
#7113 = FACE_BOUND('',#7114,.T.);
#7114 = EDGE_LOOP('',(#7115,#7116,#7122,#7123));
#7115 = ORIENTED_EDGE('',*,*,#6982,.F.);
#7116 = ORIENTED_EDGE('',*,*,#7117,.T.);
#7117 = EDGE_CURVE('',#6975,#7045,#7118,.T.);
#7118 = LINE('',#7119,#7120);
#7119 = CARTESIAN_POINT('',(25.1841,0.,5.5372));
#7120 = VECTOR('',#7121,1.);
#7121 = DIRECTION('',(-1.,0.,0.));
#7122 = ORIENTED_EDGE('',*,*,#7102,.F.);
#7123 = ORIENTED_EDGE('',*,*,#7124,.F.);
#7124 = EDGE_CURVE('',#6983,#7095,#7125,.T.);
#7125 = LINE('',#7126,#7127);
#7126 = CARTESIAN_POINT('',(40.286561183917,4.1529,5.5372));
#7127 = VECTOR('',#7128,1.);
#7128 = DIRECTION('',(-1.,-1.408654969453E-16,0.));
#7129 = PLANE('',#7130);
#7130 = AXIS2_PLACEMENT_3D('',#7131,#7132,#7133);
#7131 = CARTESIAN_POINT('',(40.286561183917,-5.461,5.5372));
#7132 = DIRECTION('',(0.,0.,-1.));
#7133 = DIRECTION('',(-1.,0.,0.));
#7134 = ADVANCED_FACE('',(#7135),#7151,.T.);
#7135 = FACE_BOUND('',#7136,.T.);
#7136 = EDGE_LOOP('',(#7137,#7138,#7144,#7145));
#7137 = ORIENTED_EDGE('',*,*,#7054,.F.);
#7138 = ORIENTED_EDGE('',*,*,#7139,.T.);
#7139 = EDGE_CURVE('',#7047,#6973,#7140,.T.);
#7140 = LINE('',#7141,#7142);
#7141 = CARTESIAN_POINT('',(25.8445,0.,7.4422));
#7142 = VECTOR('',#7143,1.);
#7143 = DIRECTION('',(1.,0.,-0.));
#7144 = ORIENTED_EDGE('',*,*,#7030,.F.);
#7145 = ORIENTED_EDGE('',*,*,#7146,.T.);
#7146 = EDGE_CURVE('',#7023,#7055,#7147,.T.);
#7147 = LINE('',#7148,#7149);
#7148 = CARTESIAN_POINT('',(40.286561183917,4.1529,7.4422));
#7149 = VECTOR('',#7150,1.);
#7150 = DIRECTION('',(-1.,-1.408654969453E-16,0.));
#7151 = PLANE('',#7152);
#7152 = AXIS2_PLACEMENT_3D('',#7153,#7154,#7155);
#7153 = CARTESIAN_POINT('',(40.286561183917,-5.461,7.4422));
#7154 = DIRECTION('',(0.,-0.,1.));
#7155 = DIRECTION('',(1.,0.,0.));
#7156 = ADVANCED_FACE('',(#7157),#7184,.T.);
#7157 = FACE_BOUND('',#7158,.T.);
#7158 = EDGE_LOOP('',(#7159,#7168,#7176,#7183));
#7159 = ORIENTED_EDGE('',*,*,#7160,.T.);
#7160 = EDGE_CURVE('',#6999,#7161,#7163,.T.);
#7161 = VERTEX_POINT('',#7162);
#7162 = CARTESIAN_POINT('',(23.427250691938,19.765401383875,3.4163));
#7163 = CIRCLE('',#7164,1.2954);
#7164 = AXIS2_PLACEMENT_3D('',#7165,#7166,#7167);
#7165 = CARTESIAN_POINT('',(24.5491,19.117701383875,3.4163));
#7166 = DIRECTION('',(-0.,0.,1.));
#7167 = DIRECTION('',(1.,0.,0.));
#7168 = ORIENTED_EDGE('',*,*,#7169,.F.);
#7169 = EDGE_CURVE('',#7170,#7161,#7172,.T.);
#7170 = VERTEX_POINT('',#7171);
#7171 = CARTESIAN_POINT('',(23.427250691938,19.765401383875,9.7663));
#7172 = LINE('',#7173,#7174);
#7173 = CARTESIAN_POINT('',(23.427250691938,19.765401383875,9.7663));
#7174 = VECTOR('',#7175,1.);
#7175 = DIRECTION('',(-0.,-0.,-1.));
#7176 = ORIENTED_EDGE('',*,*,#7177,.F.);
#7177 = EDGE_CURVE('',#7007,#7170,#7178,.T.);
#7178 = CIRCLE('',#7179,1.2954);
#7179 = AXIS2_PLACEMENT_3D('',#7180,#7181,#7182);
#7180 = CARTESIAN_POINT('',(24.5491,19.117701383875,9.7663));
#7181 = DIRECTION('',(-0.,0.,1.));
#7182 = DIRECTION('',(1.,0.,0.));
#7183 = ORIENTED_EDGE('',*,*,#7006,.T.);
#7184 = CYLINDRICAL_SURFACE('',#7185,1.2954);
#7185 = AXIS2_PLACEMENT_3D('',#7186,#7187,#7188);
#7186 = CARTESIAN_POINT('',(24.5491,19.117701383875,9.7663));
#7187 = DIRECTION('',(-0.,-0.,-1.));
#7188 = DIRECTION('',(-1.,0.,0.));
#7189 = ADVANCED_FACE('',(#7190),#7215,.F.);
#7190 = FACE_BOUND('',#7191,.T.);
#7191 = EDGE_LOOP('',(#7192,#7200,#7208,#7214));
#7192 = ORIENTED_EDGE('',*,*,#7193,.T.);
#7193 = EDGE_CURVE('',#7161,#7194,#7196,.T.);
#7194 = VERTEX_POINT('',#7195);
#7195 = CARTESIAN_POINT('',(19.508786124349,12.978421665153,3.4163));
#7196 = LINE('',#7197,#7198);
#7197 = CARTESIAN_POINT('',(9.011768161737,-5.202946774053,3.4163));
#7198 = VECTOR('',#7199,1.);
#7199 = DIRECTION('',(-0.5,-0.866025403784,0.));
#7200 = ORIENTED_EDGE('',*,*,#7201,.F.);
#7201 = EDGE_CURVE('',#7202,#7194,#7204,.T.);
#7202 = VERTEX_POINT('',#7203);
#7203 = CARTESIAN_POINT('',(19.508786124349,12.978421665153,9.7663));
#7204 = LINE('',#7205,#7206);
#7205 = CARTESIAN_POINT('',(19.508786124349,12.978421665153,9.7663));
#7206 = VECTOR('',#7207,1.);
#7207 = DIRECTION('',(-0.,-0.,-1.));
#7208 = ORIENTED_EDGE('',*,*,#7209,.F.);
#7209 = EDGE_CURVE('',#7170,#7202,#7210,.T.);
#7210 = LINE('',#7211,#7212);
#7211 = CARTESIAN_POINT('',(9.011768161737,-5.202946774053,9.7663));
#7212 = VECTOR('',#7213,1.);
#7213 = DIRECTION('',(-0.5,-0.866025403784,0.));
#7214 = ORIENTED_EDGE('',*,*,#7169,.T.);
#7215 = PLANE('',#7216);
#7216 = AXIS2_PLACEMENT_3D('',#7217,#7218,#7219);
#7217 = CARTESIAN_POINT('',(9.011768161737,-5.202946774053,9.7663));
#7218 = DIRECTION('',(0.866025403784,-0.5,0.));
#7219 = DIRECTION('',(0.5,0.866025403784,0.));
#7220 = ADVANCED_FACE('',(#7221),#7239,.T.);
#7221 = FACE_BOUND('',#7222,.T.);
#7222 = EDGE_LOOP('',(#7223,#7224,#7231,#7232));
#7223 = ORIENTED_EDGE('',*,*,#6941,.F.);
#7224 = ORIENTED_EDGE('',*,*,#7225,.F.);
#7225 = EDGE_CURVE('',#7202,#6931,#7226,.T.);
#7226 = CIRCLE('',#7227,1.2954);
#7227 = AXIS2_PLACEMENT_3D('',#7228,#7229,#7230);
#7228 = CARTESIAN_POINT('',(20.630635432411,12.330721665153,9.7663));
#7229 = DIRECTION('',(-0.,0.,1.));
#7230 = DIRECTION('',(1.,0.,0.));
#7231 = ORIENTED_EDGE('',*,*,#7201,.T.);
#7232 = ORIENTED_EDGE('',*,*,#7233,.T.);
#7233 = EDGE_CURVE('',#7194,#6942,#7234,.T.);
#7234 = CIRCLE('',#7235,1.2954);
#7235 = AXIS2_PLACEMENT_3D('',#7236,#7237,#7238);
#7236 = CARTESIAN_POINT('',(20.630635432411,12.330721665153,3.4163));
#7237 = DIRECTION('',(-0.,0.,1.));
#7238 = DIRECTION('',(1.,0.,0.));
#7239 = CYLINDRICAL_SURFACE('',#7240,1.2954);
#7240 = AXIS2_PLACEMENT_3D('',#7241,#7242,#7243);
#7241 = CARTESIAN_POINT('',(20.630635432411,12.330721665153,9.7663));
#7242 = DIRECTION('',(-0.,-0.,-1.));
#7243 = DIRECTION('',(-1.,0.,0.));
#7244 = ADVANCED_FACE('',(#7245),#7270,.F.);
#7245 = FACE_BOUND('',#7246,.T.);
#7246 = EDGE_LOOP('',(#7247,#7255,#7263,#7269));
#7247 = ORIENTED_EDGE('',*,*,#7248,.T.);
#7248 = EDGE_CURVE('',#6950,#7249,#7251,.T.);
#7249 = VERTEX_POINT('',#7250);
#7250 = CARTESIAN_POINT('',(20.029380449472,9.569594548286,3.4163));
#7251 = LINE('',#7252,#7253);
#7252 = CARTESIAN_POINT('',(21.080065007461,5.648386395145,3.4163));
#7253 = VECTOR('',#7254,1.);
#7254 = DIRECTION('',(0.258819045103,-0.965925826289,0.));
#7255 = ORIENTED_EDGE('',*,*,#7256,.F.);
#7256 = EDGE_CURVE('',#7257,#7249,#7259,.T.);
#7257 = VERTEX_POINT('',#7258);
#7258 = CARTESIAN_POINT('',(20.029380449472,9.569594548286,9.7663));
#7259 = LINE('',#7260,#7261);
#7260 = CARTESIAN_POINT('',(20.029380449472,9.569594548286,9.7663));
#7261 = VECTOR('',#7262,1.);
#7262 = DIRECTION('',(-0.,-0.,-1.));
#7263 = ORIENTED_EDGE('',*,*,#7264,.F.);
#7264 = EDGE_CURVE('',#6933,#7257,#7265,.T.);
#7265 = LINE('',#7266,#7267);
#7266 = CARTESIAN_POINT('',(21.080065007461,5.648386395145,9.7663));
#7267 = VECTOR('',#7268,1.);
#7268 = DIRECTION('',(0.258819045103,-0.965925826289,0.));
#7269 = ORIENTED_EDGE('',*,*,#6958,.T.);
#7270 = PLANE('',#7271);
#7271 = AXIS2_PLACEMENT_3D('',#7272,#7273,#7274);
#7272 = CARTESIAN_POINT('',(21.080065007461,5.648386395145,9.7663));
#7273 = DIRECTION('',(0.965925826289,0.258819045103,-0.));
#7274 = DIRECTION('',(-0.258819045103,0.965925826289,0.));
#7275 = ADVANCED_FACE('',(#7276),#7301,.F.);
#7276 = FACE_BOUND('',#7277,.T.);
#7277 = EDGE_LOOP('',(#7278,#7286,#7294,#7300));
#7278 = ORIENTED_EDGE('',*,*,#7279,.T.);
#7279 = EDGE_CURVE('',#7249,#7280,#7282,.T.);
#7280 = VERTEX_POINT('',#7281);
#7281 = CARTESIAN_POINT('',(20.642743349166,9.733944641926,3.4163));
#7282 = LINE('',#7283,#7284);
#7283 = CARTESIAN_POINT('',(-1.050684557989,3.921208153141,3.4163));
#7284 = VECTOR('',#7285,1.);
#7285 = DIRECTION('',(0.965925826289,0.258819045103,0.));
#7286 = ORIENTED_EDGE('',*,*,#7287,.F.);
#7287 = EDGE_CURVE('',#7288,#7280,#7290,.T.);
#7288 = VERTEX_POINT('',#7289);
#7289 = CARTESIAN_POINT('',(20.642743349166,9.733944641926,9.7663));
#7290 = LINE('',#7291,#7292);
#7291 = CARTESIAN_POINT('',(20.642743349166,9.733944641926,9.7663));
#7292 = VECTOR('',#7293,1.);
#7293 = DIRECTION('',(-0.,-0.,-1.));
#7294 = ORIENTED_EDGE('',*,*,#7295,.F.);
#7295 = EDGE_CURVE('',#7257,#7288,#7296,.T.);
#7296 = LINE('',#7297,#7298);
#7297 = CARTESIAN_POINT('',(-1.050684557989,3.921208153141,9.7663));
#7298 = VECTOR('',#7299,1.);
#7299 = DIRECTION('',(0.965925826289,0.258819045103,0.));
#7300 = ORIENTED_EDGE('',*,*,#7256,.T.);
#7301 = PLANE('',#7302);
#7302 = AXIS2_PLACEMENT_3D('',#7303,#7304,#7305);
#7303 = CARTESIAN_POINT('',(-1.050684557989,3.921208153141,9.7663));
#7304 = DIRECTION('',(-0.258819045103,0.965925826289,0.));
#7305 = DIRECTION('',(-0.965925826289,-0.258819045103,0.));
#7306 = ADVANCED_FACE('',(#7307),#7332,.F.);
#7307 = FACE_BOUND('',#7308,.T.);
#7308 = EDGE_LOOP('',(#7309,#7317,#7325,#7331));
#7309 = ORIENTED_EDGE('',*,*,#7310,.T.);
#7310 = EDGE_CURVE('',#7280,#7311,#7313,.T.);
#7311 = VERTEX_POINT('',#7312);
#7312 = CARTESIAN_POINT('',(19.99001497522,12.169960097036,3.4163));
#7313 = LINE('',#7314,#7315);
#7314 = CARTESIAN_POINT('',(21.693427907155,5.812736488785,3.4163));
#7315 = VECTOR('',#7316,1.);
#7316 = DIRECTION('',(-0.258819045103,0.965925826289,0.));
#7317 = ORIENTED_EDGE('',*,*,#7318,.F.);
#7318 = EDGE_CURVE('',#7319,#7311,#7321,.T.);
#7319 = VERTEX_POINT('',#7320);
#7320 = CARTESIAN_POINT('',(19.99001497522,12.169960097036,9.7663));
#7321 = LINE('',#7322,#7323);
#7322 = CARTESIAN_POINT('',(19.99001497522,12.169960097036,9.7663));
#7323 = VECTOR('',#7324,1.);
#7324 = DIRECTION('',(-0.,-0.,-1.));
#7325 = ORIENTED_EDGE('',*,*,#7326,.F.);
#7326 = EDGE_CURVE('',#7288,#7319,#7327,.T.);
#7327 = LINE('',#7328,#7329);
#7328 = CARTESIAN_POINT('',(21.693427907155,5.812736488785,9.7663));
#7329 = VECTOR('',#7330,1.);
#7330 = DIRECTION('',(-0.258819045103,0.965925826289,0.));
#7331 = ORIENTED_EDGE('',*,*,#7287,.T.);
#7332 = PLANE('',#7333);
#7333 = AXIS2_PLACEMENT_3D('',#7334,#7335,#7336);
#7334 = CARTESIAN_POINT('',(21.693427907155,5.812736488785,9.7663));
#7335 = DIRECTION('',(-0.965925826289,-0.258819045103,0.));
#7336 = DIRECTION('',(0.258819045103,-0.965925826289,0.));
#7337 = ADVANCED_FACE('',(#7338),#7356,.F.);
#7338 = FACE_BOUND('',#7339,.F.);
#7339 = EDGE_LOOP('',(#7340,#7347,#7348,#7355));
#7340 = ORIENTED_EDGE('',*,*,#7341,.T.);
#7341 = EDGE_CURVE('',#6899,#7311,#7342,.T.);
#7342 = CIRCLE('',#7343,0.635);
#7343 = AXIS2_PLACEMENT_3D('',#7344,#7345,#7346);
#7344 = CARTESIAN_POINT('',(20.603377874913,12.334310190676,3.4163));
#7345 = DIRECTION('',(-0.,0.,1.));
#7346 = DIRECTION('',(1.,0.,0.));
#7347 = ORIENTED_EDGE('',*,*,#7318,.F.);
#7348 = ORIENTED_EDGE('',*,*,#7349,.F.);
#7349 = EDGE_CURVE('',#6908,#7319,#7350,.T.);
#7350 = CIRCLE('',#7351,0.635);
#7351 = AXIS2_PLACEMENT_3D('',#7352,#7353,#7354);
#7352 = CARTESIAN_POINT('',(20.603377874913,12.334310190676,9.7663));
#7353 = DIRECTION('',(-0.,0.,1.));
#7354 = DIRECTION('',(1.,0.,0.));
#7355 = ORIENTED_EDGE('',*,*,#6907,.T.);
#7356 = CYLINDRICAL_SURFACE('',#7357,0.635);
#7357 = AXIS2_PLACEMENT_3D('',#7358,#7359,#7360);
#7358 = CARTESIAN_POINT('',(20.603377874913,12.334310190676,9.7663));
#7359 = DIRECTION('',(-0.,-0.,-1.));
#7360 = DIRECTION('',(-1.,0.,0.));
#7361 = ADVANCED_FACE('',(#7362),#7387,.F.);
#7362 = FACE_BOUND('',#7363,.T.);
#7363 = EDGE_LOOP('',(#7364,#7372,#7380,#7386));
#7364 = ORIENTED_EDGE('',*,*,#7365,.T.);
#7365 = EDGE_CURVE('',#6891,#7366,#7368,.T.);
#7366 = VERTEX_POINT('',#7367);
#7367 = CARTESIAN_POINT('',(23.999173868597,19.486001383875,3.4163));
#7368 = LINE('',#7369,#7370);
#7369 = CARTESIAN_POINT('',(9.56169429314,-5.520446774053,3.4163));
#7370 = VECTOR('',#7371,1.);
#7371 = DIRECTION('',(0.5,0.866025403784,0.));
#7372 = ORIENTED_EDGE('',*,*,#7373,.F.);
#7373 = EDGE_CURVE('',#7374,#7366,#7376,.T.);
#7374 = VERTEX_POINT('',#7375);
#7375 = CARTESIAN_POINT('',(23.999173868597,19.486001383875,9.7663));
#7376 = LINE('',#7377,#7378);
#7377 = CARTESIAN_POINT('',(23.999173868597,19.486001383875,9.7663));
#7378 = VECTOR('',#7379,1.);
#7379 = DIRECTION('',(-0.,-0.,-1.));
#7380 = ORIENTED_EDGE('',*,*,#7381,.F.);
#7381 = EDGE_CURVE('',#6889,#7374,#7382,.T.);
#7382 = LINE('',#7383,#7384);
#7383 = CARTESIAN_POINT('',(9.56169429314,-5.520446774053,9.7663));
#7384 = VECTOR('',#7385,1.);
#7385 = DIRECTION('',(0.5,0.866025403784,0.));
#7386 = ORIENTED_EDGE('',*,*,#6888,.T.);
#7387 = PLANE('',#7388);
#7388 = AXIS2_PLACEMENT_3D('',#7389,#7390,#7391);
#7389 = CARTESIAN_POINT('',(9.56169429314,-5.520446774053,9.7663));
#7390 = DIRECTION('',(-0.866025403784,0.5,0.));
#7391 = DIRECTION('',(-0.5,-0.866025403784,0.));
#7392 = ADVANCED_FACE('',(#7393),#7411,.F.);
#7393 = FACE_BOUND('',#7394,.F.);
#7394 = EDGE_LOOP('',(#7395,#7396,#7403,#7404));
#7395 = ORIENTED_EDGE('',*,*,#7373,.F.);
#7396 = ORIENTED_EDGE('',*,*,#7397,.F.);
#7397 = EDGE_CURVE('',#7071,#7374,#7398,.T.);
#7398 = CIRCLE('',#7399,0.635);
#7399 = AXIS2_PLACEMENT_3D('',#7400,#7401,#7402);
#7400 = CARTESIAN_POINT('',(24.5491,19.168501383875,9.7663));
#7401 = DIRECTION('',(-0.,0.,1.));
#7402 = DIRECTION('',(1.,0.,0.));
#7403 = ORIENTED_EDGE('',*,*,#7078,.T.);
#7404 = ORIENTED_EDGE('',*,*,#7405,.T.);
#7405 = EDGE_CURVE('',#7079,#7366,#7406,.T.);
#7406 = CIRCLE('',#7407,0.635);
#7407 = AXIS2_PLACEMENT_3D('',#7408,#7409,#7410);
#7408 = CARTESIAN_POINT('',(24.5491,19.168501383875,3.4163));
#7409 = DIRECTION('',(-0.,0.,1.));
#7410 = DIRECTION('',(1.,0.,0.));
#7411 = CYLINDRICAL_SURFACE('',#7412,0.635);
#7412 = AXIS2_PLACEMENT_3D('',#7413,#7414,#7415);
#7413 = CARTESIAN_POINT('',(24.5491,19.168501383875,9.7663));
#7414 = DIRECTION('',(-0.,-0.,-1.));
#7415 = DIRECTION('',(-1.,0.,0.));
#7416 = ADVANCED_FACE('',(#7417),#7438,.T.);
#7417 = FACE_BOUND('',#7418,.T.);
#7418 = EDGE_LOOP('',(#7419,#7420,#7421,#7422,#7423,#7424,#7425,#7426,
    #7427,#7428,#7429,#7430,#7431,#7432));
#7419 = ORIENTED_EDGE('',*,*,#7014,.T.);
#7420 = ORIENTED_EDGE('',*,*,#7177,.T.);
#7421 = ORIENTED_EDGE('',*,*,#7209,.T.);
#7422 = ORIENTED_EDGE('',*,*,#7225,.T.);
#7423 = ORIENTED_EDGE('',*,*,#6930,.T.);
#7424 = ORIENTED_EDGE('',*,*,#7264,.T.);
#7425 = ORIENTED_EDGE('',*,*,#7295,.T.);
#7426 = ORIENTED_EDGE('',*,*,#7326,.T.);
#7427 = ORIENTED_EDGE('',*,*,#7349,.F.);
#7428 = ORIENTED_EDGE('',*,*,#6915,.F.);
#7429 = ORIENTED_EDGE('',*,*,#7381,.T.);
#7430 = ORIENTED_EDGE('',*,*,#7397,.F.);
#7431 = ORIENTED_EDGE('',*,*,#7070,.T.);
#7432 = ORIENTED_EDGE('',*,*,#7433,.T.);
#7433 = EDGE_CURVE('',#7063,#7015,#7434,.T.);
#7434 = LINE('',#7435,#7436);
#7435 = CARTESIAN_POINT('',(0.,6.8072,9.7663));
#7436 = VECTOR('',#7437,1.);
#7437 = DIRECTION('',(1.,0.,0.));
#7438 = PLANE('',#7439);
#7439 = AXIS2_PLACEMENT_3D('',#7440,#7441,#7442);
#7440 = CARTESIAN_POINT('',(0.,0.,9.7663));
#7441 = DIRECTION('',(-0.,0.,1.));
#7442 = DIRECTION('',(1.,0.,0.));
#7443 = ADVANCED_FACE('',(#7444),#7465,.F.);
#7444 = FACE_BOUND('',#7445,.T.);
#7445 = EDGE_LOOP('',(#7446,#7447,#7453,#7454,#7455,#7456,#7457,#7458,
    #7459,#7460,#7461,#7462,#7463,#7464));
#7446 = ORIENTED_EDGE('',*,*,#6998,.F.);
#7447 = ORIENTED_EDGE('',*,*,#7448,.F.);
#7448 = EDGE_CURVE('',#7087,#6991,#7449,.T.);
#7449 = LINE('',#7450,#7451);
#7450 = CARTESIAN_POINT('',(-0.,6.8072,3.4163));
#7451 = VECTOR('',#7452,1.);
#7452 = DIRECTION('',(1.,0.,0.));
#7453 = ORIENTED_EDGE('',*,*,#7086,.F.);
#7454 = ORIENTED_EDGE('',*,*,#7405,.T.);
#7455 = ORIENTED_EDGE('',*,*,#7365,.F.);
#7456 = ORIENTED_EDGE('',*,*,#6898,.T.);
#7457 = ORIENTED_EDGE('',*,*,#7341,.T.);
#7458 = ORIENTED_EDGE('',*,*,#7310,.F.);
#7459 = ORIENTED_EDGE('',*,*,#7279,.F.);
#7460 = ORIENTED_EDGE('',*,*,#7248,.F.);
#7461 = ORIENTED_EDGE('',*,*,#6949,.F.);
#7462 = ORIENTED_EDGE('',*,*,#7233,.F.);
#7463 = ORIENTED_EDGE('',*,*,#7193,.F.);
#7464 = ORIENTED_EDGE('',*,*,#7160,.F.);
#7465 = PLANE('',#7466);
#7466 = AXIS2_PLACEMENT_3D('',#7467,#7468,#7469);
#7467 = CARTESIAN_POINT('',(0.,0.,3.4163));
#7468 = DIRECTION('',(-0.,0.,1.));
#7469 = DIRECTION('',(1.,0.,0.));
#7470 = ADVANCED_FACE('',(#7471),#7477,.T.);
#7471 = FACE_BOUND('',#7472,.T.);
#7472 = EDGE_LOOP('',(#7473,#7474,#7475,#7476));
#7473 = ORIENTED_EDGE('',*,*,#6990,.F.);
#7474 = ORIENTED_EDGE('',*,*,#7124,.T.);
#7475 = ORIENTED_EDGE('',*,*,#7094,.F.);
#7476 = ORIENTED_EDGE('',*,*,#7448,.T.);
#7477 = PLANE('',#7478);
#7478 = AXIS2_PLACEMENT_3D('',#7479,#7480,#7481);
#7479 = CARTESIAN_POINT('',(40.286561183917,4.1529,5.5372));
#7480 = DIRECTION('',(8.793374997705E-17,-0.624239092496,-0.781233355279
    ));
#7481 = DIRECTION('',(0.,0.781233355279,-0.624239092496));
#7482 = ADVANCED_FACE('',(#7483),#7489,.T.);
#7483 = FACE_BOUND('',#7484,.T.);
#7484 = EDGE_LOOP('',(#7485,#7486,#7487,#7488));
#7485 = ORIENTED_EDGE('',*,*,#7022,.F.);
#7486 = ORIENTED_EDGE('',*,*,#7433,.F.);
#7487 = ORIENTED_EDGE('',*,*,#7062,.F.);
#7488 = ORIENTED_EDGE('',*,*,#7146,.F.);
#7489 = PLANE('',#7490);
#7490 = AXIS2_PLACEMENT_3D('',#7491,#7492,#7493);
#7491 = CARTESIAN_POINT('',(40.286561183917,6.8072,9.7663));
#7492 = DIRECTION('',(9.279647330083E-17,-0.658759421669,0.752353656442)
  );
#7493 = DIRECTION('',(0.,-0.752353656442,-0.658759421669));
#7494 = ADVANCED_FACE('',(#7495),#7529,.T.);
#7495 = FACE_BOUND('',#7496,.T.);
#7496 = EDGE_LOOP('',(#7497,#7507,#7515,#7523));
#7497 = ORIENTED_EDGE('',*,*,#7498,.T.);
#7498 = EDGE_CURVE('',#7499,#7501,#7503,.T.);
#7499 = VERTEX_POINT('',#7500);
#7500 = CARTESIAN_POINT('',(25.3619,0.,7.3787));
#7501 = VERTEX_POINT('',#7502);
#7502 = CARTESIAN_POINT('',(25.3619,-5.461,7.3787));
#7503 = LINE('',#7504,#7505);
#7504 = CARTESIAN_POINT('',(25.3619,2.016222497643,7.3787));
#7505 = VECTOR('',#7506,1.);
#7506 = DIRECTION('',(1.408654969453E-16,-1.,-0.));
#7507 = ORIENTED_EDGE('',*,*,#7508,.F.);
#7508 = EDGE_CURVE('',#7509,#7501,#7511,.T.);
#7509 = VERTEX_POINT('',#7510);
#7510 = CARTESIAN_POINT('',(25.6667,-5.461,7.3787));
#7511 = LINE('',#7512,#7513);
#7512 = CARTESIAN_POINT('',(25.3619,-5.461,7.3787));
#7513 = VECTOR('',#7514,1.);
#7514 = DIRECTION('',(-1.,-0.,-0.));
#7515 = ORIENTED_EDGE('',*,*,#7516,.F.);
#7516 = EDGE_CURVE('',#7517,#7509,#7519,.T.);
#7517 = VERTEX_POINT('',#7518);
#7518 = CARTESIAN_POINT('',(25.6667,0.,7.3787));
#7519 = LINE('',#7520,#7521);
#7520 = CARTESIAN_POINT('',(25.6667,2.016222497643,7.3787));
#7521 = VECTOR('',#7522,1.);
#7522 = DIRECTION('',(1.408654969453E-16,-1.,-0.));
#7523 = ORIENTED_EDGE('',*,*,#7524,.F.);
#7524 = EDGE_CURVE('',#7499,#7517,#7525,.T.);
#7525 = LINE('',#7526,#7527);
#7526 = CARTESIAN_POINT('',(25.3619,0.,7.3787));
#7527 = VECTOR('',#7528,1.);
#7528 = DIRECTION('',(1.,0.,0.));
#7529 = PLANE('',#7530);
#7530 = AXIS2_PLACEMENT_3D('',#7531,#7532,#7533);
#7531 = CARTESIAN_POINT('',(25.3619,2.016222497643,7.3787));
#7532 = DIRECTION('',(0.,-0.,1.));
#7533 = DIRECTION('',(1.,0.,0.));
#7534 = ADVANCED_FACE('',(#7535),#7560,.T.);
#7535 = FACE_BOUND('',#7536,.T.);
#7536 = EDGE_LOOP('',(#7537,#7547,#7553,#7554));
#7537 = ORIENTED_EDGE('',*,*,#7538,.T.);
#7538 = EDGE_CURVE('',#7539,#7541,#7543,.T.);
#7539 = VERTEX_POINT('',#7540);
#7540 = CARTESIAN_POINT('',(25.3619,0.,5.6007));
#7541 = VERTEX_POINT('',#7542);
#7542 = CARTESIAN_POINT('',(25.3619,-5.461,5.6007));
#7543 = LINE('',#7544,#7545);
#7544 = CARTESIAN_POINT('',(25.3619,2.016222497643,5.6007));
#7545 = VECTOR('',#7546,1.);
#7546 = DIRECTION('',(1.408654969453E-16,-1.,-0.));
#7547 = ORIENTED_EDGE('',*,*,#7548,.F.);
#7548 = EDGE_CURVE('',#7501,#7541,#7549,.T.);
#7549 = LINE('',#7550,#7551);
#7550 = CARTESIAN_POINT('',(25.3619,-5.461,7.3787));
#7551 = VECTOR('',#7552,1.);
#7552 = DIRECTION('',(0.,0.,-1.));
#7553 = ORIENTED_EDGE('',*,*,#7498,.F.);
#7554 = ORIENTED_EDGE('',*,*,#7555,.F.);
#7555 = EDGE_CURVE('',#7539,#7499,#7556,.T.);
#7556 = LINE('',#7557,#7558);
#7557 = CARTESIAN_POINT('',(25.3619,0.,7.3787));
#7558 = VECTOR('',#7559,1.);
#7559 = DIRECTION('',(0.,0.,1.));
#7560 = PLANE('',#7561);
#7561 = AXIS2_PLACEMENT_3D('',#7562,#7563,#7564);
#7562 = CARTESIAN_POINT('',(25.3619,2.016222497643,7.3787));
#7563 = DIRECTION('',(-1.,-1.408654969453E-16,0.));
#7564 = DIRECTION('',(1.408654969453E-16,-1.,0.));
#7565 = ADVANCED_FACE('',(#7566),#7591,.T.);
#7566 = FACE_BOUND('',#7567,.T.);
#7567 = EDGE_LOOP('',(#7568,#7578,#7584,#7585));
#7568 = ORIENTED_EDGE('',*,*,#7569,.T.);
#7569 = EDGE_CURVE('',#7570,#7572,#7574,.T.);
#7570 = VERTEX_POINT('',#7571);
#7571 = CARTESIAN_POINT('',(25.6667,0.,5.6007));
#7572 = VERTEX_POINT('',#7573);
#7573 = CARTESIAN_POINT('',(25.6667,-5.461,5.6007));
#7574 = LINE('',#7575,#7576);
#7575 = CARTESIAN_POINT('',(25.6667,2.016222497643,5.6007));
#7576 = VECTOR('',#7577,1.);
#7577 = DIRECTION('',(1.408654969453E-16,-1.,-0.));
#7578 = ORIENTED_EDGE('',*,*,#7579,.F.);
#7579 = EDGE_CURVE('',#7541,#7572,#7580,.T.);
#7580 = LINE('',#7581,#7582);
#7581 = CARTESIAN_POINT('',(25.3619,-5.461,5.6007));
#7582 = VECTOR('',#7583,1.);
#7583 = DIRECTION('',(1.,0.,0.));
#7584 = ORIENTED_EDGE('',*,*,#7538,.F.);
#7585 = ORIENTED_EDGE('',*,*,#7586,.F.);
#7586 = EDGE_CURVE('',#7570,#7539,#7587,.T.);
#7587 = LINE('',#7588,#7589);
#7588 = CARTESIAN_POINT('',(25.3619,0.,5.6007));
#7589 = VECTOR('',#7590,1.);
#7590 = DIRECTION('',(-1.,0.,0.));
#7591 = PLANE('',#7592);
#7592 = AXIS2_PLACEMENT_3D('',#7593,#7594,#7595);
#7593 = CARTESIAN_POINT('',(25.3619,2.016222497643,5.6007));
#7594 = DIRECTION('',(0.,0.,-1.));
#7595 = DIRECTION('',(-1.,0.,-0.));
#7596 = ADVANCED_FACE('',(#7597),#7613,.T.);
#7597 = FACE_BOUND('',#7598,.T.);
#7598 = EDGE_LOOP('',(#7599,#7600,#7606,#7607));
#7599 = ORIENTED_EDGE('',*,*,#7516,.T.);
#7600 = ORIENTED_EDGE('',*,*,#7601,.F.);
#7601 = EDGE_CURVE('',#7572,#7509,#7602,.T.);
#7602 = LINE('',#7603,#7604);
#7603 = CARTESIAN_POINT('',(25.6667,-5.461,7.3787));
#7604 = VECTOR('',#7605,1.);
#7605 = DIRECTION('',(-0.,-0.,1.));
#7606 = ORIENTED_EDGE('',*,*,#7569,.F.);
#7607 = ORIENTED_EDGE('',*,*,#7608,.F.);
#7608 = EDGE_CURVE('',#7517,#7570,#7609,.T.);
#7609 = LINE('',#7610,#7611);
#7610 = CARTESIAN_POINT('',(25.6667,0.,7.3787));
#7611 = VECTOR('',#7612,1.);
#7612 = DIRECTION('',(0.,0.,-1.));
#7613 = PLANE('',#7614);
#7614 = AXIS2_PLACEMENT_3D('',#7615,#7616,#7617);
#7615 = CARTESIAN_POINT('',(25.6667,2.016222497643,7.3787));
#7616 = DIRECTION('',(1.,1.408654969453E-16,0.));
#7617 = DIRECTION('',(-1.408654969453E-16,1.,0.));
#7618 = ADVANCED_FACE('',(#7619,#7625),#7631,.T.);
#7619 = FACE_BOUND('',#7620,.T.);
#7620 = EDGE_LOOP('',(#7621,#7622,#7623,#7624));
#7621 = ORIENTED_EDGE('',*,*,#7117,.F.);
#7622 = ORIENTED_EDGE('',*,*,#6972,.F.);
#7623 = ORIENTED_EDGE('',*,*,#7139,.F.);
#7624 = ORIENTED_EDGE('',*,*,#7044,.F.);
#7625 = FACE_BOUND('',#7626,.T.);
#7626 = EDGE_LOOP('',(#7627,#7628,#7629,#7630));
#7627 = ORIENTED_EDGE('',*,*,#7524,.T.);
#7628 = ORIENTED_EDGE('',*,*,#7608,.T.);
#7629 = ORIENTED_EDGE('',*,*,#7586,.T.);
#7630 = ORIENTED_EDGE('',*,*,#7555,.T.);
#7631 = PLANE('',#7632);
#7632 = AXIS2_PLACEMENT_3D('',#7633,#7634,#7635);
#7633 = CARTESIAN_POINT('',(0.,0.,0.));
#7634 = DIRECTION('',(0.,-1.,0.));
#7635 = DIRECTION('',(0.,-0.,-1.));
#7636 = ADVANCED_FACE('',(#7637),#7643,.T.);
#7637 = FACE_BOUND('',#7638,.T.);
#7638 = EDGE_LOOP('',(#7639,#7640,#7641,#7642));
#7639 = ORIENTED_EDGE('',*,*,#7601,.T.);
#7640 = ORIENTED_EDGE('',*,*,#7508,.T.);
#7641 = ORIENTED_EDGE('',*,*,#7548,.T.);
#7642 = ORIENTED_EDGE('',*,*,#7579,.T.);
#7643 = PLANE('',#7644);
#7644 = AXIS2_PLACEMENT_3D('',#7645,#7646,#7647);
#7645 = CARTESIAN_POINT('',(40.286561183917,-5.461,5.5372));
#7646 = DIRECTION('',(1.408654969453E-16,-1.,0.));
#7647 = DIRECTION('',(1.,1.408654969453E-16,0.));
#7648 = ( GEOMETRIC_REPRESENTATION_CONTEXT(3) 
GLOBAL_UNCERTAINTY_ASSIGNED_CONTEXT((#7652)) 
GLOBAL_UNIT_ASSIGNED_CONTEXT((#7649,#7650,#7651)) REPRESENTATION_CONTEXT
('Context #1','3D Context with UNIT and UNCERTAINTY') );
#7649 = ( LENGTH_UNIT() NAMED_UNIT(*) SI_UNIT(.MILLI.,.METRE.) );
#7650 = ( NAMED_UNIT(*) PLANE_ANGLE_UNIT() SI_UNIT($,.RADIAN.) );
#7651 = ( NAMED_UNIT(*) SI_UNIT($,.STERADIAN.) SOLID_ANGLE_UNIT() );
#7652 = UNCERTAINTY_MEASURE_WITH_UNIT(LENGTH_MEASURE(1.E-07),#7649,
  'distance_accuracy_value','confusion accuracy');
#7653 = CONTEXT_DEPENDENT_SHAPE_REPRESENTATION(#7654,#7656);
#7654 = ( REPRESENTATION_RELATIONSHIP('','',#1747,#10) 
REPRESENTATION_RELATIONSHIP_WITH_TRANSFORMATION(#7655) 
SHAPE_REPRESENTATION_RELATIONSHIP() );
#7655 = ITEM_DEFINED_TRANSFORMATION('','',#11,#19);
#7656 = PRODUCT_DEFINITION_SHAPE('Placement','Placement of an item',
  #7657);
#7657 = NEXT_ASSEMBLY_USAGE_OCCURRENCE('2','BT1','',#5,#1742,$);
#7658 = PRODUCT_RELATED_PRODUCT_CATEGORY('part',$,(#1744));
#7659 = SHAPE_DEFINITION_REPRESENTATION(#7660,#7666);
#7660 = PRODUCT_DEFINITION_SHAPE('','',#7661);
#7661 = PRODUCT_DEFINITION('design','',#7662,#7665);
#7662 = PRODUCT_DEFINITION_FORMATION('','',#7663);
#7663 = PRODUCT('R_Axial_DIN0207_L6.3mm_D2.5mm_P15.24mm_Horizontal',
  'R_Axial_DIN0207_L6.3mm_D2.5mm_P15.24mm_Horizontal','',(#7664));
#7664 = PRODUCT_CONTEXT('',#2,'mechanical');
#7665 = PRODUCT_DEFINITION_CONTEXT('part definition',#2,'design');
#7666 = ADVANCED_BREP_SHAPE_REPRESENTATION('',(#11,#7667),#8054);
#7667 = MANIFOLD_SOLID_BREP('',#7668);
#7668 = CLOSED_SHELL('',(#7669,#7702,#7728,#7748,#7768,#7793,#7818,#7838
    ,#7864,#7889,#7914,#7940,#7949,#7969,#7994,#8020,#8045));
#7669 = ADVANCED_FACE('',(#7670),#7697,.T.);
#7670 = FACE_BOUND('',#7671,.T.);
#7671 = EDGE_LOOP('',(#7672,#7681,#7689,#7696));
#7672 = ORIENTED_EDGE('',*,*,#7673,.T.);
#7673 = EDGE_CURVE('',#7674,#7674,#7676,.T.);
#7674 = VERTEX_POINT('',#7675);
#7675 = CARTESIAN_POINT('',(5.095,1.25,1.25));
#7676 = CIRCLE('',#7677,1.25);
#7677 = AXIS2_PLACEMENT_3D('',#7678,#7679,#7680);
#7678 = CARTESIAN_POINT('',(5.095,0.,1.25));
#7679 = DIRECTION('',(1.,0.,0.));
#7680 = DIRECTION('',(-0.,1.,0.));
#7681 = ORIENTED_EDGE('',*,*,#7682,.T.);
#7682 = EDGE_CURVE('',#7674,#7683,#7685,.T.);
#7683 = VERTEX_POINT('',#7684);
#7684 = CARTESIAN_POINT('',(6.045,1.25,1.25));
#7685 = LINE('',#7686,#7687);
#7686 = CARTESIAN_POINT('',(4.47,1.25,1.25));
#7687 = VECTOR('',#7688,1.);
#7688 = DIRECTION('',(1.,0.,0.));
#7689 = ORIENTED_EDGE('',*,*,#7690,.F.);
#7690 = EDGE_CURVE('',#7683,#7683,#7691,.T.);
#7691 = CIRCLE('',#7692,1.25);
#7692 = AXIS2_PLACEMENT_3D('',#7693,#7694,#7695);
#7693 = CARTESIAN_POINT('',(6.045,0.,1.25));
#7694 = DIRECTION('',(1.,0.,0.));
#7695 = DIRECTION('',(-0.,1.,0.));
#7696 = ORIENTED_EDGE('',*,*,#7682,.F.);
#7697 = CYLINDRICAL_SURFACE('',#7698,1.25);
#7698 = AXIS2_PLACEMENT_3D('',#7699,#7700,#7701);
#7699 = CARTESIAN_POINT('',(4.47,0.,1.25));
#7700 = DIRECTION('',(-1.,-0.,-0.));
#7701 = DIRECTION('',(0.,1.,0.));
#7702 = ADVANCED_FACE('',(#7703),#7723,.T.);
#7703 = FACE_BOUND('',#7704,.T.);
#7704 = EDGE_LOOP('',(#7705,#7714,#7721,#7722));
#7705 = ORIENTED_EDGE('',*,*,#7706,.T.);
#7706 = EDGE_CURVE('',#7707,#7707,#7709,.T.);
#7707 = VERTEX_POINT('',#7708);
#7708 = CARTESIAN_POINT('',(4.47,0.625,1.25));
#7709 = CIRCLE('',#7710,0.625);
#7710 = AXIS2_PLACEMENT_3D('',#7711,#7712,#7713);
#7711 = CARTESIAN_POINT('',(4.47,0.,1.25));
#7712 = DIRECTION('',(1.,0.,0.));
#7713 = DIRECTION('',(-0.,1.,0.));
#7714 = ORIENTED_EDGE('',*,*,#7715,.F.);
#7715 = EDGE_CURVE('',#7674,#7707,#7716,.T.);
#7716 = CIRCLE('',#7717,0.625);
#7717 = AXIS2_PLACEMENT_3D('',#7718,#7719,#7720);
#7718 = CARTESIAN_POINT('',(5.095,0.625,1.25));
#7719 = DIRECTION('',(0.,-0.,1.));
#7720 = DIRECTION('',(0.,1.,0.));
#7721 = ORIENTED_EDGE('',*,*,#7673,.F.);
#7722 = ORIENTED_EDGE('',*,*,#7715,.T.);
#7723 = TOROIDAL_SURFACE('',#7724,0.625,0.625);
#7724 = AXIS2_PLACEMENT_3D('',#7725,#7726,#7727);
#7725 = CARTESIAN_POINT('',(5.095,0.,1.25));
#7726 = DIRECTION('',(-1.,0.,0.));
#7727 = DIRECTION('',(0.,1.,0.));
#7728 = ADVANCED_FACE('',(#7729,#7732),#7743,.F.);
#7729 = FACE_BOUND('',#7730,.F.);
#7730 = EDGE_LOOP('',(#7731));
#7731 = ORIENTED_EDGE('',*,*,#7690,.F.);
#7732 = FACE_BOUND('',#7733,.F.);
#7733 = EDGE_LOOP('',(#7734));
#7734 = ORIENTED_EDGE('',*,*,#7735,.F.);
#7735 = EDGE_CURVE('',#7736,#7736,#7738,.T.);
#7736 = VERTEX_POINT('',#7737);
#7737 = CARTESIAN_POINT('',(6.045,1.125,1.25));
#7738 = CIRCLE('',#7739,1.125);
#7739 = AXIS2_PLACEMENT_3D('',#7740,#7741,#7742);
#7740 = CARTESIAN_POINT('',(6.045,0.,1.25));
#7741 = DIRECTION('',(-1.,0.,0.));
#7742 = DIRECTION('',(0.,1.,0.));
#7743 = PLANE('',#7744);
#7744 = AXIS2_PLACEMENT_3D('',#7745,#7746,#7747);
#7745 = CARTESIAN_POINT('',(6.045,1.25,1.25));
#7746 = DIRECTION('',(-1.,0.,0.));
#7747 = DIRECTION('',(0.,0.,-1.));
#7748 = ADVANCED_FACE('',(#7749,#7752),#7763,.T.);
#7749 = FACE_BOUND('',#7750,.T.);
#7750 = EDGE_LOOP('',(#7751));
#7751 = ORIENTED_EDGE('',*,*,#7706,.F.);
#7752 = FACE_BOUND('',#7753,.T.);
#7753 = EDGE_LOOP('',(#7754));
#7754 = ORIENTED_EDGE('',*,*,#7755,.T.);
#7755 = EDGE_CURVE('',#7756,#7756,#7758,.T.);
#7756 = VERTEX_POINT('',#7757);
#7757 = CARTESIAN_POINT('',(4.47,0.,0.95));
#7758 = CIRCLE('',#7759,0.3);
#7759 = AXIS2_PLACEMENT_3D('',#7760,#7761,#7762);
#7760 = CARTESIAN_POINT('',(4.47,0.,1.25));
#7761 = DIRECTION('',(1.,-0.,0.));
#7762 = DIRECTION('',(0.,0.,-1.));
#7763 = PLANE('',#7764);
#7764 = AXIS2_PLACEMENT_3D('',#7765,#7766,#7767);
#7765 = CARTESIAN_POINT('',(4.47,1.25,1.25));
#7766 = DIRECTION('',(-1.,0.,0.));
#7767 = DIRECTION('',(0.,0.,-1.));
#7768 = ADVANCED_FACE('',(#7769),#7788,.T.);
#7769 = FACE_BOUND('',#7770,.T.);
#7770 = EDGE_LOOP('',(#7771,#7780,#7786,#7787));
#7771 = ORIENTED_EDGE('',*,*,#7772,.T.);
#7772 = EDGE_CURVE('',#7773,#7773,#7775,.T.);
#7773 = VERTEX_POINT('',#7774);
#7774 = CARTESIAN_POINT('',(9.195,1.125,1.25));
#7775 = CIRCLE('',#7776,1.125);
#7776 = AXIS2_PLACEMENT_3D('',#7777,#7778,#7779);
#7777 = CARTESIAN_POINT('',(9.195,0.,1.25));
#7778 = DIRECTION('',(-1.,0.,0.));
#7779 = DIRECTION('',(0.,1.,0.));
#7780 = ORIENTED_EDGE('',*,*,#7781,.F.);
#7781 = EDGE_CURVE('',#7736,#7773,#7782,.T.);
#7782 = LINE('',#7783,#7784);
#7783 = CARTESIAN_POINT('',(4.47,1.125,1.25));
#7784 = VECTOR('',#7785,1.);
#7785 = DIRECTION('',(1.,0.,0.));
#7786 = ORIENTED_EDGE('',*,*,#7735,.F.);
#7787 = ORIENTED_EDGE('',*,*,#7781,.T.);
#7788 = CYLINDRICAL_SURFACE('',#7789,1.125);
#7789 = AXIS2_PLACEMENT_3D('',#7790,#7791,#7792);
#7790 = CARTESIAN_POINT('',(4.47,0.,1.25));
#7791 = DIRECTION('',(-1.,-0.,-0.));
#7792 = DIRECTION('',(0.,1.,0.));
#7793 = ADVANCED_FACE('',(#7794),#7813,.T.);
#7794 = FACE_BOUND('',#7795,.T.);
#7795 = EDGE_LOOP('',(#7796,#7805,#7811,#7812));
#7796 = ORIENTED_EDGE('',*,*,#7797,.F.);
#7797 = EDGE_CURVE('',#7798,#7798,#7800,.T.);
#7798 = VERTEX_POINT('',#7799);
#7799 = CARTESIAN_POINT('',(0.9,0.,0.95));
#7800 = CIRCLE('',#7801,0.3);
#7801 = AXIS2_PLACEMENT_3D('',#7802,#7803,#7804);
#7802 = CARTESIAN_POINT('',(0.9,0.,1.25));
#7803 = DIRECTION('',(-1.,0.,-1.188909441847E-17));
#7804 = DIRECTION('',(-1.188909441847E-17,0.,1.));
#7805 = ORIENTED_EDGE('',*,*,#7806,.T.);
#7806 = EDGE_CURVE('',#7798,#7756,#7807,.T.);
#7807 = LINE('',#7808,#7809);
#7808 = CARTESIAN_POINT('',(0.9,0.,0.95));
#7809 = VECTOR('',#7810,1.);
#7810 = DIRECTION('',(1.,0.,0.));
#7811 = ORIENTED_EDGE('',*,*,#7755,.F.);
#7812 = ORIENTED_EDGE('',*,*,#7806,.F.);
#7813 = CYLINDRICAL_SURFACE('',#7814,0.3);
#7814 = AXIS2_PLACEMENT_3D('',#7815,#7816,#7817);
#7815 = CARTESIAN_POINT('',(0.9,0.,1.25));
#7816 = DIRECTION('',(1.,0.,0.));
#7817 = DIRECTION('',(0.,0.,-1.));
#7818 = ADVANCED_FACE('',(#7819,#7830),#7833,.T.);
#7819 = FACE_BOUND('',#7820,.T.);
#7820 = EDGE_LOOP('',(#7821));
#7821 = ORIENTED_EDGE('',*,*,#7822,.F.);
#7822 = EDGE_CURVE('',#7823,#7823,#7825,.T.);
#7823 = VERTEX_POINT('',#7824);
#7824 = CARTESIAN_POINT('',(9.195,1.25,1.25));
#7825 = CIRCLE('',#7826,1.25);
#7826 = AXIS2_PLACEMENT_3D('',#7827,#7828,#7829);
#7827 = CARTESIAN_POINT('',(9.195,0.,1.25));
#7828 = DIRECTION('',(1.,0.,0.));
#7829 = DIRECTION('',(-0.,1.,0.));
#7830 = FACE_BOUND('',#7831,.T.);
#7831 = EDGE_LOOP('',(#7832));
#7832 = ORIENTED_EDGE('',*,*,#7772,.F.);
#7833 = PLANE('',#7834);
#7834 = AXIS2_PLACEMENT_3D('',#7835,#7836,#7837);
#7835 = CARTESIAN_POINT('',(9.195,1.25,1.25));
#7836 = DIRECTION('',(-1.,0.,0.));
#7837 = DIRECTION('',(0.,0.,-1.));
#7838 = ADVANCED_FACE('',(#7839),#7859,.T.);
#7839 = FACE_BOUND('',#7840,.T.);
#7840 = EDGE_LOOP('',(#7841,#7850,#7851,#7852));
#7841 = ORIENTED_EDGE('',*,*,#7842,.T.);
#7842 = EDGE_CURVE('',#7843,#7798,#7845,.T.);
#7843 = VERTEX_POINT('',#7844);
#7844 = CARTESIAN_POINT('',(0.3,0.,0.35));
#7845 = CIRCLE('',#7846,0.6);
#7846 = AXIS2_PLACEMENT_3D('',#7847,#7848,#7849);
#7847 = CARTESIAN_POINT('',(0.9,1.102182119233E-16,0.35));
#7848 = DIRECTION('',(0.,1.,-0.));
#7849 = DIRECTION('',(-1.,0.,4.93432455389E-16));
#7850 = ORIENTED_EDGE('',*,*,#7797,.T.);
#7851 = ORIENTED_EDGE('',*,*,#7842,.F.);
#7852 = ORIENTED_EDGE('',*,*,#7853,.T.);
#7853 = EDGE_CURVE('',#7843,#7843,#7854,.T.);
#7854 = CIRCLE('',#7855,0.3);
#7855 = AXIS2_PLACEMENT_3D('',#7856,#7857,#7858);
#7856 = CARTESIAN_POINT('',(0.,0.,0.35));
#7857 = DIRECTION('',(0.,0.,1.));
#7858 = DIRECTION('',(1.,0.,-0.));
#7859 = TOROIDAL_SURFACE('',#7860,0.9,0.3);
#7860 = AXIS2_PLACEMENT_3D('',#7861,#7862,#7863);
#7861 = CARTESIAN_POINT('',(0.9,0.,0.35));
#7862 = DIRECTION('',(0.,1.,0.));
#7863 = DIRECTION('',(-1.,0.,4.93432455389E-16));
#7864 = ADVANCED_FACE('',(#7865),#7884,.T.);
#7865 = FACE_BOUND('',#7866,.T.);
#7866 = EDGE_LOOP('',(#7867,#7868,#7876,#7883));
#7867 = ORIENTED_EDGE('',*,*,#7822,.T.);
#7868 = ORIENTED_EDGE('',*,*,#7869,.T.);
#7869 = EDGE_CURVE('',#7823,#7870,#7872,.T.);
#7870 = VERTEX_POINT('',#7871);
#7871 = CARTESIAN_POINT('',(10.145,1.25,1.25));
#7872 = LINE('',#7873,#7874);
#7873 = CARTESIAN_POINT('',(9.195,1.25,1.25));
#7874 = VECTOR('',#7875,1.);
#7875 = DIRECTION('',(1.,0.,0.));
#7876 = ORIENTED_EDGE('',*,*,#7877,.F.);
#7877 = EDGE_CURVE('',#7870,#7870,#7878,.T.);
#7878 = CIRCLE('',#7879,1.25);
#7879 = AXIS2_PLACEMENT_3D('',#7880,#7881,#7882);
#7880 = CARTESIAN_POINT('',(10.145,0.,1.25));
#7881 = DIRECTION('',(1.,0.,0.));
#7882 = DIRECTION('',(-0.,1.,0.));
#7883 = ORIENTED_EDGE('',*,*,#7869,.F.);
#7884 = CYLINDRICAL_SURFACE('',#7885,1.25);
#7885 = AXIS2_PLACEMENT_3D('',#7886,#7887,#7888);
#7886 = CARTESIAN_POINT('',(9.195,0.,1.25));
#7887 = DIRECTION('',(-1.,-0.,-0.));
#7888 = DIRECTION('',(0.,1.,0.));
#7889 = ADVANCED_FACE('',(#7890),#7909,.T.);
#7890 = FACE_BOUND('',#7891,.T.);
#7891 = EDGE_LOOP('',(#7892,#7900,#7901,#7902));
#7892 = ORIENTED_EDGE('',*,*,#7893,.T.);
#7893 = EDGE_CURVE('',#7894,#7843,#7896,.T.);
#7894 = VERTEX_POINT('',#7895);
#7895 = CARTESIAN_POINT('',(0.3,-7.347880794884E-17,-3.));
#7896 = LINE('',#7897,#7898);
#7897 = CARTESIAN_POINT('',(0.3,0.,-3.));
#7898 = VECTOR('',#7899,1.);
#7899 = DIRECTION('',(0.,0.,1.));
#7900 = ORIENTED_EDGE('',*,*,#7853,.F.);
#7901 = ORIENTED_EDGE('',*,*,#7893,.F.);
#7902 = ORIENTED_EDGE('',*,*,#7903,.T.);
#7903 = EDGE_CURVE('',#7894,#7894,#7904,.T.);
#7904 = CIRCLE('',#7905,0.3);
#7905 = AXIS2_PLACEMENT_3D('',#7906,#7907,#7908);
#7906 = CARTESIAN_POINT('',(0.,0.,-3.));
#7907 = DIRECTION('',(0.,0.,1.));
#7908 = DIRECTION('',(1.,0.,-0.));
#7909 = CYLINDRICAL_SURFACE('',#7910,0.3);
#7910 = AXIS2_PLACEMENT_3D('',#7911,#7912,#7913);
#7911 = CARTESIAN_POINT('',(0.,0.,-3.));
#7912 = DIRECTION('',(0.,0.,1.));
#7913 = DIRECTION('',(1.,0.,-0.));
#7914 = ADVANCED_FACE('',(#7915),#7935,.T.);
#7915 = FACE_BOUND('',#7916,.T.);
#7916 = EDGE_LOOP('',(#7917,#7926,#7927,#7928));
#7917 = ORIENTED_EDGE('',*,*,#7918,.F.);
#7918 = EDGE_CURVE('',#7870,#7919,#7921,.T.);
#7919 = VERTEX_POINT('',#7920);
#7920 = CARTESIAN_POINT('',(10.77,0.625,1.25));
#7921 = CIRCLE('',#7922,0.625);
#7922 = AXIS2_PLACEMENT_3D('',#7923,#7924,#7925);
#7923 = CARTESIAN_POINT('',(10.145,0.625,1.25));
#7924 = DIRECTION('',(0.,0.,-1.));
#7925 = DIRECTION('',(0.,1.,0.));
#7926 = ORIENTED_EDGE('',*,*,#7877,.T.);
#7927 = ORIENTED_EDGE('',*,*,#7918,.T.);
#7928 = ORIENTED_EDGE('',*,*,#7929,.F.);
#7929 = EDGE_CURVE('',#7919,#7919,#7930,.T.);
#7930 = CIRCLE('',#7931,0.625);
#7931 = AXIS2_PLACEMENT_3D('',#7932,#7933,#7934);
#7932 = CARTESIAN_POINT('',(10.77,0.,1.25));
#7933 = DIRECTION('',(1.,0.,0.));
#7934 = DIRECTION('',(-0.,1.,0.));
#7935 = TOROIDAL_SURFACE('',#7936,0.625,0.625);
#7936 = AXIS2_PLACEMENT_3D('',#7937,#7938,#7939);
#7937 = CARTESIAN_POINT('',(10.145,0.,1.25));
#7938 = DIRECTION('',(1.,0.,0.));
#7939 = DIRECTION('',(-0.,1.,0.));
#7940 = ADVANCED_FACE('',(#7941),#7944,.T.);
#7941 = FACE_BOUND('',#7942,.F.);
#7942 = EDGE_LOOP('',(#7943));
#7943 = ORIENTED_EDGE('',*,*,#7903,.T.);
#7944 = PLANE('',#7945);
#7945 = AXIS2_PLACEMENT_3D('',#7946,#7947,#7948);
#7946 = CARTESIAN_POINT('',(0.3,0.,-3.));
#7947 = DIRECTION('',(0.,0.,-1.));
#7948 = DIRECTION('',(-1.,0.,0.));
#7949 = ADVANCED_FACE('',(#7950,#7953),#7964,.F.);
#7950 = FACE_BOUND('',#7951,.F.);
#7951 = EDGE_LOOP('',(#7952));
#7952 = ORIENTED_EDGE('',*,*,#7929,.F.);
#7953 = FACE_BOUND('',#7954,.F.);
#7954 = EDGE_LOOP('',(#7955));
#7955 = ORIENTED_EDGE('',*,*,#7956,.T.);
#7956 = EDGE_CURVE('',#7957,#7957,#7959,.T.);
#7957 = VERTEX_POINT('',#7958);
#7958 = CARTESIAN_POINT('',(10.77,0.,0.95));
#7959 = CIRCLE('',#7960,0.3);
#7960 = AXIS2_PLACEMENT_3D('',#7961,#7962,#7963);
#7961 = CARTESIAN_POINT('',(10.77,0.,1.25));
#7962 = DIRECTION('',(1.,-0.,0.));
#7963 = DIRECTION('',(0.,0.,-1.));
#7964 = PLANE('',#7965);
#7965 = AXIS2_PLACEMENT_3D('',#7966,#7967,#7968);
#7966 = CARTESIAN_POINT('',(10.77,1.25,1.25));
#7967 = DIRECTION('',(-1.,0.,0.));
#7968 = DIRECTION('',(0.,0.,-1.));
#7969 = ADVANCED_FACE('',(#7970),#7989,.T.);
#7970 = FACE_BOUND('',#7971,.T.);
#7971 = EDGE_LOOP('',(#7972,#7973,#7981,#7988));
#7972 = ORIENTED_EDGE('',*,*,#7956,.T.);
#7973 = ORIENTED_EDGE('',*,*,#7974,.T.);
#7974 = EDGE_CURVE('',#7957,#7975,#7977,.T.);
#7975 = VERTEX_POINT('',#7976);
#7976 = CARTESIAN_POINT('',(14.34,0.,0.95));
#7977 = LINE('',#7978,#7979);
#7978 = CARTESIAN_POINT('',(0.9,0.,0.95));
#7979 = VECTOR('',#7980,1.);
#7980 = DIRECTION('',(1.,0.,0.));
#7981 = ORIENTED_EDGE('',*,*,#7982,.F.);
#7982 = EDGE_CURVE('',#7975,#7975,#7983,.T.);
#7983 = CIRCLE('',#7984,0.3);
#7984 = AXIS2_PLACEMENT_3D('',#7985,#7986,#7987);
#7985 = CARTESIAN_POINT('',(14.34,0.,1.25));
#7986 = DIRECTION('',(1.,-0.,0.));
#7987 = DIRECTION('',(0.,0.,-1.));
#7988 = ORIENTED_EDGE('',*,*,#7974,.F.);
#7989 = CYLINDRICAL_SURFACE('',#7990,0.3);
#7990 = AXIS2_PLACEMENT_3D('',#7991,#7992,#7993);
#7991 = CARTESIAN_POINT('',(0.9,0.,1.25));
#7992 = DIRECTION('',(1.,0.,0.));
#7993 = DIRECTION('',(0.,0.,-1.));
#7994 = ADVANCED_FACE('',(#7995),#8015,.T.);
#7995 = FACE_BOUND('',#7996,.T.);
#7996 = EDGE_LOOP('',(#7997,#8006,#8013,#8014));
#7997 = ORIENTED_EDGE('',*,*,#7998,.T.);
#7998 = EDGE_CURVE('',#7975,#7999,#8001,.T.);
#7999 = VERTEX_POINT('',#8000);
#8000 = CARTESIAN_POINT('',(14.94,0.,0.35));
#8001 = CIRCLE('',#8002,0.6);
#8002 = AXIS2_PLACEMENT_3D('',#8003,#8004,#8005);
#8003 = CARTESIAN_POINT('',(14.34,1.102182119233E-16,0.35));
#8004 = DIRECTION('',(0.,1.,-0.));
#8005 = DIRECTION('',(-1.973729821556E-15,0.,1.));
#8006 = ORIENTED_EDGE('',*,*,#8007,.T.);
#8007 = EDGE_CURVE('',#7999,#7999,#8008,.T.);
#8008 = CIRCLE('',#8009,0.3);
#8009 = AXIS2_PLACEMENT_3D('',#8010,#8011,#8012);
#8010 = CARTESIAN_POINT('',(15.24,0.,0.35));
#8011 = DIRECTION('',(4.075284926621E-16,-0.,1.));
#8012 = DIRECTION('',(1.,0.,-4.075284926621E-16));
#8013 = ORIENTED_EDGE('',*,*,#7998,.F.);
#8014 = ORIENTED_EDGE('',*,*,#7982,.T.);
#8015 = TOROIDAL_SURFACE('',#8016,0.9,0.3);
#8016 = AXIS2_PLACEMENT_3D('',#8017,#8018,#8019);
#8017 = CARTESIAN_POINT('',(14.34,0.,0.35));
#8018 = DIRECTION('',(0.,1.,0.));
#8019 = DIRECTION('',(-1.973729821556E-15,0.,1.));
#8020 = ADVANCED_FACE('',(#8021),#8040,.T.);
#8021 = FACE_BOUND('',#8022,.T.);
#8022 = EDGE_LOOP('',(#8023,#8031,#8038,#8039));
#8023 = ORIENTED_EDGE('',*,*,#8024,.T.);
#8024 = EDGE_CURVE('',#7999,#8025,#8027,.T.);
#8025 = VERTEX_POINT('',#8026);
#8026 = CARTESIAN_POINT('',(14.94,-7.347880794884E-17,-3.));
#8027 = LINE('',#8028,#8029);
#8028 = CARTESIAN_POINT('',(14.94,0.,0.35));
#8029 = VECTOR('',#8030,1.);
#8030 = DIRECTION('',(0.,0.,-1.));
#8031 = ORIENTED_EDGE('',*,*,#8032,.F.);
#8032 = EDGE_CURVE('',#8025,#8025,#8033,.T.);
#8033 = CIRCLE('',#8034,0.3);
#8034 = AXIS2_PLACEMENT_3D('',#8035,#8036,#8037);
#8035 = CARTESIAN_POINT('',(15.24,0.,-3.));
#8036 = DIRECTION('',(0.,0.,-1.));
#8037 = DIRECTION('',(-1.,0.,0.));
#8038 = ORIENTED_EDGE('',*,*,#8024,.F.);
#8039 = ORIENTED_EDGE('',*,*,#8007,.F.);
#8040 = CYLINDRICAL_SURFACE('',#8041,0.3);
#8041 = AXIS2_PLACEMENT_3D('',#8042,#8043,#8044);
#8042 = CARTESIAN_POINT('',(15.24,0.,0.35));
#8043 = DIRECTION('',(0.,0.,-1.));
#8044 = DIRECTION('',(-1.,0.,0.));
#8045 = ADVANCED_FACE('',(#8046),#8049,.F.);
#8046 = FACE_BOUND('',#8047,.T.);
#8047 = EDGE_LOOP('',(#8048));
#8048 = ORIENTED_EDGE('',*,*,#8032,.T.);
#8049 = PLANE('',#8050);
#8050 = AXIS2_PLACEMENT_3D('',#8051,#8052,#8053);
#8051 = CARTESIAN_POINT('',(14.94,0.,-3.));
#8052 = DIRECTION('',(0.,0.,1.));
#8053 = DIRECTION('',(1.,0.,-0.));
#8054 = ( GEOMETRIC_REPRESENTATION_CONTEXT(3) 
GLOBAL_UNCERTAINTY_ASSIGNED_CONTEXT((#8058)) 
GLOBAL_UNIT_ASSIGNED_CONTEXT((#8055,#8056,#8057)) REPRESENTATION_CONTEXT
('Context #1','3D Context with UNIT and UNCERTAINTY') );
#8055 = ( LENGTH_UNIT() NAMED_UNIT(*) SI_UNIT(.MILLI.,.METRE.) );
#8056 = ( NAMED_UNIT(*) PLANE_ANGLE_UNIT() SI_UNIT($,.RADIAN.) );
#8057 = ( NAMED_UNIT(*) SI_UNIT($,.STERADIAN.) SOLID_ANGLE_UNIT() );
#8058 = UNCERTAINTY_MEASURE_WITH_UNIT(LENGTH_MEASURE(1.E-07),#8055,
  'distance_accuracy_value','confusion accuracy');
#8059 = CONTEXT_DEPENDENT_SHAPE_REPRESENTATION(#8060,#8062);
#8060 = ( REPRESENTATION_RELATIONSHIP('','',#7666,#10) 
REPRESENTATION_RELATIONSHIP_WITH_TRANSFORMATION(#8061) 
SHAPE_REPRESENTATION_RELATIONSHIP() );
#8061 = ITEM_DEFINED_TRANSFORMATION('','',#11,#23);
#8062 = PRODUCT_DEFINITION_SHAPE('Placement','Placement of an item',
  #8063);
#8063 = NEXT_ASSEMBLY_USAGE_OCCURRENCE('3','R1','',#5,#7661,$);
#8064 = PRODUCT_RELATED_PRODUCT_CATEGORY('part',$,(#7663));
#8065 = SHAPE_DEFINITION_REPRESENTATION(#8066,#8072);
#8066 = PRODUCT_DEFINITION_SHAPE('','',#8067);
#8067 = PRODUCT_DEFINITION('design','',#8068,#8071);
#8068 = PRODUCT_DEFINITION_FORMATION('','',#8069);
#8069 = PRODUCT('LED_D5.0mm','LED_D5.0mm','',(#8070));
#8070 = PRODUCT_CONTEXT('',#2,'mechanical');
#8071 = PRODUCT_DEFINITION_CONTEXT('part definition',#2,'design');
#8072 = ADVANCED_BREP_SHAPE_REPRESENTATION('',(#11,#8073),#8498);
#8073 = MANIFOLD_SOLID_BREP('',#8074);
#8074 = CLOSED_SHELL('',(#8075,#8102,#8127,#8155,#8187,#8204,#8282,#8313
    ,#8337,#8361,#8378,#8409,#8433,#8457,#8474,#8486));
#8075 = ADVANCED_FACE('',(#8076),#8097,.T.);
#8076 = FACE_BOUND('',#8077,.T.);
#8077 = EDGE_LOOP('',(#8078,#8089,#8090));
#8078 = ORIENTED_EDGE('',*,*,#8079,.T.);
#8079 = EDGE_CURVE('',#8080,#8082,#8084,.T.);
#8080 = VERTEX_POINT('',#8081);
#8081 = CARTESIAN_POINT('',(3.72,6.095124405192E-15,9.15));
#8082 = VERTEX_POINT('',#8083);
#8083 = CARTESIAN_POINT('',(1.27,7.727152251391E-15,11.6));
#8084 = CIRCLE('',#8085,2.45);
#8085 = AXIS2_PLACEMENT_3D('',#8086,#8087,#8088);
#8086 = CARTESIAN_POINT('',(1.27,6.095124405192E-15,9.15));
#8087 = DIRECTION('',(0.,-1.,6.661338147751E-16));
#8088 = DIRECTION('',(1.,0.,0.));
#8089 = ORIENTED_EDGE('',*,*,#8079,.F.);
#8090 = ORIENTED_EDGE('',*,*,#8091,.F.);
#8091 = EDGE_CURVE('',#8080,#8080,#8092,.T.);
#8092 = CIRCLE('',#8093,2.45);
#8093 = AXIS2_PLACEMENT_3D('',#8094,#8095,#8096);
#8094 = CARTESIAN_POINT('',(1.27,4.063416270128E-15,9.15));
#8095 = DIRECTION('',(-4.379057701015E-47,-4.440892098501E-16,-1.));
#8096 = DIRECTION('',(1.,8.292686265567E-16,-3.68269249121E-31));
#8097 = SPHERICAL_SURFACE('',#8098,2.45);
#8098 = AXIS2_PLACEMENT_3D('',#8099,#8100,#8101);
#8099 = CARTESIAN_POINT('',(1.27,6.095124405192E-15,9.15));
#8100 = DIRECTION('',(0.,4.440892098501E-16,1.));
#8101 = DIRECTION('',(1.,1.394807543452E-15,-6.194189798646E-31));
#8102 = ADVANCED_FACE('',(#8103),#8122,.T.);
#8103 = FACE_BOUND('',#8104,.T.);
#8104 = EDGE_LOOP('',(#8105,#8113,#8114,#8115));
#8105 = ORIENTED_EDGE('',*,*,#8106,.F.);
#8106 = EDGE_CURVE('',#8080,#8107,#8109,.T.);
#8107 = VERTEX_POINT('',#8108);
#8108 = CARTESIAN_POINT('',(3.72,2.6645352591E-15,4.));
#8109 = LINE('',#8110,#8111);
#8110 = CARTESIAN_POINT('',(3.72,6.095124405192E-15,9.15));
#8111 = VECTOR('',#8112,1.);
#8112 = DIRECTION('',(0.,-6.661338147751E-16,-1.));
#8113 = ORIENTED_EDGE('',*,*,#8091,.T.);
#8114 = ORIENTED_EDGE('',*,*,#8106,.T.);
#8115 = ORIENTED_EDGE('',*,*,#8116,.F.);
#8116 = EDGE_CURVE('',#8107,#8107,#8117,.T.);
#8117 = CIRCLE('',#8118,2.45);
#8118 = AXIS2_PLACEMENT_3D('',#8119,#8120,#8121);
#8119 = CARTESIAN_POINT('',(1.27,1.7763568394E-15,4.));
#8120 = DIRECTION('',(-2.189528850508E-47,-4.440892098501E-16,-1.));
#8121 = DIRECTION('',(1.,3.625218039592E-16,-1.609920214737E-31));
#8122 = CYLINDRICAL_SURFACE('',#8123,2.45);
#8123 = AXIS2_PLACEMENT_3D('',#8124,#8125,#8126);
#8124 = CARTESIAN_POINT('',(1.27,4.063416270128E-15,9.15));
#8125 = DIRECTION('',(0.,-4.440892098501E-16,-1.));
#8126 = DIRECTION('',(1.,8.292686265567E-16,-3.68269249121E-31));
#8127 = ADVANCED_FACE('',(#8128,#8147),#8150,.F.);
#8128 = FACE_BOUND('',#8129,.F.);
#8129 = EDGE_LOOP('',(#8130,#8141));
#8130 = ORIENTED_EDGE('',*,*,#8131,.F.);
#8131 = EDGE_CURVE('',#8132,#8134,#8136,.T.);
#8132 = VERTEX_POINT('',#8133);
#8133 = CARTESIAN_POINT('',(-1.229999999999,-1.46969384567,4.));
#8134 = VERTEX_POINT('',#8135);
#8135 = CARTESIAN_POINT('',(-1.23,1.469693845669,4.));
#8136 = CIRCLE('',#8137,2.9);
#8137 = AXIS2_PLACEMENT_3D('',#8138,#8139,#8140);
#8138 = CARTESIAN_POINT('',(1.27,0.,4.));
#8139 = DIRECTION('',(0.,0.,1.));
#8140 = DIRECTION('',(1.,0.,-0.));
#8141 = ORIENTED_EDGE('',*,*,#8142,.T.);
#8142 = EDGE_CURVE('',#8132,#8134,#8143,.T.);
#8143 = LINE('',#8144,#8145);
#8144 = CARTESIAN_POINT('',(-1.229999999999,-1.46969384567,4.));
#8145 = VECTOR('',#8146,1.);
#8146 = DIRECTION('',(0.,1.,0.));
#8147 = FACE_BOUND('',#8148,.F.);
#8148 = EDGE_LOOP('',(#8149));
#8149 = ORIENTED_EDGE('',*,*,#8116,.F.);
#8150 = PLANE('',#8151);
#8151 = AXIS2_PLACEMENT_3D('',#8152,#8153,#8154);
#8152 = CARTESIAN_POINT('',(-1.229999999999,-1.469693845671,4.));
#8153 = DIRECTION('',(0.,0.,-1.));
#8154 = DIRECTION('',(-1.,0.,0.));
#8155 = ADVANCED_FACE('',(#8156),#8182,.T.);
#8156 = FACE_BOUND('',#8157,.T.);
#8157 = EDGE_LOOP('',(#8158,#8169,#8175,#8176));
#8158 = ORIENTED_EDGE('',*,*,#8159,.T.);
#8159 = EDGE_CURVE('',#8160,#8162,#8164,.T.);
#8160 = VERTEX_POINT('',#8161);
#8161 = CARTESIAN_POINT('',(-1.229999999999,-1.46969384567,3.));
#8162 = VERTEX_POINT('',#8163);
#8163 = CARTESIAN_POINT('',(-1.23,1.469693845669,3.));
#8164 = CIRCLE('',#8165,2.9);
#8165 = AXIS2_PLACEMENT_3D('',#8166,#8167,#8168);
#8166 = CARTESIAN_POINT('',(1.27,0.,3.));
#8167 = DIRECTION('',(0.,0.,1.));
#8168 = DIRECTION('',(1.,0.,-0.));
#8169 = ORIENTED_EDGE('',*,*,#8170,.T.);
#8170 = EDGE_CURVE('',#8162,#8134,#8171,.T.);
#8171 = LINE('',#8172,#8173);
#8172 = CARTESIAN_POINT('',(-1.23,1.469693845669,3.));
#8173 = VECTOR('',#8174,1.);
#8174 = DIRECTION('',(0.,0.,1.));
#8175 = ORIENTED_EDGE('',*,*,#8131,.F.);
#8176 = ORIENTED_EDGE('',*,*,#8177,.F.);
#8177 = EDGE_CURVE('',#8160,#8132,#8178,.T.);
#8178 = LINE('',#8179,#8180);
#8179 = CARTESIAN_POINT('',(-1.229999999999,-1.46969384567,3.));
#8180 = VECTOR('',#8181,1.);
#8181 = DIRECTION('',(0.,0.,1.));
#8182 = CYLINDRICAL_SURFACE('',#8183,2.9);
#8183 = AXIS2_PLACEMENT_3D('',#8184,#8185,#8186);
#8184 = CARTESIAN_POINT('',(1.27,0.,3.));
#8185 = DIRECTION('',(-0.,-0.,-1.));
#8186 = DIRECTION('',(1.,0.,0.));
#8187 = ADVANCED_FACE('',(#8188),#8199,.T.);
#8188 = FACE_BOUND('',#8189,.T.);
#8189 = EDGE_LOOP('',(#8190,#8191,#8192,#8193));
#8190 = ORIENTED_EDGE('',*,*,#8177,.T.);
#8191 = ORIENTED_EDGE('',*,*,#8142,.T.);
#8192 = ORIENTED_EDGE('',*,*,#8170,.F.);
#8193 = ORIENTED_EDGE('',*,*,#8194,.F.);
#8194 = EDGE_CURVE('',#8160,#8162,#8195,.T.);
#8195 = LINE('',#8196,#8197);
#8196 = CARTESIAN_POINT('',(-1.229999999999,-1.46969384567,3.));
#8197 = VECTOR('',#8198,1.);
#8198 = DIRECTION('',(0.,1.,0.));
#8199 = PLANE('',#8200);
#8200 = AXIS2_PLACEMENT_3D('',#8201,#8202,#8203);
#8201 = CARTESIAN_POINT('',(-1.229999999999,-1.46969384567,3.));
#8202 = DIRECTION('',(-1.,0.,0.));
#8203 = DIRECTION('',(0.,1.,0.));
#8204 = ADVANCED_FACE('',(#8205,#8209,#8243),#8277,.T.);
#8205 = FACE_BOUND('',#8206,.T.);
#8206 = EDGE_LOOP('',(#8207,#8208));
#8207 = ORIENTED_EDGE('',*,*,#8159,.F.);
#8208 = ORIENTED_EDGE('',*,*,#8194,.T.);
#8209 = FACE_BOUND('',#8210,.T.);
#8210 = EDGE_LOOP('',(#8211,#8221,#8229,#8237));
#8211 = ORIENTED_EDGE('',*,*,#8212,.T.);
#8212 = EDGE_CURVE('',#8213,#8215,#8217,.T.);
#8213 = VERTEX_POINT('',#8214);
#8214 = CARTESIAN_POINT('',(-0.2,-0.2,3.));
#8215 = VERTEX_POINT('',#8216);
#8216 = CARTESIAN_POINT('',(0.2,-0.2,3.));
#8217 = LINE('',#8218,#8219);
#8218 = CARTESIAN_POINT('',(-0.515,-0.2,3.));
#8219 = VECTOR('',#8220,1.);
#8220 = DIRECTION('',(1.,0.,0.));
#8221 = ORIENTED_EDGE('',*,*,#8222,.T.);
#8222 = EDGE_CURVE('',#8215,#8223,#8225,.T.);
#8223 = VERTEX_POINT('',#8224);
#8224 = CARTESIAN_POINT('',(0.2,0.2,3.));
#8225 = LINE('',#8226,#8227);
#8226 = CARTESIAN_POINT('',(0.2,-0.634846922835,3.));
#8227 = VECTOR('',#8228,1.);
#8228 = DIRECTION('',(0.,1.,0.));
#8229 = ORIENTED_EDGE('',*,*,#8230,.T.);
#8230 = EDGE_CURVE('',#8223,#8231,#8233,.T.);
#8231 = VERTEX_POINT('',#8232);
#8232 = CARTESIAN_POINT('',(-0.2,0.2,3.));
#8233 = LINE('',#8234,#8235);
#8234 = CARTESIAN_POINT('',(-0.715,0.2,3.));
#8235 = VECTOR('',#8236,1.);
#8236 = DIRECTION('',(-1.,-0.,-0.));
#8237 = ORIENTED_EDGE('',*,*,#8238,.T.);
#8238 = EDGE_CURVE('',#8231,#8213,#8239,.T.);
#8239 = LINE('',#8240,#8241);
#8240 = CARTESIAN_POINT('',(-0.2,-0.834846922835,3.));
#8241 = VECTOR('',#8242,1.);
#8242 = DIRECTION('',(0.,-1.,0.));
#8243 = FACE_BOUND('',#8244,.T.);
#8244 = EDGE_LOOP('',(#8245,#8255,#8263,#8271));
#8245 = ORIENTED_EDGE('',*,*,#8246,.T.);
#8246 = EDGE_CURVE('',#8247,#8249,#8251,.T.);
#8247 = VERTEX_POINT('',#8248);
#8248 = CARTESIAN_POINT('',(2.34,0.2,3.));
#8249 = VERTEX_POINT('',#8250);
#8250 = CARTESIAN_POINT('',(2.34,-0.2,3.));
#8251 = LINE('',#8252,#8253);
#8252 = CARTESIAN_POINT('',(2.34,-0.834846922835,3.));
#8253 = VECTOR('',#8254,1.);
#8254 = DIRECTION('',(0.,-1.,0.));
#8255 = ORIENTED_EDGE('',*,*,#8256,.T.);
#8256 = EDGE_CURVE('',#8249,#8257,#8259,.T.);
#8257 = VERTEX_POINT('',#8258);
#8258 = CARTESIAN_POINT('',(2.74,-0.2,3.));
#8259 = LINE('',#8260,#8261);
#8260 = CARTESIAN_POINT('',(0.755,-0.2,3.));
#8261 = VECTOR('',#8262,1.);
#8262 = DIRECTION('',(1.,0.,0.));
#8263 = ORIENTED_EDGE('',*,*,#8264,.T.);
#8264 = EDGE_CURVE('',#8257,#8265,#8267,.T.);
#8265 = VERTEX_POINT('',#8266);
#8266 = CARTESIAN_POINT('',(2.74,0.2,3.));
#8267 = LINE('',#8268,#8269);
#8268 = CARTESIAN_POINT('',(2.74,-0.634846922835,3.));
#8269 = VECTOR('',#8270,1.);
#8270 = DIRECTION('',(0.,1.,0.));
#8271 = ORIENTED_EDGE('',*,*,#8272,.T.);
#8272 = EDGE_CURVE('',#8265,#8247,#8273,.T.);
#8273 = LINE('',#8274,#8275);
#8274 = CARTESIAN_POINT('',(0.555,0.2,3.));
#8275 = VECTOR('',#8276,1.);
#8276 = DIRECTION('',(-1.,-0.,-0.));
#8277 = PLANE('',#8278);
#8278 = AXIS2_PLACEMENT_3D('',#8279,#8280,#8281);
#8279 = CARTESIAN_POINT('',(-1.229999999999,-1.469693845671,3.));
#8280 = DIRECTION('',(0.,0.,-1.));
#8281 = DIRECTION('',(-1.,0.,0.));
#8282 = ADVANCED_FACE('',(#8283),#8308,.F.);
#8283 = FACE_BOUND('',#8284,.F.);
#8284 = EDGE_LOOP('',(#8285,#8286,#8294,#8302));
#8285 = ORIENTED_EDGE('',*,*,#8212,.T.);
#8286 = ORIENTED_EDGE('',*,*,#8287,.T.);
#8287 = EDGE_CURVE('',#8215,#8288,#8290,.T.);
#8288 = VERTEX_POINT('',#8289);
#8289 = CARTESIAN_POINT('',(0.2,-0.2,-2.5));
#8290 = LINE('',#8291,#8292);
#8291 = CARTESIAN_POINT('',(0.2,-0.2,3.5));
#8292 = VECTOR('',#8293,1.);
#8293 = DIRECTION('',(-0.,-0.,-1.));
#8294 = ORIENTED_EDGE('',*,*,#8295,.T.);
#8295 = EDGE_CURVE('',#8288,#8296,#8298,.T.);
#8296 = VERTEX_POINT('',#8297);
#8297 = CARTESIAN_POINT('',(-0.2,-0.2,-2.5));
#8298 = LINE('',#8299,#8300);
#8299 = CARTESIAN_POINT('',(0.2,-0.2,-2.5));
#8300 = VECTOR('',#8301,1.);
#8301 = DIRECTION('',(-1.,0.,0.));
#8302 = ORIENTED_EDGE('',*,*,#8303,.F.);
#8303 = EDGE_CURVE('',#8213,#8296,#8304,.T.);
#8304 = LINE('',#8305,#8306);
#8305 = CARTESIAN_POINT('',(-0.2,-0.2,3.5));
#8306 = VECTOR('',#8307,1.);
#8307 = DIRECTION('',(-0.,-0.,-1.));
#8308 = PLANE('',#8309);
#8309 = AXIS2_PLACEMENT_3D('',#8310,#8311,#8312);
#8310 = CARTESIAN_POINT('',(0.2,-0.2,3.5));
#8311 = DIRECTION('',(0.,1.,0.));
#8312 = DIRECTION('',(-1.,0.,0.));
#8313 = ADVANCED_FACE('',(#8314),#8332,.F.);
#8314 = FACE_BOUND('',#8315,.F.);
#8315 = EDGE_LOOP('',(#8316,#8317,#8318,#8326));
#8316 = ORIENTED_EDGE('',*,*,#8238,.T.);
#8317 = ORIENTED_EDGE('',*,*,#8303,.T.);
#8318 = ORIENTED_EDGE('',*,*,#8319,.T.);
#8319 = EDGE_CURVE('',#8296,#8320,#8322,.T.);
#8320 = VERTEX_POINT('',#8321);
#8321 = CARTESIAN_POINT('',(-0.2,0.2,-2.5));
#8322 = LINE('',#8323,#8324);
#8323 = CARTESIAN_POINT('',(-0.2,-0.2,-2.5));
#8324 = VECTOR('',#8325,1.);
#8325 = DIRECTION('',(0.,1.,0.));
#8326 = ORIENTED_EDGE('',*,*,#8327,.F.);
#8327 = EDGE_CURVE('',#8231,#8320,#8328,.T.);
#8328 = LINE('',#8329,#8330);
#8329 = CARTESIAN_POINT('',(-0.2,0.2,3.5));
#8330 = VECTOR('',#8331,1.);
#8331 = DIRECTION('',(-0.,-0.,-1.));
#8332 = PLANE('',#8333);
#8333 = AXIS2_PLACEMENT_3D('',#8334,#8335,#8336);
#8334 = CARTESIAN_POINT('',(-0.2,-0.2,3.5));
#8335 = DIRECTION('',(1.,0.,0.));
#8336 = DIRECTION('',(-0.,1.,0.));
#8337 = ADVANCED_FACE('',(#8338),#8356,.F.);
#8338 = FACE_BOUND('',#8339,.F.);
#8339 = EDGE_LOOP('',(#8340,#8341,#8342,#8350));
#8340 = ORIENTED_EDGE('',*,*,#8230,.T.);
#8341 = ORIENTED_EDGE('',*,*,#8327,.T.);
#8342 = ORIENTED_EDGE('',*,*,#8343,.T.);
#8343 = EDGE_CURVE('',#8320,#8344,#8346,.T.);
#8344 = VERTEX_POINT('',#8345);
#8345 = CARTESIAN_POINT('',(0.2,0.2,-2.5));
#8346 = LINE('',#8347,#8348);
#8347 = CARTESIAN_POINT('',(-0.2,0.2,-2.5));
#8348 = VECTOR('',#8349,1.);
#8349 = DIRECTION('',(1.,0.,0.));
#8350 = ORIENTED_EDGE('',*,*,#8351,.F.);
#8351 = EDGE_CURVE('',#8223,#8344,#8352,.T.);
#8352 = LINE('',#8353,#8354);
#8353 = CARTESIAN_POINT('',(0.2,0.2,3.5));
#8354 = VECTOR('',#8355,1.);
#8355 = DIRECTION('',(-0.,-0.,-1.));
#8356 = PLANE('',#8357);
#8357 = AXIS2_PLACEMENT_3D('',#8358,#8359,#8360);
#8358 = CARTESIAN_POINT('',(-0.2,0.2,3.5));
#8359 = DIRECTION('',(0.,-1.,0.));
#8360 = DIRECTION('',(1.,0.,0.));
#8361 = ADVANCED_FACE('',(#8362),#8373,.F.);
#8362 = FACE_BOUND('',#8363,.F.);
#8363 = EDGE_LOOP('',(#8364,#8365,#8366,#8372));
#8364 = ORIENTED_EDGE('',*,*,#8222,.T.);
#8365 = ORIENTED_EDGE('',*,*,#8351,.T.);
#8366 = ORIENTED_EDGE('',*,*,#8367,.T.);
#8367 = EDGE_CURVE('',#8344,#8288,#8368,.T.);
#8368 = LINE('',#8369,#8370);
#8369 = CARTESIAN_POINT('',(0.2,0.2,-2.5));
#8370 = VECTOR('',#8371,1.);
#8371 = DIRECTION('',(0.,-1.,0.));
#8372 = ORIENTED_EDGE('',*,*,#8287,.F.);
#8373 = PLANE('',#8374);
#8374 = AXIS2_PLACEMENT_3D('',#8375,#8376,#8377);
#8375 = CARTESIAN_POINT('',(0.2,0.2,3.5));
#8376 = DIRECTION('',(-1.,0.,0.));
#8377 = DIRECTION('',(0.,-1.,0.));
#8378 = ADVANCED_FACE('',(#8379),#8404,.F.);
#8379 = FACE_BOUND('',#8380,.F.);
#8380 = EDGE_LOOP('',(#8381,#8382,#8390,#8398));
#8381 = ORIENTED_EDGE('',*,*,#8246,.T.);
#8382 = ORIENTED_EDGE('',*,*,#8383,.T.);
#8383 = EDGE_CURVE('',#8249,#8384,#8386,.T.);
#8384 = VERTEX_POINT('',#8385);
#8385 = CARTESIAN_POINT('',(2.34,-0.2,-2.5));
#8386 = LINE('',#8387,#8388);
#8387 = CARTESIAN_POINT('',(2.34,-0.2,3.5));
#8388 = VECTOR('',#8389,1.);
#8389 = DIRECTION('',(-0.,-0.,-1.));
#8390 = ORIENTED_EDGE('',*,*,#8391,.T.);
#8391 = EDGE_CURVE('',#8384,#8392,#8394,.T.);
#8392 = VERTEX_POINT('',#8393);
#8393 = CARTESIAN_POINT('',(2.34,0.2,-2.5));
#8394 = LINE('',#8395,#8396);
#8395 = CARTESIAN_POINT('',(2.34,-0.2,-2.5));
#8396 = VECTOR('',#8397,1.);
#8397 = DIRECTION('',(0.,1.,0.));
#8398 = ORIENTED_EDGE('',*,*,#8399,.F.);
#8399 = EDGE_CURVE('',#8247,#8392,#8400,.T.);
#8400 = LINE('',#8401,#8402);
#8401 = CARTESIAN_POINT('',(2.34,0.2,3.5));
#8402 = VECTOR('',#8403,1.);
#8403 = DIRECTION('',(-0.,-0.,-1.));
#8404 = PLANE('',#8405);
#8405 = AXIS2_PLACEMENT_3D('',#8406,#8407,#8408);
#8406 = CARTESIAN_POINT('',(2.34,-0.2,3.5));
#8407 = DIRECTION('',(1.,0.,0.));
#8408 = DIRECTION('',(-0.,1.,0.));
#8409 = ADVANCED_FACE('',(#8410),#8428,.F.);
#8410 = FACE_BOUND('',#8411,.F.);
#8411 = EDGE_LOOP('',(#8412,#8413,#8414,#8422));
#8412 = ORIENTED_EDGE('',*,*,#8272,.T.);
#8413 = ORIENTED_EDGE('',*,*,#8399,.T.);
#8414 = ORIENTED_EDGE('',*,*,#8415,.T.);
#8415 = EDGE_CURVE('',#8392,#8416,#8418,.T.);
#8416 = VERTEX_POINT('',#8417);
#8417 = CARTESIAN_POINT('',(2.74,0.2,-2.5));
#8418 = LINE('',#8419,#8420);
#8419 = CARTESIAN_POINT('',(2.34,0.2,-2.5));
#8420 = VECTOR('',#8421,1.);
#8421 = DIRECTION('',(1.,0.,0.));
#8422 = ORIENTED_EDGE('',*,*,#8423,.F.);
#8423 = EDGE_CURVE('',#8265,#8416,#8424,.T.);
#8424 = LINE('',#8425,#8426);
#8425 = CARTESIAN_POINT('',(2.74,0.2,3.5));
#8426 = VECTOR('',#8427,1.);
#8427 = DIRECTION('',(-0.,-0.,-1.));
#8428 = PLANE('',#8429);
#8429 = AXIS2_PLACEMENT_3D('',#8430,#8431,#8432);
#8430 = CARTESIAN_POINT('',(2.34,0.2,3.5));
#8431 = DIRECTION('',(0.,-1.,0.));
#8432 = DIRECTION('',(1.,0.,0.));
#8433 = ADVANCED_FACE('',(#8434),#8452,.F.);
#8434 = FACE_BOUND('',#8435,.F.);
#8435 = EDGE_LOOP('',(#8436,#8437,#8438,#8446));
#8436 = ORIENTED_EDGE('',*,*,#8264,.T.);
#8437 = ORIENTED_EDGE('',*,*,#8423,.T.);
#8438 = ORIENTED_EDGE('',*,*,#8439,.T.);
#8439 = EDGE_CURVE('',#8416,#8440,#8442,.T.);
#8440 = VERTEX_POINT('',#8441);
#8441 = CARTESIAN_POINT('',(2.74,-0.2,-2.5));
#8442 = LINE('',#8443,#8444);
#8443 = CARTESIAN_POINT('',(2.74,0.2,-2.5));
#8444 = VECTOR('',#8445,1.);
#8445 = DIRECTION('',(0.,-1.,0.));
#8446 = ORIENTED_EDGE('',*,*,#8447,.F.);
#8447 = EDGE_CURVE('',#8257,#8440,#8448,.T.);
#8448 = LINE('',#8449,#8450);
#8449 = CARTESIAN_POINT('',(2.74,-0.2,3.5));
#8450 = VECTOR('',#8451,1.);
#8451 = DIRECTION('',(-0.,-0.,-1.));
#8452 = PLANE('',#8453);
#8453 = AXIS2_PLACEMENT_3D('',#8454,#8455,#8456);
#8454 = CARTESIAN_POINT('',(2.74,0.2,3.5));
#8455 = DIRECTION('',(-1.,0.,0.));
#8456 = DIRECTION('',(0.,-1.,0.));
#8457 = ADVANCED_FACE('',(#8458),#8469,.F.);
#8458 = FACE_BOUND('',#8459,.F.);
#8459 = EDGE_LOOP('',(#8460,#8461,#8462,#8468));
#8460 = ORIENTED_EDGE('',*,*,#8256,.T.);
#8461 = ORIENTED_EDGE('',*,*,#8447,.T.);
#8462 = ORIENTED_EDGE('',*,*,#8463,.T.);
#8463 = EDGE_CURVE('',#8440,#8384,#8464,.T.);
#8464 = LINE('',#8465,#8466);
#8465 = CARTESIAN_POINT('',(2.74,-0.2,-2.5));
#8466 = VECTOR('',#8467,1.);
#8467 = DIRECTION('',(-1.,0.,0.));
#8468 = ORIENTED_EDGE('',*,*,#8383,.F.);
#8469 = PLANE('',#8470);
#8470 = AXIS2_PLACEMENT_3D('',#8471,#8472,#8473);
#8471 = CARTESIAN_POINT('',(2.74,-0.2,3.5));
#8472 = DIRECTION('',(0.,1.,0.));
#8473 = DIRECTION('',(-1.,0.,0.));
#8474 = ADVANCED_FACE('',(#8475),#8481,.F.);
#8475 = FACE_BOUND('',#8476,.T.);
#8476 = EDGE_LOOP('',(#8477,#8478,#8479,#8480));
#8477 = ORIENTED_EDGE('',*,*,#8343,.T.);
#8478 = ORIENTED_EDGE('',*,*,#8367,.T.);
#8479 = ORIENTED_EDGE('',*,*,#8295,.T.);
#8480 = ORIENTED_EDGE('',*,*,#8319,.T.);
#8481 = PLANE('',#8482);
#8482 = AXIS2_PLACEMENT_3D('',#8483,#8484,#8485);
#8483 = CARTESIAN_POINT('',(-0.2,0.2,-2.5));
#8484 = DIRECTION('',(0.,0.,1.));
#8485 = DIRECTION('',(1.,0.,-0.));
#8486 = ADVANCED_FACE('',(#8487),#8493,.F.);
#8487 = FACE_BOUND('',#8488,.T.);
#8488 = EDGE_LOOP('',(#8489,#8490,#8491,#8492));
#8489 = ORIENTED_EDGE('',*,*,#8415,.T.);
#8490 = ORIENTED_EDGE('',*,*,#8439,.T.);
#8491 = ORIENTED_EDGE('',*,*,#8463,.T.);
#8492 = ORIENTED_EDGE('',*,*,#8391,.T.);
#8493 = PLANE('',#8494);
#8494 = AXIS2_PLACEMENT_3D('',#8495,#8496,#8497);
#8495 = CARTESIAN_POINT('',(2.34,0.2,-2.5));
#8496 = DIRECTION('',(0.,0.,1.));
#8497 = DIRECTION('',(1.,0.,-0.));
#8498 = ( GEOMETRIC_REPRESENTATION_CONTEXT(3) 
GLOBAL_UNCERTAINTY_ASSIGNED_CONTEXT((#8502)) 
GLOBAL_UNIT_ASSIGNED_CONTEXT((#8499,#8500,#8501)) REPRESENTATION_CONTEXT
('Context #1','3D Context with UNIT and UNCERTAINTY') );
#8499 = ( LENGTH_UNIT() NAMED_UNIT(*) SI_UNIT(.MILLI.,.METRE.) );
#8500 = ( NAMED_UNIT(*) PLANE_ANGLE_UNIT() SI_UNIT($,.RADIAN.) );
#8501 = ( NAMED_UNIT(*) SI_UNIT($,.STERADIAN.) SOLID_ANGLE_UNIT() );
#8502 = UNCERTAINTY_MEASURE_WITH_UNIT(LENGTH_MEASURE(1.E-07),#8499,
  'distance_accuracy_value','confusion accuracy');
#8503 = CONTEXT_DEPENDENT_SHAPE_REPRESENTATION(#8504,#8506);
#8504 = ( REPRESENTATION_RELATIONSHIP('','',#8072,#10) 
REPRESENTATION_RELATIONSHIP_WITH_TRANSFORMATION(#8505) 
SHAPE_REPRESENTATION_RELATIONSHIP() );
#8505 = ITEM_DEFINED_TRANSFORMATION('','',#11,#27);
#8506 = PRODUCT_DEFINITION_SHAPE('Placement','Placement of an item',
  #8507);
#8507 = NEXT_ASSEMBLY_USAGE_OCCURRENCE('4','D1','',#5,#8067,$);
#8508 = PRODUCT_RELATED_PRODUCT_CATEGORY('part',$,(#8069));
#8509 = SHAPE_DEFINITION_REPRESENTATION(#8510,#8516);
#8510 = PRODUCT_DEFINITION_SHAPE('','',#8511);
#8511 = PRODUCT_DEFINITION('design','',#8512,#8515);
#8512 = PRODUCT_DEFINITION_FORMATION('','',#8513);
#8513 = PRODUCT('TO-92_Inline','TO-92_Inline','',(#8514));
#8514 = PRODUCT_CONTEXT('',#2,'mechanical');
#8515 = PRODUCT_DEFINITION_CONTEXT('part definition',#2,'design');
#8516 = ADVANCED_BREP_SHAPE_REPRESENTATION('',(#11,#8517),#9029);
#8517 = MANIFOLD_SOLID_BREP('',#8518);
#8518 = CLOSED_SHELL('',(#8519,#8559,#8583,#8695,#8705,#8736,#8760,#8784
    ,#8801,#8832,#8856,#8880,#8897,#8928,#8952,#8976,#8993,#9005,#9017)
  );
#8519 = ADVANCED_FACE('',(#8520),#8554,.F.);
#8520 = FACE_BOUND('',#8521,.F.);
#8521 = EDGE_LOOP('',(#8522,#8532,#8540,#8548));
#8522 = ORIENTED_EDGE('',*,*,#8523,.T.);
#8523 = EDGE_CURVE('',#8524,#8526,#8528,.T.);
#8524 = VERTEX_POINT('',#8525);
#8525 = CARTESIAN_POINT('',(-0.745769083998,-1.33,2.5));
#8526 = VERTEX_POINT('',#8527);
#8527 = CARTESIAN_POINT('',(-0.745769083998,-1.33,7.3));
#8528 = LINE('',#8529,#8530);
#8529 = CARTESIAN_POINT('',(-0.745769083998,-1.33,2.5));
#8530 = VECTOR('',#8531,1.);
#8531 = DIRECTION('',(0.,0.,1.));
#8532 = ORIENTED_EDGE('',*,*,#8533,.T.);
#8533 = EDGE_CURVE('',#8526,#8534,#8536,.T.);
#8534 = VERTEX_POINT('',#8535);
#8535 = CARTESIAN_POINT('',(3.285769083998,-1.33,7.3));
#8536 = LINE('',#8537,#8538);
#8537 = CARTESIAN_POINT('',(-0.745769083998,-1.33,7.3));
#8538 = VECTOR('',#8539,1.);
#8539 = DIRECTION('',(1.,0.,0.));
#8540 = ORIENTED_EDGE('',*,*,#8541,.F.);
#8541 = EDGE_CURVE('',#8542,#8534,#8544,.T.);
#8542 = VERTEX_POINT('',#8543);
#8543 = CARTESIAN_POINT('',(3.285769083998,-1.33,2.5));
#8544 = LINE('',#8545,#8546);
#8545 = CARTESIAN_POINT('',(3.285769083998,-1.33,2.5));
#8546 = VECTOR('',#8547,1.);
#8547 = DIRECTION('',(0.,0.,1.));
#8548 = ORIENTED_EDGE('',*,*,#8549,.F.);
#8549 = EDGE_CURVE('',#8524,#8542,#8550,.T.);
#8550 = LINE('',#8551,#8552);
#8551 = CARTESIAN_POINT('',(-0.745769083998,-1.33,2.5));
#8552 = VECTOR('',#8553,1.);
#8553 = DIRECTION('',(1.,0.,0.));
#8554 = PLANE('',#8555);
#8555 = AXIS2_PLACEMENT_3D('',#8556,#8557,#8558);
#8556 = CARTESIAN_POINT('',(-0.745769083998,-1.33,2.5));
#8557 = DIRECTION('',(0.,1.,0.));
#8558 = DIRECTION('',(1.,0.,0.));
#8559 = ADVANCED_FACE('',(#8560),#8578,.T.);
#8560 = FACE_BOUND('',#8561,.T.);
#8561 = EDGE_LOOP('',(#8562,#8569,#8570,#8577));
#8562 = ORIENTED_EDGE('',*,*,#8563,.T.);
#8563 = EDGE_CURVE('',#8542,#8524,#8564,.T.);
#8564 = CIRCLE('',#8565,2.415);
#8565 = AXIS2_PLACEMENT_3D('',#8566,#8567,#8568);
#8566 = CARTESIAN_POINT('',(1.27,0.,2.5));
#8567 = DIRECTION('',(0.,0.,1.));
#8568 = DIRECTION('',(1.,0.,-0.));
#8569 = ORIENTED_EDGE('',*,*,#8523,.T.);
#8570 = ORIENTED_EDGE('',*,*,#8571,.F.);
#8571 = EDGE_CURVE('',#8534,#8526,#8572,.T.);
#8572 = CIRCLE('',#8573,2.415);
#8573 = AXIS2_PLACEMENT_3D('',#8574,#8575,#8576);
#8574 = CARTESIAN_POINT('',(1.27,0.,7.3));
#8575 = DIRECTION('',(0.,0.,1.));
#8576 = DIRECTION('',(1.,0.,-0.));
#8577 = ORIENTED_EDGE('',*,*,#8541,.F.);
#8578 = CYLINDRICAL_SURFACE('',#8579,2.415);
#8579 = AXIS2_PLACEMENT_3D('',#8580,#8581,#8582);
#8580 = CARTESIAN_POINT('',(1.27,0.,2.5));
#8581 = DIRECTION('',(-0.,-0.,-1.));
#8582 = DIRECTION('',(1.,0.,0.));
#8583 = ADVANCED_FACE('',(#8584,#8588,#8622,#8656),#8690,.T.);
#8584 = FACE_BOUND('',#8585,.T.);
#8585 = EDGE_LOOP('',(#8586,#8587));
#8586 = ORIENTED_EDGE('',*,*,#8549,.F.);
#8587 = ORIENTED_EDGE('',*,*,#8563,.F.);
#8588 = FACE_BOUND('',#8589,.T.);
#8589 = EDGE_LOOP('',(#8590,#8600,#8608,#8616));
#8590 = ORIENTED_EDGE('',*,*,#8591,.F.);
#8591 = EDGE_CURVE('',#8592,#8594,#8596,.T.);
#8592 = VERTEX_POINT('',#8593);
#8593 = CARTESIAN_POINT('',(1.51,-0.19,2.5));
#8594 = VERTEX_POINT('',#8595);
#8595 = CARTESIAN_POINT('',(1.03,-0.19,2.5));
#8596 = LINE('',#8597,#8598);
#8597 = CARTESIAN_POINT('',(1.51,-0.19,2.5));
#8598 = VECTOR('',#8599,1.);
#8599 = DIRECTION('',(-1.,0.,0.));
#8600 = ORIENTED_EDGE('',*,*,#8601,.F.);
#8601 = EDGE_CURVE('',#8602,#8592,#8604,.T.);
#8602 = VERTEX_POINT('',#8603);
#8603 = CARTESIAN_POINT('',(1.51,0.19,2.5));
#8604 = LINE('',#8605,#8606);
#8605 = CARTESIAN_POINT('',(1.51,0.19,2.5));
#8606 = VECTOR('',#8607,1.);
#8607 = DIRECTION('',(0.,-1.,0.));
#8608 = ORIENTED_EDGE('',*,*,#8609,.F.);
#8609 = EDGE_CURVE('',#8610,#8602,#8612,.T.);
#8610 = VERTEX_POINT('',#8611);
#8611 = CARTESIAN_POINT('',(1.03,0.19,2.5));
#8612 = LINE('',#8613,#8614);
#8613 = CARTESIAN_POINT('',(1.03,0.19,2.5));
#8614 = VECTOR('',#8615,1.);
#8615 = DIRECTION('',(1.,0.,0.));
#8616 = ORIENTED_EDGE('',*,*,#8617,.F.);
#8617 = EDGE_CURVE('',#8594,#8610,#8618,.T.);
#8618 = LINE('',#8619,#8620);
#8619 = CARTESIAN_POINT('',(1.03,-0.19,2.5));
#8620 = VECTOR('',#8621,1.);
#8621 = DIRECTION('',(0.,1.,0.));
#8622 = FACE_BOUND('',#8623,.T.);
#8623 = EDGE_LOOP('',(#8624,#8634,#8642,#8650));
#8624 = ORIENTED_EDGE('',*,*,#8625,.F.);
#8625 = EDGE_CURVE('',#8626,#8628,#8630,.T.);
#8626 = VERTEX_POINT('',#8627);
#8627 = CARTESIAN_POINT('',(0.24,-0.19,2.5));
#8628 = VERTEX_POINT('',#8629);
#8629 = CARTESIAN_POINT('',(-0.24,-0.19,2.5));
#8630 = LINE('',#8631,#8632);
#8631 = CARTESIAN_POINT('',(0.24,-0.19,2.5));
#8632 = VECTOR('',#8633,1.);
#8633 = DIRECTION('',(-1.,0.,0.));
#8634 = ORIENTED_EDGE('',*,*,#8635,.F.);
#8635 = EDGE_CURVE('',#8636,#8626,#8638,.T.);
#8636 = VERTEX_POINT('',#8637);
#8637 = CARTESIAN_POINT('',(0.24,0.19,2.5));
#8638 = LINE('',#8639,#8640);
#8639 = CARTESIAN_POINT('',(0.24,0.19,2.5));
#8640 = VECTOR('',#8641,1.);
#8641 = DIRECTION('',(0.,-1.,0.));
#8642 = ORIENTED_EDGE('',*,*,#8643,.F.);
#8643 = EDGE_CURVE('',#8644,#8636,#8646,.T.);
#8644 = VERTEX_POINT('',#8645);
#8645 = CARTESIAN_POINT('',(-0.24,0.19,2.5));
#8646 = LINE('',#8647,#8648);
#8647 = CARTESIAN_POINT('',(-0.24,0.19,2.5));
#8648 = VECTOR('',#8649,1.);
#8649 = DIRECTION('',(1.,0.,0.));
#8650 = ORIENTED_EDGE('',*,*,#8651,.F.);
#8651 = EDGE_CURVE('',#8628,#8644,#8652,.T.);
#8652 = LINE('',#8653,#8654);
#8653 = CARTESIAN_POINT('',(-0.24,-0.19,2.5));
#8654 = VECTOR('',#8655,1.);
#8655 = DIRECTION('',(0.,1.,0.));
#8656 = FACE_BOUND('',#8657,.T.);
#8657 = EDGE_LOOP('',(#8658,#8668,#8676,#8684));
#8658 = ORIENTED_EDGE('',*,*,#8659,.F.);
#8659 = EDGE_CURVE('',#8660,#8662,#8664,.T.);
#8660 = VERTEX_POINT('',#8661);
#8661 = CARTESIAN_POINT('',(2.78,0.19,2.5));
#8662 = VERTEX_POINT('',#8663);
#8663 = CARTESIAN_POINT('',(2.78,-0.19,2.5));
#8664 = LINE('',#8665,#8666);
#8665 = CARTESIAN_POINT('',(2.78,0.19,2.5));
#8666 = VECTOR('',#8667,1.);
#8667 = DIRECTION('',(0.,-1.,0.));
#8668 = ORIENTED_EDGE('',*,*,#8669,.F.);
#8669 = EDGE_CURVE('',#8670,#8660,#8672,.T.);
#8670 = VERTEX_POINT('',#8671);
#8671 = CARTESIAN_POINT('',(2.3,0.19,2.5));
#8672 = LINE('',#8673,#8674);
#8673 = CARTESIAN_POINT('',(2.3,0.19,2.5));
#8674 = VECTOR('',#8675,1.);
#8675 = DIRECTION('',(1.,0.,0.));
#8676 = ORIENTED_EDGE('',*,*,#8677,.F.);
#8677 = EDGE_CURVE('',#8678,#8670,#8680,.T.);
#8678 = VERTEX_POINT('',#8679);
#8679 = CARTESIAN_POINT('',(2.3,-0.19,2.5));
#8680 = LINE('',#8681,#8682);
#8681 = CARTESIAN_POINT('',(2.3,-0.19,2.5));
#8682 = VECTOR('',#8683,1.);
#8683 = DIRECTION('',(0.,1.,0.));
#8684 = ORIENTED_EDGE('',*,*,#8685,.F.);
#8685 = EDGE_CURVE('',#8662,#8678,#8686,.T.);
#8686 = LINE('',#8687,#8688);
#8687 = CARTESIAN_POINT('',(2.78,-0.19,2.5));
#8688 = VECTOR('',#8689,1.);
#8689 = DIRECTION('',(-1.,0.,0.));
#8690 = PLANE('',#8691);
#8691 = AXIS2_PLACEMENT_3D('',#8692,#8693,#8694);
#8692 = CARTESIAN_POINT('',(-0.745769083998,-1.33,2.5));
#8693 = DIRECTION('',(0.,0.,-1.));
#8694 = DIRECTION('',(-1.,0.,0.));
#8695 = ADVANCED_FACE('',(#8696),#8700,.F.);
#8696 = FACE_BOUND('',#8697,.T.);
#8697 = EDGE_LOOP('',(#8698,#8699));
#8698 = ORIENTED_EDGE('',*,*,#8533,.T.);
#8699 = ORIENTED_EDGE('',*,*,#8571,.T.);
#8700 = PLANE('',#8701);
#8701 = AXIS2_PLACEMENT_3D('',#8702,#8703,#8704);
#8702 = CARTESIAN_POINT('',(-0.745769083998,-1.33,7.3));
#8703 = DIRECTION('',(0.,0.,-1.));
#8704 = DIRECTION('',(-1.,0.,0.));
#8705 = ADVANCED_FACE('',(#8706),#8731,.F.);
#8706 = FACE_BOUND('',#8707,.F.);
#8707 = EDGE_LOOP('',(#8708,#8716,#8724,#8730));
#8708 = ORIENTED_EDGE('',*,*,#8709,.T.);
#8709 = EDGE_CURVE('',#8592,#8710,#8712,.T.);
#8710 = VERTEX_POINT('',#8711);
#8711 = CARTESIAN_POINT('',(1.51,-0.19,-2.5));
#8712 = LINE('',#8713,#8714);
#8713 = CARTESIAN_POINT('',(1.51,-0.19,2.5));
#8714 = VECTOR('',#8715,1.);
#8715 = DIRECTION('',(-0.,-0.,-1.));
#8716 = ORIENTED_EDGE('',*,*,#8717,.T.);
#8717 = EDGE_CURVE('',#8710,#8718,#8720,.T.);
#8718 = VERTEX_POINT('',#8719);
#8719 = CARTESIAN_POINT('',(1.03,-0.19,-2.5));
#8720 = LINE('',#8721,#8722);
#8721 = CARTESIAN_POINT('',(1.51,-0.19,-2.5));
#8722 = VECTOR('',#8723,1.);
#8723 = DIRECTION('',(-1.,0.,0.));
#8724 = ORIENTED_EDGE('',*,*,#8725,.F.);
#8725 = EDGE_CURVE('',#8594,#8718,#8726,.T.);
#8726 = LINE('',#8727,#8728);
#8727 = CARTESIAN_POINT('',(1.03,-0.19,2.5));
#8728 = VECTOR('',#8729,1.);
#8729 = DIRECTION('',(-0.,-0.,-1.));
#8730 = ORIENTED_EDGE('',*,*,#8591,.F.);
#8731 = PLANE('',#8732);
#8732 = AXIS2_PLACEMENT_3D('',#8733,#8734,#8735);
#8733 = CARTESIAN_POINT('',(1.51,-0.19,2.5));
#8734 = DIRECTION('',(0.,1.,0.));
#8735 = DIRECTION('',(-1.,0.,0.));
#8736 = ADVANCED_FACE('',(#8737),#8755,.F.);
#8737 = FACE_BOUND('',#8738,.F.);
#8738 = EDGE_LOOP('',(#8739,#8740,#8748,#8754));
#8739 = ORIENTED_EDGE('',*,*,#8725,.T.);
#8740 = ORIENTED_EDGE('',*,*,#8741,.T.);
#8741 = EDGE_CURVE('',#8718,#8742,#8744,.T.);
#8742 = VERTEX_POINT('',#8743);
#8743 = CARTESIAN_POINT('',(1.03,0.19,-2.5));
#8744 = LINE('',#8745,#8746);
#8745 = CARTESIAN_POINT('',(1.03,-0.19,-2.5));
#8746 = VECTOR('',#8747,1.);
#8747 = DIRECTION('',(0.,1.,0.));
#8748 = ORIENTED_EDGE('',*,*,#8749,.F.);
#8749 = EDGE_CURVE('',#8610,#8742,#8750,.T.);
#8750 = LINE('',#8751,#8752);
#8751 = CARTESIAN_POINT('',(1.03,0.19,2.5));
#8752 = VECTOR('',#8753,1.);
#8753 = DIRECTION('',(-0.,-0.,-1.));
#8754 = ORIENTED_EDGE('',*,*,#8617,.F.);
#8755 = PLANE('',#8756);
#8756 = AXIS2_PLACEMENT_3D('',#8757,#8758,#8759);
#8757 = CARTESIAN_POINT('',(1.03,-0.19,2.5));
#8758 = DIRECTION('',(1.,0.,0.));
#8759 = DIRECTION('',(-0.,1.,0.));
#8760 = ADVANCED_FACE('',(#8761),#8779,.F.);
#8761 = FACE_BOUND('',#8762,.F.);
#8762 = EDGE_LOOP('',(#8763,#8764,#8772,#8778));
#8763 = ORIENTED_EDGE('',*,*,#8749,.T.);
#8764 = ORIENTED_EDGE('',*,*,#8765,.T.);
#8765 = EDGE_CURVE('',#8742,#8766,#8768,.T.);
#8766 = VERTEX_POINT('',#8767);
#8767 = CARTESIAN_POINT('',(1.51,0.19,-2.5));
#8768 = LINE('',#8769,#8770);
#8769 = CARTESIAN_POINT('',(1.03,0.19,-2.5));
#8770 = VECTOR('',#8771,1.);
#8771 = DIRECTION('',(1.,0.,0.));
#8772 = ORIENTED_EDGE('',*,*,#8773,.F.);
#8773 = EDGE_CURVE('',#8602,#8766,#8774,.T.);
#8774 = LINE('',#8775,#8776);
#8775 = CARTESIAN_POINT('',(1.51,0.19,2.5));
#8776 = VECTOR('',#8777,1.);
#8777 = DIRECTION('',(-0.,-0.,-1.));
#8778 = ORIENTED_EDGE('',*,*,#8609,.F.);
#8779 = PLANE('',#8780);
#8780 = AXIS2_PLACEMENT_3D('',#8781,#8782,#8783);
#8781 = CARTESIAN_POINT('',(1.03,0.19,2.5));
#8782 = DIRECTION('',(0.,-1.,0.));
#8783 = DIRECTION('',(1.,0.,0.));
#8784 = ADVANCED_FACE('',(#8785),#8796,.F.);
#8785 = FACE_BOUND('',#8786,.F.);
#8786 = EDGE_LOOP('',(#8787,#8788,#8794,#8795));
#8787 = ORIENTED_EDGE('',*,*,#8773,.T.);
#8788 = ORIENTED_EDGE('',*,*,#8789,.T.);
#8789 = EDGE_CURVE('',#8766,#8710,#8790,.T.);
#8790 = LINE('',#8791,#8792);
#8791 = CARTESIAN_POINT('',(1.51,0.19,-2.5));
#8792 = VECTOR('',#8793,1.);
#8793 = DIRECTION('',(0.,-1.,0.));
#8794 = ORIENTED_EDGE('',*,*,#8709,.F.);
#8795 = ORIENTED_EDGE('',*,*,#8601,.F.);
#8796 = PLANE('',#8797);
#8797 = AXIS2_PLACEMENT_3D('',#8798,#8799,#8800);
#8798 = CARTESIAN_POINT('',(1.51,0.19,2.5));
#8799 = DIRECTION('',(-1.,0.,0.));
#8800 = DIRECTION('',(0.,-1.,0.));
#8801 = ADVANCED_FACE('',(#8802),#8827,.F.);
#8802 = FACE_BOUND('',#8803,.F.);
#8803 = EDGE_LOOP('',(#8804,#8812,#8820,#8826));
#8804 = ORIENTED_EDGE('',*,*,#8805,.T.);
#8805 = EDGE_CURVE('',#8626,#8806,#8808,.T.);
#8806 = VERTEX_POINT('',#8807);
#8807 = CARTESIAN_POINT('',(0.24,-0.19,-2.5));
#8808 = LINE('',#8809,#8810);
#8809 = CARTESIAN_POINT('',(0.24,-0.19,2.5));
#8810 = VECTOR('',#8811,1.);
#8811 = DIRECTION('',(-0.,-0.,-1.));
#8812 = ORIENTED_EDGE('',*,*,#8813,.T.);
#8813 = EDGE_CURVE('',#8806,#8814,#8816,.T.);
#8814 = VERTEX_POINT('',#8815);
#8815 = CARTESIAN_POINT('',(-0.24,-0.19,-2.5));
#8816 = LINE('',#8817,#8818);
#8817 = CARTESIAN_POINT('',(0.24,-0.19,-2.5));
#8818 = VECTOR('',#8819,1.);
#8819 = DIRECTION('',(-1.,0.,0.));
#8820 = ORIENTED_EDGE('',*,*,#8821,.F.);
#8821 = EDGE_CURVE('',#8628,#8814,#8822,.T.);
#8822 = LINE('',#8823,#8824);
#8823 = CARTESIAN_POINT('',(-0.24,-0.19,2.5));
#8824 = VECTOR('',#8825,1.);
#8825 = DIRECTION('',(-0.,-0.,-1.));
#8826 = ORIENTED_EDGE('',*,*,#8625,.F.);
#8827 = PLANE('',#8828);
#8828 = AXIS2_PLACEMENT_3D('',#8829,#8830,#8831);
#8829 = CARTESIAN_POINT('',(0.24,-0.19,2.5));
#8830 = DIRECTION('',(0.,1.,0.));
#8831 = DIRECTION('',(-1.,0.,0.));
#8832 = ADVANCED_FACE('',(#8833),#8851,.F.);
#8833 = FACE_BOUND('',#8834,.F.);
#8834 = EDGE_LOOP('',(#8835,#8836,#8844,#8850));
#8835 = ORIENTED_EDGE('',*,*,#8821,.T.);
#8836 = ORIENTED_EDGE('',*,*,#8837,.T.);
#8837 = EDGE_CURVE('',#8814,#8838,#8840,.T.);
#8838 = VERTEX_POINT('',#8839);
#8839 = CARTESIAN_POINT('',(-0.24,0.19,-2.5));
#8840 = LINE('',#8841,#8842);
#8841 = CARTESIAN_POINT('',(-0.24,-0.19,-2.5));
#8842 = VECTOR('',#8843,1.);
#8843 = DIRECTION('',(0.,1.,0.));
#8844 = ORIENTED_EDGE('',*,*,#8845,.F.);
#8845 = EDGE_CURVE('',#8644,#8838,#8846,.T.);
#8846 = LINE('',#8847,#8848);
#8847 = CARTESIAN_POINT('',(-0.24,0.19,2.5));
#8848 = VECTOR('',#8849,1.);
#8849 = DIRECTION('',(-0.,-0.,-1.));
#8850 = ORIENTED_EDGE('',*,*,#8651,.F.);
#8851 = PLANE('',#8852);
#8852 = AXIS2_PLACEMENT_3D('',#8853,#8854,#8855);
#8853 = CARTESIAN_POINT('',(-0.24,-0.19,2.5));
#8854 = DIRECTION('',(1.,0.,0.));
#8855 = DIRECTION('',(-0.,1.,0.));
#8856 = ADVANCED_FACE('',(#8857),#8875,.F.);
#8857 = FACE_BOUND('',#8858,.F.);
#8858 = EDGE_LOOP('',(#8859,#8860,#8868,#8874));
#8859 = ORIENTED_EDGE('',*,*,#8845,.T.);
#8860 = ORIENTED_EDGE('',*,*,#8861,.T.);
#8861 = EDGE_CURVE('',#8838,#8862,#8864,.T.);
#8862 = VERTEX_POINT('',#8863);
#8863 = CARTESIAN_POINT('',(0.24,0.19,-2.5));
#8864 = LINE('',#8865,#8866);
#8865 = CARTESIAN_POINT('',(-0.24,0.19,-2.5));
#8866 = VECTOR('',#8867,1.);
#8867 = DIRECTION('',(1.,0.,0.));
#8868 = ORIENTED_EDGE('',*,*,#8869,.F.);
#8869 = EDGE_CURVE('',#8636,#8862,#8870,.T.);
#8870 = LINE('',#8871,#8872);
#8871 = CARTESIAN_POINT('',(0.24,0.19,2.5));
#8872 = VECTOR('',#8873,1.);
#8873 = DIRECTION('',(-0.,-0.,-1.));
#8874 = ORIENTED_EDGE('',*,*,#8643,.F.);
#8875 = PLANE('',#8876);
#8876 = AXIS2_PLACEMENT_3D('',#8877,#8878,#8879);
#8877 = CARTESIAN_POINT('',(-0.24,0.19,2.5));
#8878 = DIRECTION('',(0.,-1.,0.));
#8879 = DIRECTION('',(1.,0.,0.));
#8880 = ADVANCED_FACE('',(#8881),#8892,.F.);
#8881 = FACE_BOUND('',#8882,.F.);
#8882 = EDGE_LOOP('',(#8883,#8884,#8890,#8891));
#8883 = ORIENTED_EDGE('',*,*,#8869,.T.);
#8884 = ORIENTED_EDGE('',*,*,#8885,.T.);
#8885 = EDGE_CURVE('',#8862,#8806,#8886,.T.);
#8886 = LINE('',#8887,#8888);
#8887 = CARTESIAN_POINT('',(0.24,0.19,-2.5));
#8888 = VECTOR('',#8889,1.);
#8889 = DIRECTION('',(0.,-1.,0.));
#8890 = ORIENTED_EDGE('',*,*,#8805,.F.);
#8891 = ORIENTED_EDGE('',*,*,#8635,.F.);
#8892 = PLANE('',#8893);
#8893 = AXIS2_PLACEMENT_3D('',#8894,#8895,#8896);
#8894 = CARTESIAN_POINT('',(0.24,0.19,2.5));
#8895 = DIRECTION('',(-1.,0.,0.));
#8896 = DIRECTION('',(0.,-1.,0.));
#8897 = ADVANCED_FACE('',(#8898),#8923,.F.);
#8898 = FACE_BOUND('',#8899,.F.);
#8899 = EDGE_LOOP('',(#8900,#8908,#8916,#8922));
#8900 = ORIENTED_EDGE('',*,*,#8901,.T.);
#8901 = EDGE_CURVE('',#8660,#8902,#8904,.T.);
#8902 = VERTEX_POINT('',#8903);
#8903 = CARTESIAN_POINT('',(2.78,0.19,-2.5));
#8904 = LINE('',#8905,#8906);
#8905 = CARTESIAN_POINT('',(2.78,0.19,2.5));
#8906 = VECTOR('',#8907,1.);
#8907 = DIRECTION('',(-0.,-0.,-1.));
#8908 = ORIENTED_EDGE('',*,*,#8909,.T.);
#8909 = EDGE_CURVE('',#8902,#8910,#8912,.T.);
#8910 = VERTEX_POINT('',#8911);
#8911 = CARTESIAN_POINT('',(2.78,-0.19,-2.5));
#8912 = LINE('',#8913,#8914);
#8913 = CARTESIAN_POINT('',(2.78,0.19,-2.5));
#8914 = VECTOR('',#8915,1.);
#8915 = DIRECTION('',(0.,-1.,0.));
#8916 = ORIENTED_EDGE('',*,*,#8917,.F.);
#8917 = EDGE_CURVE('',#8662,#8910,#8918,.T.);
#8918 = LINE('',#8919,#8920);
#8919 = CARTESIAN_POINT('',(2.78,-0.19,2.5));
#8920 = VECTOR('',#8921,1.);
#8921 = DIRECTION('',(-0.,-0.,-1.));
#8922 = ORIENTED_EDGE('',*,*,#8659,.F.);
#8923 = PLANE('',#8924);
#8924 = AXIS2_PLACEMENT_3D('',#8925,#8926,#8927);
#8925 = CARTESIAN_POINT('',(2.78,0.19,2.5));
#8926 = DIRECTION('',(-1.,0.,0.));
#8927 = DIRECTION('',(0.,-1.,0.));
#8928 = ADVANCED_FACE('',(#8929),#8947,.F.);
#8929 = FACE_BOUND('',#8930,.F.);
#8930 = EDGE_LOOP('',(#8931,#8932,#8940,#8946));
#8931 = ORIENTED_EDGE('',*,*,#8917,.T.);
#8932 = ORIENTED_EDGE('',*,*,#8933,.T.);
#8933 = EDGE_CURVE('',#8910,#8934,#8936,.T.);
#8934 = VERTEX_POINT('',#8935);
#8935 = CARTESIAN_POINT('',(2.3,-0.19,-2.5));
#8936 = LINE('',#8937,#8938);
#8937 = CARTESIAN_POINT('',(2.78,-0.19,-2.5));
#8938 = VECTOR('',#8939,1.);
#8939 = DIRECTION('',(-1.,0.,0.));
#8940 = ORIENTED_EDGE('',*,*,#8941,.F.);
#8941 = EDGE_CURVE('',#8678,#8934,#8942,.T.);
#8942 = LINE('',#8943,#8944);
#8943 = CARTESIAN_POINT('',(2.3,-0.19,2.5));
#8944 = VECTOR('',#8945,1.);
#8945 = DIRECTION('',(-0.,-0.,-1.));
#8946 = ORIENTED_EDGE('',*,*,#8685,.F.);
#8947 = PLANE('',#8948);
#8948 = AXIS2_PLACEMENT_3D('',#8949,#8950,#8951);
#8949 = CARTESIAN_POINT('',(2.78,-0.19,2.5));
#8950 = DIRECTION('',(0.,1.,0.));
#8951 = DIRECTION('',(-1.,0.,0.));
#8952 = ADVANCED_FACE('',(#8953),#8971,.F.);
#8953 = FACE_BOUND('',#8954,.F.);
#8954 = EDGE_LOOP('',(#8955,#8956,#8964,#8970));
#8955 = ORIENTED_EDGE('',*,*,#8941,.T.);
#8956 = ORIENTED_EDGE('',*,*,#8957,.T.);
#8957 = EDGE_CURVE('',#8934,#8958,#8960,.T.);
#8958 = VERTEX_POINT('',#8959);
#8959 = CARTESIAN_POINT('',(2.3,0.19,-2.5));
#8960 = LINE('',#8961,#8962);
#8961 = CARTESIAN_POINT('',(2.3,-0.19,-2.5));
#8962 = VECTOR('',#8963,1.);
#8963 = DIRECTION('',(0.,1.,0.));
#8964 = ORIENTED_EDGE('',*,*,#8965,.F.);
#8965 = EDGE_CURVE('',#8670,#8958,#8966,.T.);
#8966 = LINE('',#8967,#8968);
#8967 = CARTESIAN_POINT('',(2.3,0.19,2.5));
#8968 = VECTOR('',#8969,1.);
#8969 = DIRECTION('',(-0.,-0.,-1.));
#8970 = ORIENTED_EDGE('',*,*,#8677,.F.);
#8971 = PLANE('',#8972);
#8972 = AXIS2_PLACEMENT_3D('',#8973,#8974,#8975);
#8973 = CARTESIAN_POINT('',(2.3,-0.19,2.5));
#8974 = DIRECTION('',(1.,0.,0.));
#8975 = DIRECTION('',(-0.,1.,0.));
#8976 = ADVANCED_FACE('',(#8977),#8988,.F.);
#8977 = FACE_BOUND('',#8978,.F.);
#8978 = EDGE_LOOP('',(#8979,#8980,#8986,#8987));
#8979 = ORIENTED_EDGE('',*,*,#8965,.T.);
#8980 = ORIENTED_EDGE('',*,*,#8981,.T.);
#8981 = EDGE_CURVE('',#8958,#8902,#8982,.T.);
#8982 = LINE('',#8983,#8984);
#8983 = CARTESIAN_POINT('',(2.3,0.19,-2.5));
#8984 = VECTOR('',#8985,1.);
#8985 = DIRECTION('',(1.,0.,0.));
#8986 = ORIENTED_EDGE('',*,*,#8901,.F.);
#8987 = ORIENTED_EDGE('',*,*,#8669,.F.);
#8988 = PLANE('',#8989);
#8989 = AXIS2_PLACEMENT_3D('',#8990,#8991,#8992);
#8990 = CARTESIAN_POINT('',(2.3,0.19,2.5));
#8991 = DIRECTION('',(0.,-1.,0.));
#8992 = DIRECTION('',(1.,0.,0.));
#8993 = ADVANCED_FACE('',(#8994),#9000,.F.);
#8994 = FACE_BOUND('',#8995,.T.);
#8995 = EDGE_LOOP('',(#8996,#8997,#8998,#8999));
#8996 = ORIENTED_EDGE('',*,*,#8765,.T.);
#8997 = ORIENTED_EDGE('',*,*,#8789,.T.);
#8998 = ORIENTED_EDGE('',*,*,#8717,.T.);
#8999 = ORIENTED_EDGE('',*,*,#8741,.T.);
#9000 = PLANE('',#9001);
#9001 = AXIS2_PLACEMENT_3D('',#9002,#9003,#9004);
#9002 = CARTESIAN_POINT('',(1.03,0.19,-2.5));
#9003 = DIRECTION('',(0.,0.,1.));
#9004 = DIRECTION('',(1.,0.,-0.));
#9005 = ADVANCED_FACE('',(#9006),#9012,.F.);
#9006 = FACE_BOUND('',#9007,.T.);
#9007 = EDGE_LOOP('',(#9008,#9009,#9010,#9011));
#9008 = ORIENTED_EDGE('',*,*,#8861,.T.);
#9009 = ORIENTED_EDGE('',*,*,#8885,.T.);
#9010 = ORIENTED_EDGE('',*,*,#8813,.T.);
#9011 = ORIENTED_EDGE('',*,*,#8837,.T.);
#9012 = PLANE('',#9013);
#9013 = AXIS2_PLACEMENT_3D('',#9014,#9015,#9016);
#9014 = CARTESIAN_POINT('',(-0.24,0.19,-2.5));
#9015 = DIRECTION('',(0.,0.,1.));
#9016 = DIRECTION('',(1.,0.,-0.));
#9017 = ADVANCED_FACE('',(#9018),#9024,.F.);
#9018 = FACE_BOUND('',#9019,.T.);
#9019 = EDGE_LOOP('',(#9020,#9021,#9022,#9023));
#9020 = ORIENTED_EDGE('',*,*,#8981,.T.);
#9021 = ORIENTED_EDGE('',*,*,#8909,.T.);
#9022 = ORIENTED_EDGE('',*,*,#8933,.T.);
#9023 = ORIENTED_EDGE('',*,*,#8957,.T.);
#9024 = PLANE('',#9025);
#9025 = AXIS2_PLACEMENT_3D('',#9026,#9027,#9028);
#9026 = CARTESIAN_POINT('',(2.3,0.19,-2.5));
#9027 = DIRECTION('',(0.,0.,1.));
#9028 = DIRECTION('',(1.,0.,-0.));
#9029 = ( GEOMETRIC_REPRESENTATION_CONTEXT(3) 
GLOBAL_UNCERTAINTY_ASSIGNED_CONTEXT((#9033)) 
GLOBAL_UNIT_ASSIGNED_CONTEXT((#9030,#9031,#9032)) REPRESENTATION_CONTEXT
('Context #1','3D Context with UNIT and UNCERTAINTY') );
#9030 = ( LENGTH_UNIT() NAMED_UNIT(*) SI_UNIT(.MILLI.,.METRE.) );
#9031 = ( NAMED_UNIT(*) PLANE_ANGLE_UNIT() SI_UNIT($,.RADIAN.) );
#9032 = ( NAMED_UNIT(*) SI_UNIT($,.STERADIAN.) SOLID_ANGLE_UNIT() );
#9033 = UNCERTAINTY_MEASURE_WITH_UNIT(LENGTH_MEASURE(1.E-07),#9030,
  'distance_accuracy_value','confusion accuracy');
#9034 = CONTEXT_DEPENDENT_SHAPE_REPRESENTATION(#9035,#9037);
#9035 = ( REPRESENTATION_RELATIONSHIP('','',#8516,#10) 
REPRESENTATION_RELATIONSHIP_WITH_TRANSFORMATION(#9036) 
SHAPE_REPRESENTATION_RELATIONSHIP() );
#9036 = ITEM_DEFINED_TRANSFORMATION('','',#11,#31);
#9037 = PRODUCT_DEFINITION_SHAPE('Placement','Placement of an item',
  #9038);
#9038 = NEXT_ASSEMBLY_USAGE_OCCURRENCE('5','Q1','',#5,#8511,$);
#9039 = PRODUCT_RELATED_PRODUCT_CATEGORY('part',$,(#8513));
#9040 = CONTEXT_DEPENDENT_SHAPE_REPRESENTATION(#9041,#9043);
#9041 = ( REPRESENTATION_RELATIONSHIP('','',#7666,#10) 
REPRESENTATION_RELATIONSHIP_WITH_TRANSFORMATION(#9042) 
SHAPE_REPRESENTATION_RELATIONSHIP() );
#9042 = ITEM_DEFINED_TRANSFORMATION('','',#11,#35);
#9043 = PRODUCT_DEFINITION_SHAPE('Placement','Placement of an item',
  #9044);
#9044 = NEXT_ASSEMBLY_USAGE_OCCURRENCE('6','R3','',#5,#7661,$);
#9045 = SHAPE_DEFINITION_REPRESENTATION(#9046,#9052);
#9046 = PRODUCT_DEFINITION_SHAPE('','',#9047);
#9047 = PRODUCT_DEFINITION('design','',#9048,#9051);
#9048 = PRODUCT_DEFINITION_FORMATION('','',#9049);
#9049 = PRODUCT('LDR_Night_Lamp_PCB','LDR_Night_Lamp_PCB','',(#9050));
#9050 = PRODUCT_CONTEXT('',#2,'mechanical');
#9051 = PRODUCT_DEFINITION_CONTEXT('part definition',#2,'design');
#9052 = ADVANCED_BREP_SHAPE_REPRESENTATION('',(#11,#9053),#10029);
#9053 = MANIFOLD_SOLID_BREP('',#9054);
#9054 = CLOSED_SHELL('',(#9055,#9095,#9126,#9157,#9400,#9643,#9655,#9672
    ,#9694,#9711,#9728,#9740,#9757,#9774,#9791,#9808,#9825,#9842,#9859,
    #9876,#9898,#9915,#9932,#9944,#9961,#9978,#9995,#10012));
#9055 = ADVANCED_FACE('',(#9056),#9090,.T.);
#9056 = FACE_BOUND('',#9057,.T.);
#9057 = EDGE_LOOP('',(#9058,#9068,#9076,#9084));
#9058 = ORIENTED_EDGE('',*,*,#9059,.T.);
#9059 = EDGE_CURVE('',#9060,#9062,#9064,.T.);
#9060 = VERTEX_POINT('',#9061);
#9061 = CARTESIAN_POINT('',(181.46,-99.1,0.));
#9062 = VERTEX_POINT('',#9063);
#9063 = CARTESIAN_POINT('',(181.46,-99.1,1.51));
#9064 = LINE('',#9065,#9066);
#9065 = CARTESIAN_POINT('',(181.46,-99.1,0.));
#9066 = VECTOR('',#9067,1.);
#9067 = DIRECTION('',(0.,0.,1.));
#9068 = ORIENTED_EDGE('',*,*,#9069,.T.);
#9069 = EDGE_CURVE('',#9062,#9070,#9072,.T.);
#9070 = VERTEX_POINT('',#9071);
#9071 = CARTESIAN_POINT('',(112.96,-99.1,1.51));
#9072 = LINE('',#9073,#9074);
#9073 = CARTESIAN_POINT('',(181.46,-99.1,1.51));
#9074 = VECTOR('',#9075,1.);
#9075 = DIRECTION('',(-1.,0.,0.));
#9076 = ORIENTED_EDGE('',*,*,#9077,.F.);
#9077 = EDGE_CURVE('',#9078,#9070,#9080,.T.);
#9078 = VERTEX_POINT('',#9079);
#9079 = CARTESIAN_POINT('',(112.96,-99.1,0.));
#9080 = LINE('',#9081,#9082);
#9081 = CARTESIAN_POINT('',(112.96,-99.1,0.));
#9082 = VECTOR('',#9083,1.);
#9083 = DIRECTION('',(0.,0.,1.));
#9084 = ORIENTED_EDGE('',*,*,#9085,.F.);
#9085 = EDGE_CURVE('',#9060,#9078,#9086,.T.);
#9086 = LINE('',#9087,#9088);
#9087 = CARTESIAN_POINT('',(181.46,-99.1,0.));
#9088 = VECTOR('',#9089,1.);
#9089 = DIRECTION('',(-1.,0.,0.));
#9090 = PLANE('',#9091);
#9091 = AXIS2_PLACEMENT_3D('',#9092,#9093,#9094);
#9092 = CARTESIAN_POINT('',(181.46,-99.1,0.));
#9093 = DIRECTION('',(0.,-1.,0.));
#9094 = DIRECTION('',(-1.,0.,0.));
#9095 = ADVANCED_FACE('',(#9096),#9121,.T.);
#9096 = FACE_BOUND('',#9097,.T.);
#9097 = EDGE_LOOP('',(#9098,#9108,#9114,#9115));
#9098 = ORIENTED_EDGE('',*,*,#9099,.T.);
#9099 = EDGE_CURVE('',#9100,#9102,#9104,.T.);
#9100 = VERTEX_POINT('',#9101);
#9101 = CARTESIAN_POINT('',(181.46,-60.1,0.));
#9102 = VERTEX_POINT('',#9103);
#9103 = CARTESIAN_POINT('',(181.46,-60.1,1.51));
#9104 = LINE('',#9105,#9106);
#9105 = CARTESIAN_POINT('',(181.46,-60.1,0.));
#9106 = VECTOR('',#9107,1.);
#9107 = DIRECTION('',(0.,0.,1.));
#9108 = ORIENTED_EDGE('',*,*,#9109,.T.);
#9109 = EDGE_CURVE('',#9102,#9062,#9110,.T.);
#9110 = LINE('',#9111,#9112);
#9111 = CARTESIAN_POINT('',(181.46,-60.1,1.51));
#9112 = VECTOR('',#9113,1.);
#9113 = DIRECTION('',(0.,-1.,0.));
#9114 = ORIENTED_EDGE('',*,*,#9059,.F.);
#9115 = ORIENTED_EDGE('',*,*,#9116,.F.);
#9116 = EDGE_CURVE('',#9100,#9060,#9117,.T.);
#9117 = LINE('',#9118,#9119);
#9118 = CARTESIAN_POINT('',(181.46,-60.1,0.));
#9119 = VECTOR('',#9120,1.);
#9120 = DIRECTION('',(0.,-1.,0.));
#9121 = PLANE('',#9122);
#9122 = AXIS2_PLACEMENT_3D('',#9123,#9124,#9125);
#9123 = CARTESIAN_POINT('',(181.46,-60.1,0.));
#9124 = DIRECTION('',(1.,0.,-0.));
#9125 = DIRECTION('',(0.,-1.,0.));
#9126 = ADVANCED_FACE('',(#9127),#9152,.T.);
#9127 = FACE_BOUND('',#9128,.T.);
#9128 = EDGE_LOOP('',(#9129,#9130,#9138,#9146));
#9129 = ORIENTED_EDGE('',*,*,#9077,.T.);
#9130 = ORIENTED_EDGE('',*,*,#9131,.T.);
#9131 = EDGE_CURVE('',#9070,#9132,#9134,.T.);
#9132 = VERTEX_POINT('',#9133);
#9133 = CARTESIAN_POINT('',(112.96,-60.1,1.51));
#9134 = LINE('',#9135,#9136);
#9135 = CARTESIAN_POINT('',(112.96,-99.1,1.51));
#9136 = VECTOR('',#9137,1.);
#9137 = DIRECTION('',(0.,1.,0.));
#9138 = ORIENTED_EDGE('',*,*,#9139,.F.);
#9139 = EDGE_CURVE('',#9140,#9132,#9142,.T.);
#9140 = VERTEX_POINT('',#9141);
#9141 = CARTESIAN_POINT('',(112.96,-60.1,0.));
#9142 = LINE('',#9143,#9144);
#9143 = CARTESIAN_POINT('',(112.96,-60.1,0.));
#9144 = VECTOR('',#9145,1.);
#9145 = DIRECTION('',(0.,0.,1.));
#9146 = ORIENTED_EDGE('',*,*,#9147,.F.);
#9147 = EDGE_CURVE('',#9078,#9140,#9148,.T.);
#9148 = LINE('',#9149,#9150);
#9149 = CARTESIAN_POINT('',(112.96,-99.1,0.));
#9150 = VECTOR('',#9151,1.);
#9151 = DIRECTION('',(0.,1.,0.));
#9152 = PLANE('',#9153);
#9153 = AXIS2_PLACEMENT_3D('',#9154,#9155,#9156);
#9154 = CARTESIAN_POINT('',(112.96,-99.1,0.));
#9155 = DIRECTION('',(-1.,0.,0.));
#9156 = DIRECTION('',(0.,1.,0.));
#9157 = ADVANCED_FACE('',(#9158,#9169,#9180,#9216,#9227,#9238,#9249,
    #9260,#9271,#9282,#9293,#9304,#9340,#9351,#9362,#9373,#9384),#9395,
  .F.);
#9158 = FACE_BOUND('',#9159,.F.);
#9159 = EDGE_LOOP('',(#9160,#9161,#9162,#9168));
#9160 = ORIENTED_EDGE('',*,*,#9085,.F.);
#9161 = ORIENTED_EDGE('',*,*,#9116,.F.);
#9162 = ORIENTED_EDGE('',*,*,#9163,.F.);
#9163 = EDGE_CURVE('',#9140,#9100,#9164,.T.);
#9164 = LINE('',#9165,#9166);
#9165 = CARTESIAN_POINT('',(112.96,-60.1,0.));
#9166 = VECTOR('',#9167,1.);
#9167 = DIRECTION('',(1.,0.,0.));
#9168 = ORIENTED_EDGE('',*,*,#9147,.F.);
#9169 = FACE_BOUND('',#9170,.F.);
#9170 = EDGE_LOOP('',(#9171));
#9171 = ORIENTED_EDGE('',*,*,#9172,.T.);
#9172 = EDGE_CURVE('',#9173,#9173,#9175,.T.);
#9173 = VERTEX_POINT('',#9174);
#9174 = CARTESIAN_POINT('',(129.53,-89.645,0.));
#9175 = CIRCLE('',#9176,1.145);
#9176 = AXIS2_PLACEMENT_3D('',#9177,#9178,#9179);
#9177 = CARTESIAN_POINT('',(129.53,-88.5,0.));
#9178 = DIRECTION('',(-0.,0.,-1.));
#9179 = DIRECTION('',(-0.,-1.,0.));
#9180 = FACE_BOUND('',#9181,.F.);
#9181 = EDGE_LOOP('',(#9182,#9193,#9201,#9210));
#9182 = ORIENTED_EDGE('',*,*,#9183,.T.);
#9183 = EDGE_CURVE('',#9184,#9186,#9188,.T.);
#9184 = VERTEX_POINT('',#9185);
#9185 = CARTESIAN_POINT('',(117.57,-84.565,0.));
#9186 = VERTEX_POINT('',#9187);
#9187 = CARTESIAN_POINT('',(116.91,-84.565,0.));
#9188 = CIRCLE('',#9189,0.33);
#9189 = AXIS2_PLACEMENT_3D('',#9190,#9191,#9192);
#9190 = CARTESIAN_POINT('',(117.24,-84.565,0.));
#9191 = DIRECTION('',(-0.,0.,-1.));
#9192 = DIRECTION('',(-1.,-4.306319610667E-14,0.));
#9193 = ORIENTED_EDGE('',*,*,#9194,.T.);
#9194 = EDGE_CURVE('',#9186,#9195,#9197,.T.);
#9195 = VERTEX_POINT('',#9196);
#9196 = CARTESIAN_POINT('',(116.91,-82.955,0.));
#9197 = LINE('',#9198,#9199);
#9198 = CARTESIAN_POINT('',(116.91,-41.4775,0.));
#9199 = VECTOR('',#9200,1.);
#9200 = DIRECTION('',(-0.,1.,0.));
#9201 = ORIENTED_EDGE('',*,*,#9202,.T.);
#9202 = EDGE_CURVE('',#9195,#9203,#9205,.T.);
#9203 = VERTEX_POINT('',#9204);
#9204 = CARTESIAN_POINT('',(117.57,-82.955,0.));
#9205 = CIRCLE('',#9206,0.33);
#9206 = AXIS2_PLACEMENT_3D('',#9207,#9208,#9209);
#9207 = CARTESIAN_POINT('',(117.24,-82.955,0.));
#9208 = DIRECTION('',(0.,-0.,-1.));
#9209 = DIRECTION('',(1.,0.,-0.));
#9210 = ORIENTED_EDGE('',*,*,#9211,.T.);
#9211 = EDGE_CURVE('',#9203,#9184,#9212,.T.);
#9212 = LINE('',#9213,#9214);
#9213 = CARTESIAN_POINT('',(117.57,-42.2825,0.));
#9214 = VECTOR('',#9215,1.);
#9215 = DIRECTION('',(0.,-1.,0.));
#9216 = FACE_BOUND('',#9217,.F.);
#9217 = EDGE_LOOP('',(#9218));
#9218 = ORIENTED_EDGE('',*,*,#9219,.T.);
#9219 = EDGE_CURVE('',#9220,#9220,#9222,.T.);
#9220 = VERTEX_POINT('',#9221);
#9221 = CARTESIAN_POINT('',(156.5,-89.645,0.));
#9222 = CIRCLE('',#9223,1.145);
#9223 = AXIS2_PLACEMENT_3D('',#9224,#9225,#9226);
#9224 = CARTESIAN_POINT('',(156.5,-88.5,0.));
#9225 = DIRECTION('',(-0.,0.,-1.));
#9226 = DIRECTION('',(-0.,-1.,0.));
#9227 = FACE_BOUND('',#9228,.F.);
#9228 = EDGE_LOOP('',(#9229));
#9229 = ORIENTED_EDGE('',*,*,#9230,.T.);
#9230 = EDGE_CURVE('',#9231,#9231,#9233,.T.);
#9231 = VERTEX_POINT('',#9232);
#9232 = CARTESIAN_POINT('',(175.46,-96.5,0.));
#9233 = CIRCLE('',#9234,0.4);
#9234 = AXIS2_PLACEMENT_3D('',#9235,#9236,#9237);
#9235 = CARTESIAN_POINT('',(175.46,-96.1,0.));
#9236 = DIRECTION('',(-0.,0.,-1.));
#9237 = DIRECTION('',(-0.,-1.,0.));
#9238 = FACE_BOUND('',#9239,.F.);
#9239 = EDGE_LOOP('',(#9240));
#9240 = ORIENTED_EDGE('',*,*,#9241,.T.);
#9241 = EDGE_CURVE('',#9242,#9242,#9244,.T.);
#9242 = VERTEX_POINT('',#9243);
#9243 = CARTESIAN_POINT('',(178.86,-96.5,0.));
#9244 = CIRCLE('',#9245,0.4);
#9245 = AXIS2_PLACEMENT_3D('',#9246,#9247,#9248);
#9246 = CARTESIAN_POINT('',(178.86,-96.1,0.));
#9247 = DIRECTION('',(-0.,0.,-1.));
#9248 = DIRECTION('',(-0.,-1.,0.));
#9249 = FACE_BOUND('',#9250,.F.);
#9250 = EDGE_LOOP('',(#9251));
#9251 = ORIENTED_EDGE('',*,*,#9252,.T.);
#9252 = EDGE_CURVE('',#9253,#9253,#9255,.T.);
#9253 = VERTEX_POINT('',#9254);
#9254 = CARTESIAN_POINT('',(175.96,-90.975,0.));
#9255 = CIRCLE('',#9256,0.375);
#9256 = AXIS2_PLACEMENT_3D('',#9257,#9258,#9259);
#9257 = CARTESIAN_POINT('',(175.96,-90.6,0.));
#9258 = DIRECTION('',(-0.,0.,-1.));
#9259 = DIRECTION('',(-0.,-1.,0.));
#9260 = FACE_BOUND('',#9261,.F.);
#9261 = EDGE_LOOP('',(#9262));
#9262 = ORIENTED_EDGE('',*,*,#9263,.T.);
#9263 = EDGE_CURVE('',#9264,#9264,#9266,.T.);
#9264 = VERTEX_POINT('',#9265);
#9265 = CARTESIAN_POINT('',(177.23,-90.975,0.));
#9266 = CIRCLE('',#9267,0.375);
#9267 = AXIS2_PLACEMENT_3D('',#9268,#9269,#9270);
#9268 = CARTESIAN_POINT('',(177.23,-90.6,0.));
#9269 = DIRECTION('',(-0.,0.,-1.));
#9270 = DIRECTION('',(-0.,-1.,0.));
#9271 = FACE_BOUND('',#9272,.F.);
#9272 = EDGE_LOOP('',(#9273));
#9273 = ORIENTED_EDGE('',*,*,#9274,.T.);
#9274 = EDGE_CURVE('',#9275,#9275,#9277,.T.);
#9275 = VERTEX_POINT('',#9276);
#9276 = CARTESIAN_POINT('',(178.5,-90.975,0.));
#9277 = CIRCLE('',#9278,0.375);
#9278 = AXIS2_PLACEMENT_3D('',#9279,#9280,#9281);
#9279 = CARTESIAN_POINT('',(178.5,-90.6,0.));
#9280 = DIRECTION('',(-0.,0.,-1.));
#9281 = DIRECTION('',(-0.,-1.,0.));
#9282 = FACE_BOUND('',#9283,.F.);
#9283 = EDGE_LOOP('',(#9284));
#9284 = ORIENTED_EDGE('',*,*,#9285,.T.);
#9285 = EDGE_CURVE('',#9286,#9286,#9288,.T.);
#9286 = VERTEX_POINT('',#9287);
#9287 = CARTESIAN_POINT('',(175.96,-84.05,0.));
#9288 = CIRCLE('',#9289,0.45);
#9289 = AXIS2_PLACEMENT_3D('',#9290,#9291,#9292);
#9290 = CARTESIAN_POINT('',(175.96,-83.6,0.));
#9291 = DIRECTION('',(-0.,0.,-1.));
#9292 = DIRECTION('',(6.315935428978E-14,-1.,-0.));
#9293 = FACE_BOUND('',#9294,.F.);
#9294 = EDGE_LOOP('',(#9295));
#9295 = ORIENTED_EDGE('',*,*,#9296,.T.);
#9296 = EDGE_CURVE('',#9297,#9297,#9299,.T.);
#9297 = VERTEX_POINT('',#9298);
#9298 = CARTESIAN_POINT('',(178.5,-84.05,0.));
#9299 = CIRCLE('',#9300,0.45);
#9300 = AXIS2_PLACEMENT_3D('',#9301,#9302,#9303);
#9301 = CARTESIAN_POINT('',(178.5,-83.6,0.));
#9302 = DIRECTION('',(-0.,0.,-1.));
#9303 = DIRECTION('',(-0.,-1.,0.));
#9304 = FACE_BOUND('',#9305,.F.);
#9305 = EDGE_LOOP('',(#9306,#9317,#9325,#9334));
#9306 = ORIENTED_EDGE('',*,*,#9307,.T.);
#9307 = EDGE_CURVE('',#9308,#9310,#9312,.T.);
#9308 = VERTEX_POINT('',#9309);
#9309 = CARTESIAN_POINT('',(117.57,-71.685,0.));
#9310 = VERTEX_POINT('',#9311);
#9311 = CARTESIAN_POINT('',(116.91,-71.685,0.));
#9312 = CIRCLE('',#9313,0.33);
#9313 = AXIS2_PLACEMENT_3D('',#9314,#9315,#9316);
#9314 = CARTESIAN_POINT('',(117.24,-71.685,0.));
#9315 = DIRECTION('',(-0.,0.,-1.));
#9316 = DIRECTION('',(-1.,-4.306319610667E-14,0.));
#9317 = ORIENTED_EDGE('',*,*,#9318,.T.);
#9318 = EDGE_CURVE('',#9310,#9319,#9321,.T.);
#9319 = VERTEX_POINT('',#9320);
#9320 = CARTESIAN_POINT('',(116.91,-70.075,0.));
#9321 = LINE('',#9322,#9323);
#9322 = CARTESIAN_POINT('',(116.91,-35.0375,0.));
#9323 = VECTOR('',#9324,1.);
#9324 = DIRECTION('',(-0.,1.,0.));
#9325 = ORIENTED_EDGE('',*,*,#9326,.T.);
#9326 = EDGE_CURVE('',#9319,#9327,#9329,.T.);
#9327 = VERTEX_POINT('',#9328);
#9328 = CARTESIAN_POINT('',(117.57,-70.075,0.));
#9329 = CIRCLE('',#9330,0.33);
#9330 = AXIS2_PLACEMENT_3D('',#9331,#9332,#9333);
#9331 = CARTESIAN_POINT('',(117.24,-70.075,0.));
#9332 = DIRECTION('',(0.,-0.,-1.));
#9333 = DIRECTION('',(1.,0.,-0.));
#9334 = ORIENTED_EDGE('',*,*,#9335,.T.);
#9335 = EDGE_CURVE('',#9327,#9308,#9336,.T.);
#9336 = LINE('',#9337,#9338);
#9337 = CARTESIAN_POINT('',(117.57,-35.8425,0.));
#9338 = VECTOR('',#9339,1.);
#9339 = DIRECTION('',(0.,-1.,0.));
#9340 = FACE_BOUND('',#9341,.F.);
#9341 = EDGE_LOOP('',(#9342));
#9342 = ORIENTED_EDGE('',*,*,#9343,.T.);
#9343 = EDGE_CURVE('',#9344,#9344,#9346,.T.);
#9344 = VERTEX_POINT('',#9345);
#9345 = CARTESIAN_POINT('',(143.02,-67.295,0.));
#9346 = CIRCLE('',#9347,1.145);
#9347 = AXIS2_PLACEMENT_3D('',#9348,#9349,#9350);
#9348 = CARTESIAN_POINT('',(143.02,-66.15,0.));
#9349 = DIRECTION('',(-0.,0.,-1.));
#9350 = DIRECTION('',(2.482245365101E-14,-1.,-0.));
#9351 = FACE_BOUND('',#9352,.F.);
#9352 = EDGE_LOOP('',(#9353));
#9353 = ORIENTED_EDGE('',*,*,#9354,.T.);
#9354 = EDGE_CURVE('',#9355,#9355,#9357,.T.);
#9355 = VERTEX_POINT('',#9356);
#9356 = CARTESIAN_POINT('',(173.96,-77.62,0.));
#9357 = CIRCLE('',#9358,0.4);
#9358 = AXIS2_PLACEMENT_3D('',#9359,#9360,#9361);
#9359 = CARTESIAN_POINT('',(173.96,-77.22,0.));
#9360 = DIRECTION('',(-0.,0.,-1.));
#9361 = DIRECTION('',(-0.,-1.,0.));
#9362 = FACE_BOUND('',#9363,.F.);
#9363 = EDGE_LOOP('',(#9364));
#9364 = ORIENTED_EDGE('',*,*,#9365,.T.);
#9365 = EDGE_CURVE('',#9366,#9366,#9368,.T.);
#9366 = VERTEX_POINT('',#9367);
#9367 = CARTESIAN_POINT('',(178.01,-77.62,0.));
#9368 = CIRCLE('',#9369,0.4);
#9369 = AXIS2_PLACEMENT_3D('',#9370,#9371,#9372);
#9370 = CARTESIAN_POINT('',(178.01,-77.22,0.));
#9371 = DIRECTION('',(-0.,0.,-1.));
#9372 = DIRECTION('',(-0.,-1.,0.));
#9373 = FACE_BOUND('',#9374,.F.);
#9374 = EDGE_LOOP('',(#9375));
#9375 = ORIENTED_EDGE('',*,*,#9376,.T.);
#9376 = EDGE_CURVE('',#9377,#9377,#9379,.T.);
#9377 = VERTEX_POINT('',#9378);
#9378 = CARTESIAN_POINT('',(173.96,-62.38,0.));
#9379 = CIRCLE('',#9380,0.4);
#9380 = AXIS2_PLACEMENT_3D('',#9381,#9382,#9383);
#9381 = CARTESIAN_POINT('',(173.96,-61.98,0.));
#9382 = DIRECTION('',(-0.,0.,-1.));
#9383 = DIRECTION('',(-0.,-1.,0.));
#9384 = FACE_BOUND('',#9385,.F.);
#9385 = EDGE_LOOP('',(#9386));
#9386 = ORIENTED_EDGE('',*,*,#9387,.T.);
#9387 = EDGE_CURVE('',#9388,#9388,#9390,.T.);
#9388 = VERTEX_POINT('',#9389);
#9389 = CARTESIAN_POINT('',(178.01,-62.38,0.));
#9390 = CIRCLE('',#9391,0.4);
#9391 = AXIS2_PLACEMENT_3D('',#9392,#9393,#9394);
#9392 = CARTESIAN_POINT('',(178.01,-61.98,0.));
#9393 = DIRECTION('',(-0.,0.,-1.));
#9394 = DIRECTION('',(-0.,-1.,0.));
#9395 = PLANE('',#9396);
#9396 = AXIS2_PLACEMENT_3D('',#9397,#9398,#9399);
#9397 = CARTESIAN_POINT('',(0.,0.,0.));
#9398 = DIRECTION('',(0.,0.,1.));
#9399 = DIRECTION('',(1.,0.,-0.));
#9400 = ADVANCED_FACE('',(#9401,#9412,#9423,#9459,#9470,#9481,#9492,
    #9503,#9514,#9525,#9536,#9547,#9583,#9594,#9605,#9616,#9627),#9638,
  .T.);
#9401 = FACE_BOUND('',#9402,.T.);
#9402 = EDGE_LOOP('',(#9403,#9404,#9405,#9411));
#9403 = ORIENTED_EDGE('',*,*,#9069,.F.);
#9404 = ORIENTED_EDGE('',*,*,#9109,.F.);
#9405 = ORIENTED_EDGE('',*,*,#9406,.F.);
#9406 = EDGE_CURVE('',#9132,#9102,#9407,.T.);
#9407 = LINE('',#9408,#9409);
#9408 = CARTESIAN_POINT('',(112.96,-60.1,1.51));
#9409 = VECTOR('',#9410,1.);
#9410 = DIRECTION('',(1.,0.,0.));
#9411 = ORIENTED_EDGE('',*,*,#9131,.F.);
#9412 = FACE_BOUND('',#9413,.T.);
#9413 = EDGE_LOOP('',(#9414));
#9414 = ORIENTED_EDGE('',*,*,#9415,.T.);
#9415 = EDGE_CURVE('',#9416,#9416,#9418,.T.);
#9416 = VERTEX_POINT('',#9417);
#9417 = CARTESIAN_POINT('',(129.53,-89.645,1.51));
#9418 = CIRCLE('',#9419,1.145);
#9419 = AXIS2_PLACEMENT_3D('',#9420,#9421,#9422);
#9420 = CARTESIAN_POINT('',(129.53,-88.5,1.51));
#9421 = DIRECTION('',(-0.,0.,-1.));
#9422 = DIRECTION('',(-0.,-1.,0.));
#9423 = FACE_BOUND('',#9424,.T.);
#9424 = EDGE_LOOP('',(#9425,#9436,#9444,#9453));
#9425 = ORIENTED_EDGE('',*,*,#9426,.T.);
#9426 = EDGE_CURVE('',#9427,#9429,#9431,.T.);
#9427 = VERTEX_POINT('',#9428);
#9428 = CARTESIAN_POINT('',(117.57,-84.565,1.51));
#9429 = VERTEX_POINT('',#9430);
#9430 = CARTESIAN_POINT('',(116.91,-84.565,1.51));
#9431 = CIRCLE('',#9432,0.33);
#9432 = AXIS2_PLACEMENT_3D('',#9433,#9434,#9435);
#9433 = CARTESIAN_POINT('',(117.24,-84.565,1.51));
#9434 = DIRECTION('',(-0.,0.,-1.));
#9435 = DIRECTION('',(-1.,-4.306319610667E-14,0.));
#9436 = ORIENTED_EDGE('',*,*,#9437,.T.);
#9437 = EDGE_CURVE('',#9429,#9438,#9440,.T.);
#9438 = VERTEX_POINT('',#9439);
#9439 = CARTESIAN_POINT('',(116.91,-82.955,1.51));
#9440 = LINE('',#9441,#9442);
#9441 = CARTESIAN_POINT('',(116.91,-41.4775,1.51));
#9442 = VECTOR('',#9443,1.);
#9443 = DIRECTION('',(-0.,1.,0.));
#9444 = ORIENTED_EDGE('',*,*,#9445,.T.);
#9445 = EDGE_CURVE('',#9438,#9446,#9448,.T.);
#9446 = VERTEX_POINT('',#9447);
#9447 = CARTESIAN_POINT('',(117.57,-82.955,1.51));
#9448 = CIRCLE('',#9449,0.33);
#9449 = AXIS2_PLACEMENT_3D('',#9450,#9451,#9452);
#9450 = CARTESIAN_POINT('',(117.24,-82.955,1.51));
#9451 = DIRECTION('',(0.,-0.,-1.));
#9452 = DIRECTION('',(1.,0.,-0.));
#9453 = ORIENTED_EDGE('',*,*,#9454,.T.);
#9454 = EDGE_CURVE('',#9446,#9427,#9455,.T.);
#9455 = LINE('',#9456,#9457);
#9456 = CARTESIAN_POINT('',(117.57,-42.2825,1.51));
#9457 = VECTOR('',#9458,1.);
#9458 = DIRECTION('',(0.,-1.,0.));
#9459 = FACE_BOUND('',#9460,.T.);
#9460 = EDGE_LOOP('',(#9461));
#9461 = ORIENTED_EDGE('',*,*,#9462,.T.);
#9462 = EDGE_CURVE('',#9463,#9463,#9465,.T.);
#9463 = VERTEX_POINT('',#9464);
#9464 = CARTESIAN_POINT('',(156.5,-89.645,1.51));
#9465 = CIRCLE('',#9466,1.145);
#9466 = AXIS2_PLACEMENT_3D('',#9467,#9468,#9469);
#9467 = CARTESIAN_POINT('',(156.5,-88.5,1.51));
#9468 = DIRECTION('',(-0.,0.,-1.));
#9469 = DIRECTION('',(-0.,-1.,0.));
#9470 = FACE_BOUND('',#9471,.T.);
#9471 = EDGE_LOOP('',(#9472));
#9472 = ORIENTED_EDGE('',*,*,#9473,.T.);
#9473 = EDGE_CURVE('',#9474,#9474,#9476,.T.);
#9474 = VERTEX_POINT('',#9475);
#9475 = CARTESIAN_POINT('',(175.46,-96.5,1.51));
#9476 = CIRCLE('',#9477,0.4);
#9477 = AXIS2_PLACEMENT_3D('',#9478,#9479,#9480);
#9478 = CARTESIAN_POINT('',(175.46,-96.1,1.51));
#9479 = DIRECTION('',(-0.,0.,-1.));
#9480 = DIRECTION('',(-0.,-1.,0.));
#9481 = FACE_BOUND('',#9482,.T.);
#9482 = EDGE_LOOP('',(#9483));
#9483 = ORIENTED_EDGE('',*,*,#9484,.T.);
#9484 = EDGE_CURVE('',#9485,#9485,#9487,.T.);
#9485 = VERTEX_POINT('',#9486);
#9486 = CARTESIAN_POINT('',(178.86,-96.5,1.51));
#9487 = CIRCLE('',#9488,0.4);
#9488 = AXIS2_PLACEMENT_3D('',#9489,#9490,#9491);
#9489 = CARTESIAN_POINT('',(178.86,-96.1,1.51));
#9490 = DIRECTION('',(-0.,0.,-1.));
#9491 = DIRECTION('',(-0.,-1.,0.));
#9492 = FACE_BOUND('',#9493,.T.);
#9493 = EDGE_LOOP('',(#9494));
#9494 = ORIENTED_EDGE('',*,*,#9495,.T.);
#9495 = EDGE_CURVE('',#9496,#9496,#9498,.T.);
#9496 = VERTEX_POINT('',#9497);
#9497 = CARTESIAN_POINT('',(175.96,-90.975,1.51));
#9498 = CIRCLE('',#9499,0.375);
#9499 = AXIS2_PLACEMENT_3D('',#9500,#9501,#9502);
#9500 = CARTESIAN_POINT('',(175.96,-90.6,1.51));
#9501 = DIRECTION('',(-0.,0.,-1.));
#9502 = DIRECTION('',(-0.,-1.,0.));
#9503 = FACE_BOUND('',#9504,.T.);
#9504 = EDGE_LOOP('',(#9505));
#9505 = ORIENTED_EDGE('',*,*,#9506,.T.);
#9506 = EDGE_CURVE('',#9507,#9507,#9509,.T.);
#9507 = VERTEX_POINT('',#9508);
#9508 = CARTESIAN_POINT('',(177.23,-90.975,1.51));
#9509 = CIRCLE('',#9510,0.375);
#9510 = AXIS2_PLACEMENT_3D('',#9511,#9512,#9513);
#9511 = CARTESIAN_POINT('',(177.23,-90.6,1.51));
#9512 = DIRECTION('',(-0.,0.,-1.));
#9513 = DIRECTION('',(-0.,-1.,0.));
#9514 = FACE_BOUND('',#9515,.T.);
#9515 = EDGE_LOOP('',(#9516));
#9516 = ORIENTED_EDGE('',*,*,#9517,.T.);
#9517 = EDGE_CURVE('',#9518,#9518,#9520,.T.);
#9518 = VERTEX_POINT('',#9519);
#9519 = CARTESIAN_POINT('',(178.5,-90.975,1.51));
#9520 = CIRCLE('',#9521,0.375);
#9521 = AXIS2_PLACEMENT_3D('',#9522,#9523,#9524);
#9522 = CARTESIAN_POINT('',(178.5,-90.6,1.51));
#9523 = DIRECTION('',(-0.,0.,-1.));
#9524 = DIRECTION('',(-0.,-1.,0.));
#9525 = FACE_BOUND('',#9526,.T.);
#9526 = EDGE_LOOP('',(#9527));
#9527 = ORIENTED_EDGE('',*,*,#9528,.T.);
#9528 = EDGE_CURVE('',#9529,#9529,#9531,.T.);
#9529 = VERTEX_POINT('',#9530);
#9530 = CARTESIAN_POINT('',(175.96,-84.05,1.51));
#9531 = CIRCLE('',#9532,0.45);
#9532 = AXIS2_PLACEMENT_3D('',#9533,#9534,#9535);
#9533 = CARTESIAN_POINT('',(175.96,-83.6,1.51));
#9534 = DIRECTION('',(-0.,0.,-1.));
#9535 = DIRECTION('',(6.315935428978E-14,-1.,-0.));
#9536 = FACE_BOUND('',#9537,.T.);
#9537 = EDGE_LOOP('',(#9538));
#9538 = ORIENTED_EDGE('',*,*,#9539,.T.);
#9539 = EDGE_CURVE('',#9540,#9540,#9542,.T.);
#9540 = VERTEX_POINT('',#9541);
#9541 = CARTESIAN_POINT('',(178.5,-84.05,1.51));
#9542 = CIRCLE('',#9543,0.45);
#9543 = AXIS2_PLACEMENT_3D('',#9544,#9545,#9546);
#9544 = CARTESIAN_POINT('',(178.5,-83.6,1.51));
#9545 = DIRECTION('',(-0.,0.,-1.));
#9546 = DIRECTION('',(-0.,-1.,0.));
#9547 = FACE_BOUND('',#9548,.T.);
#9548 = EDGE_LOOP('',(#9549,#9560,#9568,#9577));
#9549 = ORIENTED_EDGE('',*,*,#9550,.T.);
#9550 = EDGE_CURVE('',#9551,#9553,#9555,.T.);
#9551 = VERTEX_POINT('',#9552);
#9552 = CARTESIAN_POINT('',(117.57,-71.685,1.51));
#9553 = VERTEX_POINT('',#9554);
#9554 = CARTESIAN_POINT('',(116.91,-71.685,1.51));
#9555 = CIRCLE('',#9556,0.33);
#9556 = AXIS2_PLACEMENT_3D('',#9557,#9558,#9559);
#9557 = CARTESIAN_POINT('',(117.24,-71.685,1.51));
#9558 = DIRECTION('',(-0.,0.,-1.));
#9559 = DIRECTION('',(-1.,-4.306319610667E-14,0.));
#9560 = ORIENTED_EDGE('',*,*,#9561,.T.);
#9561 = EDGE_CURVE('',#9553,#9562,#9564,.T.);
#9562 = VERTEX_POINT('',#9563);
#9563 = CARTESIAN_POINT('',(116.91,-70.075,1.51));
#9564 = LINE('',#9565,#9566);
#9565 = CARTESIAN_POINT('',(116.91,-35.0375,1.51));
#9566 = VECTOR('',#9567,1.);
#9567 = DIRECTION('',(-0.,1.,0.));
#9568 = ORIENTED_EDGE('',*,*,#9569,.T.);
#9569 = EDGE_CURVE('',#9562,#9570,#9572,.T.);
#9570 = VERTEX_POINT('',#9571);
#9571 = CARTESIAN_POINT('',(117.57,-70.075,1.51));
#9572 = CIRCLE('',#9573,0.33);
#9573 = AXIS2_PLACEMENT_3D('',#9574,#9575,#9576);
#9574 = CARTESIAN_POINT('',(117.24,-70.075,1.51));
#9575 = DIRECTION('',(0.,-0.,-1.));
#9576 = DIRECTION('',(1.,0.,-0.));
#9577 = ORIENTED_EDGE('',*,*,#9578,.T.);
#9578 = EDGE_CURVE('',#9570,#9551,#9579,.T.);
#9579 = LINE('',#9580,#9581);
#9580 = CARTESIAN_POINT('',(117.57,-35.8425,1.51));
#9581 = VECTOR('',#9582,1.);
#9582 = DIRECTION('',(0.,-1.,0.));
#9583 = FACE_BOUND('',#9584,.T.);
#9584 = EDGE_LOOP('',(#9585));
#9585 = ORIENTED_EDGE('',*,*,#9586,.T.);
#9586 = EDGE_CURVE('',#9587,#9587,#9589,.T.);
#9587 = VERTEX_POINT('',#9588);
#9588 = CARTESIAN_POINT('',(143.02,-67.295,1.51));
#9589 = CIRCLE('',#9590,1.145);
#9590 = AXIS2_PLACEMENT_3D('',#9591,#9592,#9593);
#9591 = CARTESIAN_POINT('',(143.02,-66.15,1.51));
#9592 = DIRECTION('',(-0.,0.,-1.));
#9593 = DIRECTION('',(2.482245365101E-14,-1.,-0.));
#9594 = FACE_BOUND('',#9595,.T.);
#9595 = EDGE_LOOP('',(#9596));
#9596 = ORIENTED_EDGE('',*,*,#9597,.T.);
#9597 = EDGE_CURVE('',#9598,#9598,#9600,.T.);
#9598 = VERTEX_POINT('',#9599);
#9599 = CARTESIAN_POINT('',(173.96,-77.62,1.51));
#9600 = CIRCLE('',#9601,0.4);
#9601 = AXIS2_PLACEMENT_3D('',#9602,#9603,#9604);
#9602 = CARTESIAN_POINT('',(173.96,-77.22,1.51));
#9603 = DIRECTION('',(-0.,0.,-1.));
#9604 = DIRECTION('',(-0.,-1.,0.));
#9605 = FACE_BOUND('',#9606,.T.);
#9606 = EDGE_LOOP('',(#9607));
#9607 = ORIENTED_EDGE('',*,*,#9608,.T.);
#9608 = EDGE_CURVE('',#9609,#9609,#9611,.T.);
#9609 = VERTEX_POINT('',#9610);
#9610 = CARTESIAN_POINT('',(178.01,-77.62,1.51));
#9611 = CIRCLE('',#9612,0.4);
#9612 = AXIS2_PLACEMENT_3D('',#9613,#9614,#9615);
#9613 = CARTESIAN_POINT('',(178.01,-77.22,1.51));
#9614 = DIRECTION('',(-0.,0.,-1.));
#9615 = DIRECTION('',(-0.,-1.,0.));
#9616 = FACE_BOUND('',#9617,.T.);
#9617 = EDGE_LOOP('',(#9618));
#9618 = ORIENTED_EDGE('',*,*,#9619,.T.);
#9619 = EDGE_CURVE('',#9620,#9620,#9622,.T.);
#9620 = VERTEX_POINT('',#9621);
#9621 = CARTESIAN_POINT('',(173.96,-62.38,1.51));
#9622 = CIRCLE('',#9623,0.4);
#9623 = AXIS2_PLACEMENT_3D('',#9624,#9625,#9626);
#9624 = CARTESIAN_POINT('',(173.96,-61.98,1.51));
#9625 = DIRECTION('',(-0.,0.,-1.));
#9626 = DIRECTION('',(-0.,-1.,0.));
#9627 = FACE_BOUND('',#9628,.T.);
#9628 = EDGE_LOOP('',(#9629));
#9629 = ORIENTED_EDGE('',*,*,#9630,.T.);
#9630 = EDGE_CURVE('',#9631,#9631,#9633,.T.);
#9631 = VERTEX_POINT('',#9632);
#9632 = CARTESIAN_POINT('',(178.01,-62.38,1.51));
#9633 = CIRCLE('',#9634,0.4);
#9634 = AXIS2_PLACEMENT_3D('',#9635,#9636,#9637);
#9635 = CARTESIAN_POINT('',(178.01,-61.98,1.51));
#9636 = DIRECTION('',(-0.,0.,-1.));
#9637 = DIRECTION('',(-0.,-1.,0.));
#9638 = PLANE('',#9639);
#9639 = AXIS2_PLACEMENT_3D('',#9640,#9641,#9642);
#9640 = CARTESIAN_POINT('',(0.,0.,1.51));
#9641 = DIRECTION('',(0.,0.,1.));
#9642 = DIRECTION('',(1.,0.,-0.));
#9643 = ADVANCED_FACE('',(#9644),#9650,.T.);
#9644 = FACE_BOUND('',#9645,.T.);
#9645 = EDGE_LOOP('',(#9646,#9647,#9648,#9649));
#9646 = ORIENTED_EDGE('',*,*,#9139,.T.);
#9647 = ORIENTED_EDGE('',*,*,#9406,.T.);
#9648 = ORIENTED_EDGE('',*,*,#9099,.F.);
#9649 = ORIENTED_EDGE('',*,*,#9163,.F.);
#9650 = PLANE('',#9651);
#9651 = AXIS2_PLACEMENT_3D('',#9652,#9653,#9654);
#9652 = CARTESIAN_POINT('',(112.96,-60.1,0.));
#9653 = DIRECTION('',(0.,1.,0.));
#9654 = DIRECTION('',(1.,0.,0.));
#9655 = ADVANCED_FACE('',(#9656),#9667,.F.);
#9656 = FACE_BOUND('',#9657,.T.);
#9657 = EDGE_LOOP('',(#9658,#9659,#9665,#9666));
#9658 = ORIENTED_EDGE('',*,*,#9172,.T.);
#9659 = ORIENTED_EDGE('',*,*,#9660,.T.);
#9660 = EDGE_CURVE('',#9173,#9416,#9661,.T.);
#9661 = LINE('',#9662,#9663);
#9662 = CARTESIAN_POINT('',(129.53,-89.645,-4.6E-02));
#9663 = VECTOR('',#9664,1.);
#9664 = DIRECTION('',(0.,0.,1.));
#9665 = ORIENTED_EDGE('',*,*,#9415,.F.);
#9666 = ORIENTED_EDGE('',*,*,#9660,.F.);
#9667 = CYLINDRICAL_SURFACE('',#9668,1.145);
#9668 = AXIS2_PLACEMENT_3D('',#9669,#9670,#9671);
#9669 = CARTESIAN_POINT('',(129.53,-88.5,-4.6E-02));
#9670 = DIRECTION('',(-0.,-0.,-1.));
#9671 = DIRECTION('',(-0.,-1.,0.));
#9672 = ADVANCED_FACE('',(#9673),#9689,.F.);
#9673 = FACE_BOUND('',#9674,.T.);
#9674 = EDGE_LOOP('',(#9675,#9676,#9682,#9683));
#9675 = ORIENTED_EDGE('',*,*,#9183,.T.);
#9676 = ORIENTED_EDGE('',*,*,#9677,.T.);
#9677 = EDGE_CURVE('',#9186,#9429,#9678,.T.);
#9678 = LINE('',#9679,#9680);
#9679 = CARTESIAN_POINT('',(116.91,-84.565,-4.6E-02));
#9680 = VECTOR('',#9681,1.);
#9681 = DIRECTION('',(0.,0.,1.));
#9682 = ORIENTED_EDGE('',*,*,#9426,.F.);
#9683 = ORIENTED_EDGE('',*,*,#9684,.F.);
#9684 = EDGE_CURVE('',#9184,#9427,#9685,.T.);
#9685 = LINE('',#9686,#9687);
#9686 = CARTESIAN_POINT('',(117.57,-84.565,-4.6E-02));
#9687 = VECTOR('',#9688,1.);
#9688 = DIRECTION('',(0.,0.,1.));
#9689 = CYLINDRICAL_SURFACE('',#9690,0.33);
#9690 = AXIS2_PLACEMENT_3D('',#9691,#9692,#9693);
#9691 = CARTESIAN_POINT('',(117.24,-84.565,-4.6E-02));
#9692 = DIRECTION('',(-0.,-0.,-1.));
#9693 = DIRECTION('',(-1.,-4.306319610667E-14,0.));
#9694 = ADVANCED_FACE('',(#9695),#9706,.T.);
#9695 = FACE_BOUND('',#9696,.T.);
#9696 = EDGE_LOOP('',(#9697,#9698,#9699,#9700));
#9697 = ORIENTED_EDGE('',*,*,#9211,.T.);
#9698 = ORIENTED_EDGE('',*,*,#9684,.T.);
#9699 = ORIENTED_EDGE('',*,*,#9454,.F.);
#9700 = ORIENTED_EDGE('',*,*,#9701,.F.);
#9701 = EDGE_CURVE('',#9203,#9446,#9702,.T.);
#9702 = LINE('',#9703,#9704);
#9703 = CARTESIAN_POINT('',(117.57,-82.955,-4.6E-02));
#9704 = VECTOR('',#9705,1.);
#9705 = DIRECTION('',(0.,0.,1.));
#9706 = PLANE('',#9707);
#9707 = AXIS2_PLACEMENT_3D('',#9708,#9709,#9710);
#9708 = CARTESIAN_POINT('',(117.57,-84.565,-4.6E-02));
#9709 = DIRECTION('',(-1.,0.,0.));
#9710 = DIRECTION('',(0.,1.,0.));
#9711 = ADVANCED_FACE('',(#9712),#9723,.F.);
#9712 = FACE_BOUND('',#9713,.T.);
#9713 = EDGE_LOOP('',(#9714,#9715,#9716,#9717));
#9714 = ORIENTED_EDGE('',*,*,#9202,.T.);
#9715 = ORIENTED_EDGE('',*,*,#9701,.T.);
#9716 = ORIENTED_EDGE('',*,*,#9445,.F.);
#9717 = ORIENTED_EDGE('',*,*,#9718,.F.);
#9718 = EDGE_CURVE('',#9195,#9438,#9719,.T.);
#9719 = LINE('',#9720,#9721);
#9720 = CARTESIAN_POINT('',(116.91,-82.955,-4.6E-02));
#9721 = VECTOR('',#9722,1.);
#9722 = DIRECTION('',(0.,0.,1.));
#9723 = CYLINDRICAL_SURFACE('',#9724,0.33);
#9724 = AXIS2_PLACEMENT_3D('',#9725,#9726,#9727);
#9725 = CARTESIAN_POINT('',(117.24,-82.955,-4.6E-02));
#9726 = DIRECTION('',(-0.,-0.,-1.));
#9727 = DIRECTION('',(1.,0.,-0.));
#9728 = ADVANCED_FACE('',(#9729),#9735,.T.);
#9729 = FACE_BOUND('',#9730,.T.);
#9730 = EDGE_LOOP('',(#9731,#9732,#9733,#9734));
#9731 = ORIENTED_EDGE('',*,*,#9194,.T.);
#9732 = ORIENTED_EDGE('',*,*,#9718,.T.);
#9733 = ORIENTED_EDGE('',*,*,#9437,.F.);
#9734 = ORIENTED_EDGE('',*,*,#9677,.F.);
#9735 = PLANE('',#9736);
#9736 = AXIS2_PLACEMENT_3D('',#9737,#9738,#9739);
#9737 = CARTESIAN_POINT('',(116.91,-82.955,-4.6E-02));
#9738 = DIRECTION('',(1.,0.,-0.));
#9739 = DIRECTION('',(0.,-1.,0.));
#9740 = ADVANCED_FACE('',(#9741),#9752,.F.);
#9741 = FACE_BOUND('',#9742,.T.);
#9742 = EDGE_LOOP('',(#9743,#9744,#9750,#9751));
#9743 = ORIENTED_EDGE('',*,*,#9219,.T.);
#9744 = ORIENTED_EDGE('',*,*,#9745,.T.);
#9745 = EDGE_CURVE('',#9220,#9463,#9746,.T.);
#9746 = LINE('',#9747,#9748);
#9747 = CARTESIAN_POINT('',(156.5,-89.645,-4.6E-02));
#9748 = VECTOR('',#9749,1.);
#9749 = DIRECTION('',(0.,0.,1.));
#9750 = ORIENTED_EDGE('',*,*,#9462,.F.);
#9751 = ORIENTED_EDGE('',*,*,#9745,.F.);
#9752 = CYLINDRICAL_SURFACE('',#9753,1.145);
#9753 = AXIS2_PLACEMENT_3D('',#9754,#9755,#9756);
#9754 = CARTESIAN_POINT('',(156.5,-88.5,-4.6E-02));
#9755 = DIRECTION('',(-0.,-0.,-1.));
#9756 = DIRECTION('',(-0.,-1.,0.));
#9757 = ADVANCED_FACE('',(#9758),#9769,.F.);
#9758 = FACE_BOUND('',#9759,.T.);
#9759 = EDGE_LOOP('',(#9760,#9761,#9767,#9768));
#9760 = ORIENTED_EDGE('',*,*,#9230,.T.);
#9761 = ORIENTED_EDGE('',*,*,#9762,.T.);
#9762 = EDGE_CURVE('',#9231,#9474,#9763,.T.);
#9763 = LINE('',#9764,#9765);
#9764 = CARTESIAN_POINT('',(175.46,-96.5,-4.6E-02));
#9765 = VECTOR('',#9766,1.);
#9766 = DIRECTION('',(0.,0.,1.));
#9767 = ORIENTED_EDGE('',*,*,#9473,.F.);
#9768 = ORIENTED_EDGE('',*,*,#9762,.F.);
#9769 = CYLINDRICAL_SURFACE('',#9770,0.4);
#9770 = AXIS2_PLACEMENT_3D('',#9771,#9772,#9773);
#9771 = CARTESIAN_POINT('',(175.46,-96.1,-4.6E-02));
#9772 = DIRECTION('',(-0.,-0.,-1.));
#9773 = DIRECTION('',(-0.,-1.,0.));
#9774 = ADVANCED_FACE('',(#9775),#9786,.F.);
#9775 = FACE_BOUND('',#9776,.T.);
#9776 = EDGE_LOOP('',(#9777,#9778,#9784,#9785));
#9777 = ORIENTED_EDGE('',*,*,#9241,.T.);
#9778 = ORIENTED_EDGE('',*,*,#9779,.T.);
#9779 = EDGE_CURVE('',#9242,#9485,#9780,.T.);
#9780 = LINE('',#9781,#9782);
#9781 = CARTESIAN_POINT('',(178.86,-96.5,-4.6E-02));
#9782 = VECTOR('',#9783,1.);
#9783 = DIRECTION('',(0.,0.,1.));
#9784 = ORIENTED_EDGE('',*,*,#9484,.F.);
#9785 = ORIENTED_EDGE('',*,*,#9779,.F.);
#9786 = CYLINDRICAL_SURFACE('',#9787,0.4);
#9787 = AXIS2_PLACEMENT_3D('',#9788,#9789,#9790);
#9788 = CARTESIAN_POINT('',(178.86,-96.1,-4.6E-02));
#9789 = DIRECTION('',(-0.,-0.,-1.));
#9790 = DIRECTION('',(-0.,-1.,0.));
#9791 = ADVANCED_FACE('',(#9792),#9803,.F.);
#9792 = FACE_BOUND('',#9793,.T.);
#9793 = EDGE_LOOP('',(#9794,#9795,#9801,#9802));
#9794 = ORIENTED_EDGE('',*,*,#9252,.T.);
#9795 = ORIENTED_EDGE('',*,*,#9796,.T.);
#9796 = EDGE_CURVE('',#9253,#9496,#9797,.T.);
#9797 = LINE('',#9798,#9799);
#9798 = CARTESIAN_POINT('',(175.96,-90.975,-4.6E-02));
#9799 = VECTOR('',#9800,1.);
#9800 = DIRECTION('',(0.,0.,1.));
#9801 = ORIENTED_EDGE('',*,*,#9495,.F.);
#9802 = ORIENTED_EDGE('',*,*,#9796,.F.);
#9803 = CYLINDRICAL_SURFACE('',#9804,0.375);
#9804 = AXIS2_PLACEMENT_3D('',#9805,#9806,#9807);
#9805 = CARTESIAN_POINT('',(175.96,-90.6,-4.6E-02));
#9806 = DIRECTION('',(-0.,-0.,-1.));
#9807 = DIRECTION('',(-0.,-1.,0.));
#9808 = ADVANCED_FACE('',(#9809),#9820,.F.);
#9809 = FACE_BOUND('',#9810,.T.);
#9810 = EDGE_LOOP('',(#9811,#9812,#9818,#9819));
#9811 = ORIENTED_EDGE('',*,*,#9263,.T.);
#9812 = ORIENTED_EDGE('',*,*,#9813,.T.);
#9813 = EDGE_CURVE('',#9264,#9507,#9814,.T.);
#9814 = LINE('',#9815,#9816);
#9815 = CARTESIAN_POINT('',(177.23,-90.975,-4.6E-02));
#9816 = VECTOR('',#9817,1.);
#9817 = DIRECTION('',(0.,0.,1.));
#9818 = ORIENTED_EDGE('',*,*,#9506,.F.);
#9819 = ORIENTED_EDGE('',*,*,#9813,.F.);
#9820 = CYLINDRICAL_SURFACE('',#9821,0.375);
#9821 = AXIS2_PLACEMENT_3D('',#9822,#9823,#9824);
#9822 = CARTESIAN_POINT('',(177.23,-90.6,-4.6E-02));
#9823 = DIRECTION('',(-0.,-0.,-1.));
#9824 = DIRECTION('',(-0.,-1.,0.));
#9825 = ADVANCED_FACE('',(#9826),#9837,.F.);
#9826 = FACE_BOUND('',#9827,.T.);
#9827 = EDGE_LOOP('',(#9828,#9829,#9835,#9836));
#9828 = ORIENTED_EDGE('',*,*,#9274,.T.);
#9829 = ORIENTED_EDGE('',*,*,#9830,.T.);
#9830 = EDGE_CURVE('',#9275,#9518,#9831,.T.);
#9831 = LINE('',#9832,#9833);
#9832 = CARTESIAN_POINT('',(178.5,-90.975,-4.6E-02));
#9833 = VECTOR('',#9834,1.);
#9834 = DIRECTION('',(0.,0.,1.));
#9835 = ORIENTED_EDGE('',*,*,#9517,.F.);
#9836 = ORIENTED_EDGE('',*,*,#9830,.F.);
#9837 = CYLINDRICAL_SURFACE('',#9838,0.375);
#9838 = AXIS2_PLACEMENT_3D('',#9839,#9840,#9841);
#9839 = CARTESIAN_POINT('',(178.5,-90.6,-4.6E-02));
#9840 = DIRECTION('',(-0.,-0.,-1.));
#9841 = DIRECTION('',(-0.,-1.,0.));
#9842 = ADVANCED_FACE('',(#9843),#9854,.F.);
#9843 = FACE_BOUND('',#9844,.T.);
#9844 = EDGE_LOOP('',(#9845,#9846,#9852,#9853));
#9845 = ORIENTED_EDGE('',*,*,#9285,.T.);
#9846 = ORIENTED_EDGE('',*,*,#9847,.T.);
#9847 = EDGE_CURVE('',#9286,#9529,#9848,.T.);
#9848 = LINE('',#9849,#9850);
#9849 = CARTESIAN_POINT('',(175.96,-84.05,-4.6E-02));
#9850 = VECTOR('',#9851,1.);
#9851 = DIRECTION('',(0.,0.,1.));
#9852 = ORIENTED_EDGE('',*,*,#9528,.F.);
#9853 = ORIENTED_EDGE('',*,*,#9847,.F.);
#9854 = CYLINDRICAL_SURFACE('',#9855,0.45);
#9855 = AXIS2_PLACEMENT_3D('',#9856,#9857,#9858);
#9856 = CARTESIAN_POINT('',(175.96,-83.6,-4.6E-02));
#9857 = DIRECTION('',(-0.,0.,-1.));
#9858 = DIRECTION('',(6.315935428978E-14,-1.,-0.));
#9859 = ADVANCED_FACE('',(#9860),#9871,.F.);
#9860 = FACE_BOUND('',#9861,.T.);
#9861 = EDGE_LOOP('',(#9862,#9863,#9869,#9870));
#9862 = ORIENTED_EDGE('',*,*,#9296,.T.);
#9863 = ORIENTED_EDGE('',*,*,#9864,.T.);
#9864 = EDGE_CURVE('',#9297,#9540,#9865,.T.);
#9865 = LINE('',#9866,#9867);
#9866 = CARTESIAN_POINT('',(178.5,-84.05,-4.6E-02));
#9867 = VECTOR('',#9868,1.);
#9868 = DIRECTION('',(0.,0.,1.));
#9869 = ORIENTED_EDGE('',*,*,#9539,.F.);
#9870 = ORIENTED_EDGE('',*,*,#9864,.F.);
#9871 = CYLINDRICAL_SURFACE('',#9872,0.45);
#9872 = AXIS2_PLACEMENT_3D('',#9873,#9874,#9875);
#9873 = CARTESIAN_POINT('',(178.5,-83.6,-4.6E-02));
#9874 = DIRECTION('',(-0.,-0.,-1.));
#9875 = DIRECTION('',(-0.,-1.,0.));
#9876 = ADVANCED_FACE('',(#9877),#9893,.F.);
#9877 = FACE_BOUND('',#9878,.T.);
#9878 = EDGE_LOOP('',(#9879,#9880,#9886,#9887));
#9879 = ORIENTED_EDGE('',*,*,#9307,.T.);
#9880 = ORIENTED_EDGE('',*,*,#9881,.T.);
#9881 = EDGE_CURVE('',#9310,#9553,#9882,.T.);
#9882 = LINE('',#9883,#9884);
#9883 = CARTESIAN_POINT('',(116.91,-71.685,-4.6E-02));
#9884 = VECTOR('',#9885,1.);
#9885 = DIRECTION('',(0.,0.,1.));
#9886 = ORIENTED_EDGE('',*,*,#9550,.F.);
#9887 = ORIENTED_EDGE('',*,*,#9888,.F.);
#9888 = EDGE_CURVE('',#9308,#9551,#9889,.T.);
#9889 = LINE('',#9890,#9891);
#9890 = CARTESIAN_POINT('',(117.57,-71.685,-4.6E-02));
#9891 = VECTOR('',#9892,1.);
#9892 = DIRECTION('',(0.,0.,1.));
#9893 = CYLINDRICAL_SURFACE('',#9894,0.33);
#9894 = AXIS2_PLACEMENT_3D('',#9895,#9896,#9897);
#9895 = CARTESIAN_POINT('',(117.24,-71.685,-4.6E-02));
#9896 = DIRECTION('',(-0.,-0.,-1.));
#9897 = DIRECTION('',(-1.,-4.306319610667E-14,0.));
#9898 = ADVANCED_FACE('',(#9899),#9910,.T.);
#9899 = FACE_BOUND('',#9900,.T.);
#9900 = EDGE_LOOP('',(#9901,#9902,#9903,#9904));
#9901 = ORIENTED_EDGE('',*,*,#9335,.T.);
#9902 = ORIENTED_EDGE('',*,*,#9888,.T.);
#9903 = ORIENTED_EDGE('',*,*,#9578,.F.);
#9904 = ORIENTED_EDGE('',*,*,#9905,.F.);
#9905 = EDGE_CURVE('',#9327,#9570,#9906,.T.);
#9906 = LINE('',#9907,#9908);
#9907 = CARTESIAN_POINT('',(117.57,-70.075,-4.6E-02));
#9908 = VECTOR('',#9909,1.);
#9909 = DIRECTION('',(0.,0.,1.));
#9910 = PLANE('',#9911);
#9911 = AXIS2_PLACEMENT_3D('',#9912,#9913,#9914);
#9912 = CARTESIAN_POINT('',(117.57,-71.685,-4.6E-02));
#9913 = DIRECTION('',(-1.,0.,0.));
#9914 = DIRECTION('',(0.,1.,0.));
#9915 = ADVANCED_FACE('',(#9916),#9927,.F.);
#9916 = FACE_BOUND('',#9917,.T.);
#9917 = EDGE_LOOP('',(#9918,#9919,#9920,#9921));
#9918 = ORIENTED_EDGE('',*,*,#9326,.T.);
#9919 = ORIENTED_EDGE('',*,*,#9905,.T.);
#9920 = ORIENTED_EDGE('',*,*,#9569,.F.);
#9921 = ORIENTED_EDGE('',*,*,#9922,.F.);
#9922 = EDGE_CURVE('',#9319,#9562,#9923,.T.);
#9923 = LINE('',#9924,#9925);
#9924 = CARTESIAN_POINT('',(116.91,-70.075,-4.6E-02));
#9925 = VECTOR('',#9926,1.);
#9926 = DIRECTION('',(0.,0.,1.));
#9927 = CYLINDRICAL_SURFACE('',#9928,0.33);
#9928 = AXIS2_PLACEMENT_3D('',#9929,#9930,#9931);
#9929 = CARTESIAN_POINT('',(117.24,-70.075,-4.6E-02));
#9930 = DIRECTION('',(-0.,-0.,-1.));
#9931 = DIRECTION('',(1.,0.,-0.));
#9932 = ADVANCED_FACE('',(#9933),#9939,.T.);
#9933 = FACE_BOUND('',#9934,.T.);
#9934 = EDGE_LOOP('',(#9935,#9936,#9937,#9938));
#9935 = ORIENTED_EDGE('',*,*,#9318,.T.);
#9936 = ORIENTED_EDGE('',*,*,#9922,.T.);
#9937 = ORIENTED_EDGE('',*,*,#9561,.F.);
#9938 = ORIENTED_EDGE('',*,*,#9881,.F.);
#9939 = PLANE('',#9940);
#9940 = AXIS2_PLACEMENT_3D('',#9941,#9942,#9943);
#9941 = CARTESIAN_POINT('',(116.91,-70.075,-4.6E-02));
#9942 = DIRECTION('',(1.,0.,-0.));
#9943 = DIRECTION('',(0.,-1.,0.));
#9944 = ADVANCED_FACE('',(#9945),#9956,.F.);
#9945 = FACE_BOUND('',#9946,.T.);
#9946 = EDGE_LOOP('',(#9947,#9948,#9954,#9955));
#9947 = ORIENTED_EDGE('',*,*,#9343,.T.);
#9948 = ORIENTED_EDGE('',*,*,#9949,.T.);
#9949 = EDGE_CURVE('',#9344,#9587,#9950,.T.);
#9950 = LINE('',#9951,#9952);
#9951 = CARTESIAN_POINT('',(143.02,-67.295,-4.6E-02));
#9952 = VECTOR('',#9953,1.);
#9953 = DIRECTION('',(0.,0.,1.));
#9954 = ORIENTED_EDGE('',*,*,#9586,.F.);
#9955 = ORIENTED_EDGE('',*,*,#9949,.F.);
#9956 = CYLINDRICAL_SURFACE('',#9957,1.145);
#9957 = AXIS2_PLACEMENT_3D('',#9958,#9959,#9960);
#9958 = CARTESIAN_POINT('',(143.02,-66.15,-4.6E-02));
#9959 = DIRECTION('',(-0.,0.,-1.));
#9960 = DIRECTION('',(2.482245365101E-14,-1.,-0.));
#9961 = ADVANCED_FACE('',(#9962),#9973,.F.);
#9962 = FACE_BOUND('',#9963,.T.);
#9963 = EDGE_LOOP('',(#9964,#9965,#9971,#9972));
#9964 = ORIENTED_EDGE('',*,*,#9354,.T.);
#9965 = ORIENTED_EDGE('',*,*,#9966,.T.);
#9966 = EDGE_CURVE('',#9355,#9598,#9967,.T.);
#9967 = LINE('',#9968,#9969);
#9968 = CARTESIAN_POINT('',(173.96,-77.62,-4.6E-02));
#9969 = VECTOR('',#9970,1.);
#9970 = DIRECTION('',(0.,0.,1.));
#9971 = ORIENTED_EDGE('',*,*,#9597,.F.);
#9972 = ORIENTED_EDGE('',*,*,#9966,.F.);
#9973 = CYLINDRICAL_SURFACE('',#9974,0.4);
#9974 = AXIS2_PLACEMENT_3D('',#9975,#9976,#9977);
#9975 = CARTESIAN_POINT('',(173.96,-77.22,-4.6E-02));
#9976 = DIRECTION('',(-0.,-0.,-1.));
#9977 = DIRECTION('',(-0.,-1.,0.));
#9978 = ADVANCED_FACE('',(#9979),#9990,.F.);
#9979 = FACE_BOUND('',#9980,.T.);
#9980 = EDGE_LOOP('',(#9981,#9982,#9988,#9989));
#9981 = ORIENTED_EDGE('',*,*,#9365,.T.);
#9982 = ORIENTED_EDGE('',*,*,#9983,.T.);
#9983 = EDGE_CURVE('',#9366,#9609,#9984,.T.);
#9984 = LINE('',#9985,#9986);
#9985 = CARTESIAN_POINT('',(178.01,-77.62,-4.6E-02));
#9986 = VECTOR('',#9987,1.);
#9987 = DIRECTION('',(0.,0.,1.));
#9988 = ORIENTED_EDGE('',*,*,#9608,.F.);
#9989 = ORIENTED_EDGE('',*,*,#9983,.F.);
#9990 = CYLINDRICAL_SURFACE('',#9991,0.4);
#9991 = AXIS2_PLACEMENT_3D('',#9992,#9993,#9994);
#9992 = CARTESIAN_POINT('',(178.01,-77.22,-4.6E-02));
#9993 = DIRECTION('',(-0.,-0.,-1.));
#9994 = DIRECTION('',(-0.,-1.,0.));
#9995 = ADVANCED_FACE('',(#9996),#10007,.F.);
#9996 = FACE_BOUND('',#9997,.T.);
#9997 = EDGE_LOOP('',(#9998,#9999,#10005,#10006));
#9998 = ORIENTED_EDGE('',*,*,#9376,.T.);
#9999 = ORIENTED_EDGE('',*,*,#10000,.T.);
#10000 = EDGE_CURVE('',#9377,#9620,#10001,.T.);
#10001 = LINE('',#10002,#10003);
#10002 = CARTESIAN_POINT('',(173.96,-62.38,-4.6E-02));
#10003 = VECTOR('',#10004,1.);
#10004 = DIRECTION('',(0.,0.,1.));
#10005 = ORIENTED_EDGE('',*,*,#9619,.F.);
#10006 = ORIENTED_EDGE('',*,*,#10000,.F.);
#10007 = CYLINDRICAL_SURFACE('',#10008,0.4);
#10008 = AXIS2_PLACEMENT_3D('',#10009,#10010,#10011);
#10009 = CARTESIAN_POINT('',(173.96,-61.98,-4.6E-02));
#10010 = DIRECTION('',(-0.,-0.,-1.));
#10011 = DIRECTION('',(-0.,-1.,0.));
#10012 = ADVANCED_FACE('',(#10013),#10024,.F.);
#10013 = FACE_BOUND('',#10014,.T.);
#10014 = EDGE_LOOP('',(#10015,#10016,#10022,#10023));
#10015 = ORIENTED_EDGE('',*,*,#9387,.T.);
#10016 = ORIENTED_EDGE('',*,*,#10017,.T.);
#10017 = EDGE_CURVE('',#9388,#9631,#10018,.T.);
#10018 = LINE('',#10019,#10020);
#10019 = CARTESIAN_POINT('',(178.01,-62.38,-4.6E-02));
#10020 = VECTOR('',#10021,1.);
#10021 = DIRECTION('',(0.,0.,1.));
#10022 = ORIENTED_EDGE('',*,*,#9630,.F.);
#10023 = ORIENTED_EDGE('',*,*,#10017,.F.);
#10024 = CYLINDRICAL_SURFACE('',#10025,0.4);
#10025 = AXIS2_PLACEMENT_3D('',#10026,#10027,#10028);
#10026 = CARTESIAN_POINT('',(178.01,-61.98,-4.6E-02));
#10027 = DIRECTION('',(-0.,-0.,-1.));
#10028 = DIRECTION('',(-0.,-1.,0.));
#10029 = ( GEOMETRIC_REPRESENTATION_CONTEXT(3) 
GLOBAL_UNCERTAINTY_ASSIGNED_CONTEXT((#10033)) 
GLOBAL_UNIT_ASSIGNED_CONTEXT((#10030,#10031,#10032)) 
REPRESENTATION_CONTEXT('Context #1',
  '3D Context with UNIT and UNCERTAINTY') );
#10030 = ( LENGTH_UNIT() NAMED_UNIT(*) SI_UNIT(.MILLI.,.METRE.) );
#10031 = ( NAMED_UNIT(*) PLANE_ANGLE_UNIT() SI_UNIT($,.RADIAN.) );
#10032 = ( NAMED_UNIT(*) SI_UNIT($,.STERADIAN.) SOLID_ANGLE_UNIT() );
#10033 = UNCERTAINTY_MEASURE_WITH_UNIT(LENGTH_MEASURE(1.E-07),#10030,
  'distance_accuracy_value','confusion accuracy');
#10034 = CONTEXT_DEPENDENT_SHAPE_REPRESENTATION(#10035,#10037);
#10035 = ( REPRESENTATION_RELATIONSHIP('','',#9052,#10) 
REPRESENTATION_RELATIONSHIP_WITH_TRANSFORMATION(#10036) 
SHAPE_REPRESENTATION_RELATIONSHIP() );
#10036 = ITEM_DEFINED_TRANSFORMATION('','',#11,#39);
#10037 = PRODUCT_DEFINITION_SHAPE('Placement','Placement of an item',
  #10038);
#10038 = NEXT_ASSEMBLY_USAGE_OCCURRENCE('7','=>[0:1:1:7]','',#5,#9047,$
  );
#10039 = PRODUCT_RELATED_PRODUCT_CATEGORY('part',$,(#9049));
#10040 = MECHANICAL_DESIGN_GEOMETRIC_PRESENTATION_REPRESENTATION('',(
    #10041),#10029);
#10041 = STYLED_ITEM('color',(#10042),#9053);
#10042 = PRESENTATION_STYLE_ASSIGNMENT((#10043));
#10043 = SURFACE_STYLE_USAGE(.BOTH.,#10044);
#10044 = SURFACE_SIDE_STYLE('',(#10045));
#10045 = SURFACE_STYLE_FILL_AREA(#10046);
#10046 = FILL_AREA_STYLE('',(#10047));
#10047 = FILL_AREA_STYLE_COLOUR('',#10048);
#10048 = COLOUR_RGB('',0.313304153717,0.484529207832,0.410020903123);
ENDSEC;
END-ISO-10303-21;
